CF_Clu_DrvDrSw,0,1595994380.9103189
CF_Clu_DrvDrSw,0,1595994381.307709
CF_Clu_DrvDrSw,0,1595994382.806881
CF_Clu_DrvDrSw,0,1595994383.4053981
CF_Clu_DrvDrSw,0,1595994384.1053019
CF_Clu_DrvDrSw,0,1595994384.203583
CF_Clu_DrvDrSw,0,1595994384.6049652
CF_Clu_DrvDrSw,0,1595994385.0029109
CF_Clu_DrvDrSw,0,1595994385.203048
CF_Clu_DrvDrSw,0,1595994385.9032052
CF_Clu_DrvDrSw,0,1595994386.1040301
CF_Clu_DrvDrSw,0,1595994386.90267
CF_Clu_DrvDrSw,0,1595994387.803751
CF_Clu_DrvDrSw,0,1595994388.000972
CF_Clu_DrvDrSw,0,1595994388.2013626
CF_Clu_DrvDrSw,0,1595994388.7990124
CF_Clu_DrvDrSw,0,1595994388.999594
CF_Clu_DrvDrSw,0,1595994391.297426
CF_Clu_DrvDrSw,0,1595994392.19458
CF_Clu_DrvDrSw,0,1595994392.4946294
CF_Clu_DrvDrSw,0,1595994393.194056
CF_Clu_DrvDrSw,0,1595994394.091577
CF_Clu_DrvDrSw,0,1595994394.394046
CF_Clu_DrvDrSw,0,1595994395.9915
CF_Clu_DrvDrSw,0,1595994396.69248
CF_Clu_DrvDrSw,0,1595994399.886542
CF_Clu_DrvDrSw,0,1595994400.484601
CF_Clu_DrvDrSw,0,1595994401.082649
CF_Clu_DrvDrSw,0,1595994401.4837608
CF_Clu_DrvDrSw,0,1595994401.7826614
CF_Clu_DrvDrSw,0,1595994403.5813062
CF_Clu_DrvDrSw,0,1595994404.080966
CF_Clu_DrvDrSw,0,1595994407.775744
CF_Clu_DrvDrSw,0,1595994409.37275
CF_Clu_DrvDrSw,0,1595994409.7736874
CF_Clu_DrvDrSw,0,1595994410.2732954
CF_Clu_DrvDrSw,0,1595994410.7730038
CF_Clu_DrvDrSw,0,1595994411.473342
CF_Clu_DrvDrSw,0,1595994413.566732
CF_Clu_DrvDrSw,0,1595994413.67294
CF_Clu_DrvDrSw,0,1595994413.967718
CF_Clu_DrvDrSw,0,1595994414.2670438
CF_Clu_DrvDrSw,0,1595994414.467524
CF_Clu_DrvDrSw,0,1595994414.566166
CF_Clu_DrvDrSw,0,1595994414.967135
CF_Clu_DrvDrSw,0,1595994416.265505
CF_Clu_DrvDrSw,0,1595994416.5647962
CF_Clu_DrvDrSw,0,1595994416.863938
CF_Clu_DrvDrSw,0,1595994418.763869
CF_Clu_DrvDrSw,0,1595994418.862564
CF_Clu_DrvDrSw,0,1595994419.1616552
CF_Clu_DrvDrSw,0,1595994421.1611981
CF_Clu_DrvDrSw,0,1595994421.958909
CF_Clu_DrvDrSw,0,1595994422.2578
CF_Clu_DrvDrSw,0,1595994422.6593668
CF_Clu_DrvDrSw,0,1595994423.155083
CF_Clu_DrvDrSw,0,1595994423.7567198
CF_Clu_DrvDrSw,0,1595994424.154507
CF_Clu_DrvDrSw,0,1595994426.652603
CF_Clu_DrvDrSw,0,1595994426.951596
CF_Clu_DrvDrSw,0,1595994427.35303
CF_Clu_DrvDrSw,0,1595994427.6520364
CF_Clu_DrvDrSw,0,1595994428.348655
CF_Clu_DrvDrSw,0,1595994429.74887
CF_Clu_DrvDrSw,0,1595994429.9495091
CF_Clu_DrvDrSw,0,1595994430.047931
CF_Clu_DrvDrSw,0,1595994430.2485929
CF_Clu_DrvDrSw,0,1595994432.6446538
CF_Clu_DrvDrSw,0,1595994433.144498
CF_Clu_DrvDrSw,0,1595994434.541997
CF_Clu_DrvDrSw,0,1595994435.041749
CF_Clu_DrvDrSw,0,1595994437.338881
CF_Clu_DrvDrSw,0,1595994437.744092
CF_Clu_DrvDrSw,0,1595994442.831367
CF_Clu_DrvDrSw,0,1595994444.1297214
CF_Clu_DrvDrSw,0,1595994447.227058
CF_Clu_DrvDrSw,0,1595994450.420901
CF_Clu_DrvDrSw,0,1595994450.621618
CF_Clu_DrvDrSw,0,1595994451.722869
CF_Clu_DrvDrSw,0,1595994452.0219529
CF_Clu_DrvDrSw,0,1595994452.124367
CF_Clu_DrvDrSw,0,1595994454.020682
CF_Clu_DrvDrSw,0,1595994454.221494
CF_Clu_DrvDrSw,0,1595994456.1176682
CF_Clu_DrvDrSw,0,1595994457.9120538
CF_Clu_DrvDrSw,0,1595994458.4118972
CF_Clu_DrvDrSw,0,1595994458.5136712
CF_Clu_DrvDrSw,0,1595994460.3117812
CF_Clu_DrvDrSw,0,1595994460.512585
CF_Clu_DrvDrSw,0,1595994461.2128391
CF_Clu_DrvDrSw,0,1595994461.409719
CF_Clu_DrvDrSw,0,1595994462.806747
CF_Clu_DrvDrSw,0,1595994463.506626
CF_Clu_DrvDrSw,0,1595994463.7073882
CF_Clu_DrvDrSw,0,1595994463.908247
CF_Clu_DrvDrSw,0,1595994464.407659
CF_Clu_DrvDrSw,0,1595994464.604626
CF_Clu_DrvDrSw,0,1595994468.3026981
CF_Clu_DrvDrSw,0,1595994468.503416
CF_Clu_DrvDrSw,0,1595994468.7003212
CF_Clu_DrvDrSw,0,1595994471.596307
CF_Clu_DrvDrSw,0,1595994472.595225
CF_Clu_DrvDrSw,0,1595994473.594493
CF_Clu_DrvDrSw,0,1595994473.795209
CF_Clu_DrvDrSw,0,1595994473.893853
CF_Clu_DrvDrSw,0,1595994474.692538
CF_Clu_DrvDrSw,0,1595994474.991841
CF_Clu_DrvDrSw,0,1595994476.2902892
CF_Clu_DrvDrSw,0,1595994476.891928
CF_Clu_DrvDrSw,0,1595994477.1918988
CF_Clu_DrvDrSw,0,1595994477.391511
CF_Clu_DrvDrSw,0,1595994478.9886248
CF_Clu_DrvDrSw,0,1595994479.488647
CF_Clu_DrvDrSw,0,1595994480.0865018
CF_Clu_DrvDrSw,0,1595994480.586267
CF_Clu_DrvDrSw,0,1595994481.184083
CF_Clu_DrvDrSw,0,1595994481.9831538
CF_Clu_DrvDrSw,0,1595994482.584765
CF_Clu_DrvDrSw,0,1595994483.481792
CF_Clu_DrvDrSw,0,1595994483.781117
CF_Clu_DrvDrSw,0,1595994484.280469
CF_Clu_DrvDrSw,0,1595994486.2797902
CF_Clu_DrvDrSw,0,1595994486.680526
CF_Clu_DrvDrSw,0,1595994487.476474
CF_Clu_DrvDrSw,0,1595994487.577598
CF_Clu_DrvDrSw,0,1595994488.4749448
CF_Clu_DrvDrSw,0,1595994491.3711526
CF_Clu_DrvDrSw,0,1595994491.5714614
CF_Clu_DrvDrSw,0,1595994492.0707722
CF_Clu_DrvDrSw,0,1595994493.668928
CF_Clu_DrvDrSw,0,1595994494.671475
CF_Clu_DrvDrSw,0,1595994495.3718288
CF_Clu_DrvDrSw,0,1595994495.670979
CF_Clu_DrvDrSw,0,1595994496.064395
CF_Clu_DrvDrSw,0,1595994496.9651682
CF_Clu_DrvDrSw,0,1595994497.464836
CF_Clu_DrvDrSw,0,1595994498.7631626
CF_Clu_DrvDrSw,0,1595994499.5619366
CF_Clu_DrvDrSw,0,1595994499.7625222
CF_Clu_DrvDrSw,0,1595994500.5612988
CF_Clu_DrvDrSw,0,1595994501.8599892
CF_Clu_DrvDrSw,0,1595994502.2611444
CF_Clu_DrvDrSw,0,1595994502.958476
CF_Clu_DrvDrSw,0,1595994507.2537868
CF_Clu_DrvDrSw,0,1595994508.351534
CF_Clu_DrvDrSw,0,1595994508.851166
CF_Clu_DrvDrSw,0,1595994509.948902
CF_Clu_DrvDrSw,0,1595994512.545582
CF_Clu_DrvDrSw,0,1595994514.4433851
CF_Clu_DrvDrSw,0,1595994514.745007
CF_Clu_DrvDrSw,0,1595994517.3418374
CF_Clu_DrvDrSw,0,1595994519.639642
CF_Clu_DrvDrSw,0,1595994520.0369668
CF_Clu_DrvDrSw,0,1595994520.5365632
CF_Clu_DrvDrSw,0,1595994521.8350751
CF_Clu_DrvDrSw,0,1595994523.432258
CF_Clu_DrvDrSw,0,1595994524.530185
CF_Clu_DrvDrSw,0,1595994525.7299774
CF_Clu_DrvDrSw,0,1595994525.8287358
CF_Clu_DrvDrSw,0,1595994526.926673
CF_Clu_DrvDrSw,0,1595994527.929717
CF_Clu_DrvDrSw,0,1595994530.424196
CF_Clu_DrvDrSw,0,1595994530.5227818
CF_Clu_DrvDrSw,0,1595994531.7221918
CF_Clu_DrvDrSw,0,1595994533.4218528
CF_Clu_DrvDrSw,0,1595994533.5202188
CF_Clu_DrvDrSw,0,1595994533.619188
CF_Clu_DrvDrSw,0,1595994534.220584
CF_Clu_DrvDrSw,0,1595994536.415968
CF_Clu_DrvDrSw,0,1595994538.812397
CF_Clu_DrvDrSw,0,1595994539.913642
CF_Clu_DrvDrSw,0,1595994542.8095126
CF_Clu_DrvDrSw,0,1595994545.607028
CF_Clu_DrvDrSw,0,1595994548.9004712
CF_Clu_DrvDrSw,0,1595994549.4982948
CF_Clu_DrvDrSw,0,1595994552.1973438
CF_Clu_DrvDrSw,0,1595994553.196342
CF_Clu_DrvDrSw,0,1595994555.6948018
CF_Clu_DrvDrSw,0,1595994556.4906292
CF_Clu_DrvDrSw,0,1595994557.890646
CF_Clu_DrvDrSw,0,1595994557.98932
CF_Clu_DrvDrSw,0,1595994558.390178
CF_Clu_DrvDrSw,0,1595994560.687688
CF_Clu_DrvDrSw,0,1595994562.285003
CF_Clu_DrvDrSw,0,1595994562.485695
CF_Clu_DrvDrSw,0,1595994568.879243
CF_Clu_DrvDrSw,0,1595994569.776293
CF_Clu_DrvDrSw,0,1595994570.9724312
CF_Clu_DrvDrSw,0,1595994571.2718349
CF_Clu_DrvDrSw,0,1595994573.470645
CF_Clu_DrvDrSw,0,1595994575.268713
CF_Clu_DrvDrSw,0,1595994575.666259
CF_Clu_DrvDrSw,0,1595994578.963059
CF_Clu_DrvDrSw,0,1595994579.462765
CF_Clu_DrvDrSw,0,1595994580.4621706
CF_Clu_DrvDrSw,0,1595994581.26093
CF_Clu_DrvDrSw,0,1595994581.859168
CF_Clu_DrvDrSw,0,1595994581.961144
CF_Clu_DrvDrSw,0,1595994584.758676
CF_Clu_DrvDrSw,0,1595994585.954819
CF_Clu_DrvDrSw,0,1595994587.453623
CF_Clu_DrvDrSw,0,1595994589.550796
CF_Clu_DrvDrSw,0,1595994590.3495958
CF_Clu_DrvDrSw,0,1595994590.550327
CF_Clu_DrvDrSw,0,1595994590.94787
CF_Clu_DrvDrSw,0,1595994591.2467961
CF_Clu_DrvDrSw,0,1595994592.4468546
CF_Clu_DrvDrSw,0,1595994592.946197
CF_Clu_DrvDrSw,0,1595994593.2455294
CF_Clu_DrvDrSw,0,1595994595.6418931
CF_Clu_DrvDrSw,0,1595994597.939922
CF_Clu_DrvDrSw,0,1595994598.0414732
CF_Clu_DrvDrSw,0,1595994598.23826
CF_Clu_DrvDrSw,0,1595994598.7385151
CF_Clu_DrvDrSw,0,1595994600.04015
CF_Clu_DrvDrSw,0,1595994600.13856
CF_Clu_DrvDrSw,0,1595994601.137891
CF_Clu_DrvDrSw,0,1595994601.338436
CF_Clu_DrvDrSw,0,1595994604.533181
CF_Clu_DrvDrSw,0,1595994606.331181
CF_Clu_DrvDrSw,0,1595994608.927934
CF_Clu_DrvDrSw,0,1595994609.325579
CF_Clu_DrvDrSw,0,1595994609.825286
CF_Clu_DrvDrSw,0,1595994612.32335
CF_Clu_DrvDrSw,0,1595994612.8232071
CF_Clu_DrvDrSw,0,1595994613.819335
CF_Clu_DrvDrSw,0,1595994614.2198288
CF_Clu_DrvDrSw,0,1595994615.718848
CF_Clu_DrvDrSw,0,1595994616.120203
CF_Clu_DrvDrSw,0,1595994617.119504
CF_Clu_DrvDrSw,0,1595994618.614604
CF_Clu_DrvDrSw,0,1595994619.012198
CF_Clu_DrvDrSw,0,1595994622.608006
CF_Clu_DrvDrSw,0,1595994623.308382
CF_Clu_DrvDrSw,0,1595994623.608054
CF_Clu_DrvDrSw,0,1595994623.808046
CF_Clu_DrvDrSw,0,1595994624.107418
CF_Clu_DrvDrSw,0,1595994625.8072598
CF_Clu_DrvDrSw,0,1595994626.503635
CF_Clu_DrvDrSw,0,1595994626.904599
CF_Clu_DrvDrSw,0,1595994627.502636
CF_Clu_DrvDrSw,0,1595994630.3990061
CF_Clu_DrvDrSw,0,1595994631.598353
CF_Clu_DrvDrSw,0,1595994632.298719
CF_Clu_DrvDrSw,0,1595994632.397235
CF_Clu_DrvDrSw,0,1595994637.692675
CF_Clu_DrvDrSw,0,1595994639.189042
CF_Clu_DrvDrSw,0,1595994640.789525
CF_Clu_DrvDrSw,0,1595994641.584233
CF_Clu_DrvDrSw,0,1595994642.587329
CF_Clu_DrvDrSw,0,1595994645.278521
CF_Clu_DrvDrSw,0,1595994646.1796126
CF_Clu_DrvDrSw,0,1595994646.679009
CF_Clu_DrvDrSw,0,1595994647.277354
CF_Clu_DrvDrSw,0,1595994647.3792892
CF_Clu_DrvDrSw,0,1595994648.878308
CF_Clu_DrvDrSw,0,1595994649.2757812
CF_Clu_DrvDrSw,0,1595994649.779413
CF_Clu_DrvDrSw,0,1595994650.8775141
CF_Clu_DrvDrSw,0,1595994652.07321
CF_Clu_DrvDrSw,0,1595994652.172513
CF_Clu_DrvDrSw,0,1595994652.872172
CF_Clu_DrvDrSw,0,1595994653.4701722
CF_Clu_DrvDrSw,0,1595994653.769175
CF_Clu_DrvDrSw,0,1595994654.670076
CF_Clu_DrvDrSw,0,1595994654.76863
CF_Clu_DrvDrSw,0,1595994655.4686902
CF_Clu_DrvDrSw,0,1595994655.669222
CF_Clu_DrvDrSw,0,1595994656.067039
CF_Clu_DrvDrSw,0,1595994658.0693538
CF_Clu_DrvDrSw,0,1595994658.368492
CF_Clu_DrvDrSw,0,1595994658.66732
CF_Clu_DrvDrSw,0,1595994658.7657108
CF_Clu_DrvDrSw,0,1595994660.2609768
CF_Clu_DrvDrSw,0,1595994661.362356
CF_Clu_DrvDrSw,0,1595994663.857198
CF_Clu_DrvDrSw,0,1595994666.5599198
CF_Clu_DrvDrSw,0,1595994666.957301
CF_Clu_DrvDrSw,0,1595994667.952684
CF_Clu_DrvDrSw,0,1595994668.0513551
CF_Clu_DrvDrSw,0,1595994669.6522794
CF_Clu_DrvDrSw,0,1595994669.849387
CF_Clu_DrvDrSw,0,1595994671.450302
CF_Clu_DrvDrSw,0,1595994672.1507466
CF_Clu_DrvDrSw,0,1595994672.646414
CF_Clu_DrvDrSw,0,1595994672.94565
CF_Clu_DrvDrSw,0,1595994673.445363
CF_Clu_DrvDrSw,0,1595994673.547482
CF_Clu_DrvDrSw,0,1595994674.845765
CF_Clu_DrvDrSw,0,1595994675.742812
CF_Clu_DrvDrSw,0,1595994676.1404538
CF_Clu_DrvDrSw,0,1595994676.643798
CF_Clu_DrvDrSw,0,1595994677.841158
CF_Clu_DrvDrSw,0,1595994679.2406461
CF_Clu_DrvDrSw,0,1595994682.1364238
CF_Clu_DrvDrSw,0,1595994683.0340788
CF_Clu_DrvDrSw,0,1595994686.429064
CF_Clu_DrvDrSw,0,1595994687.1291454
CF_Clu_DrvDrSw,0,1595994688.128417
CF_Clu_DrvDrSw,0,1595994688.5297642
CF_Clu_DrvDrSw,0,1595994688.92707
CF_Clu_DrvDrSw,0,1595994691.0250602
CF_Clu_DrvDrSw,0,1595994692.720532
CF_Clu_DrvDrSw,0,1595994695.018027
CF_Clu_DrvDrSw,0,1595994695.120236
CF_Clu_DrvDrSw,0,1595994695.918693
CF_Clu_DrvDrSw,0,1595994697.81516
CF_Clu_DrvDrSw,0,1595994698.814467
CF_Clu_DrvDrSw,0,1595994698.916818
CF_Clu_DrvDrSw,0,1595994700.7154448
CF_Clu_DrvDrSw,0,1595994701.2107859
CF_Clu_DrvDrSw,0,1595994701.4111269
CF_Clu_DrvDrSw,0,1595994702.709567
CF_Clu_DrvDrSw,0,1595994702.910167
CF_Clu_DrvDrSw,0,1595994706.006618
CF_Clu_DrvDrSw,0,1595994706.9039311
CF_Clu_DrvDrSw,0,1595994707.404298
CF_Clu_DrvDrSw,0,1595994707.706309
CF_Clu_DrvDrSw,0,1595994708.005722
CF_Clu_DrvDrSw,0,1595994708.603565
CF_Clu_DrvDrSw,0,1595994711.097735
CF_Clu_DrvDrSw,0,1595994711.3971
CF_Clu_DrvDrSw,0,1595994713.297178
CF_Clu_DrvDrSw,0,1595994714.497165
CF_Clu_DrvDrSw,0,1595994718.1916149
CF_Clu_DrvDrSw,0,1595994719.4899476
CF_Clu_DrvDrSw,0,1595994720.088403
CF_Clu_DrvDrSw,0,1595994720.289066
CF_Clu_DrvDrSw,0,1595994720.588056
CF_Clu_DrvDrSw,0,1595994722.185186
CF_Clu_DrvDrSw,0,1595994724.581581
CF_Clu_DrvDrSw,0,1595994725.081525
CF_Clu_DrvDrSw,0,1595994725.781416
CF_Clu_DrvDrSw,0,1595994725.880105
CF_Clu_DrvDrSw,0,1595994727.079537
CF_Clu_DrvDrSw,0,1595994727.878292
CF_Clu_DrvDrSw,0,1595994728.177206
CF_Clu_DrvDrSw,0,1595994728.3778932
CF_Clu_DrvDrSw,0,1595994729.078321
CF_Clu_DrvDrSw,0,1595994730.7739048
CF_Clu_DrvDrSw,0,1595994731.474654
CF_Clu_DrvDrSw,0,1595994733.371069
CF_Clu_DrvDrSw,0,1595994733.670547
CF_Clu_DrvDrSw,0,1595994734.170531
CF_Clu_DrvDrSw,0,1595994736.0700202
CF_Clu_DrvDrSw,0,1595994738.364152
CF_Clu_DrvDrSw,0,1595994739.564075
CF_Clu_DrvDrSw,0,1595994741.763134
CF_Clu_DrvDrSw,0,1595994742.360918
CF_Clu_DrvDrSw,0,1595994743.958364
CF_Clu_DrvDrSw,0,1595994744.556706
CF_Clu_DrvDrSw,0,1595994746.354775
CF_Clu_DrvDrSw,0,1595994747.255518
CF_Clu_DrvDrSw,0,1595994748.2550108
CF_Clu_DrvDrSw,0,1595994749.352733
CF_Clu_DrvDrSw,0,1595994752.248291
CF_Clu_DrvDrSw,0,1595994752.8469398
CF_Clu_DrvDrSw,0,1595994753.047065
CF_Clu_DrvDrSw,0,1595994754.5460212
CF_Clu_DrvDrSw,0,1595994755.344605
CF_Clu_DrvDrSw,0,1595994755.7422569
CF_Clu_DrvDrSw,0,1595994756.044949
CF_Clu_DrvDrSw,0,1595994756.442606
CF_Clu_DrvDrSw,0,1595994757.445868
CF_Clu_DrvDrSw,0,1595994759.23976
CF_Clu_DrvDrSw,0,1595994760.936366
CF_Clu_DrvDrSw,0,1595994761.5377128
CF_Clu_DrvDrSw,0,1595994762.4347851
CF_Clu_DrvDrSw,0,1595994762.537133
CF_Clu_DrvDrSw,0,1595994763.2336369
CF_Clu_DrvDrSw,0,1595994763.434386
CF_Clu_DrvDrSw,0,1595994764.0359206
CF_Clu_DrvDrSw,0,1595994765.133523
CF_Clu_DrvDrSw,0,1595994765.236473
CF_Clu_DrvDrSw,0,1595994765.4326036
CF_Clu_DrvDrSw,0,1595994766.0306716
CF_Clu_DrvDrSw,0,1595994766.2313712
CF_Clu_DrvDrSw,0,1595994767.230743
CF_Clu_DrvDrSw,0,1595994767.730429
CF_Clu_DrvDrSw,0,1595994769.725394
CF_Clu_DrvDrSw,0,1595994770.8229759
CF_Clu_DrvDrSw,0,1595994771.0239842
CF_Clu_DrvDrSw,0,1595994776.217231
CF_Clu_DrvDrSw,0,1595994776.717193
CF_Clu_DrvDrSw,0,1595994778.117337
CF_Clu_DrvDrSw,0,1595994778.8140519
CF_Clu_DrvDrSw,0,1595994778.916415
CF_Clu_DrvDrSw,0,1595994779.4156551
CF_Clu_DrvDrSw,0,1595994780.61199
CF_Clu_DrvDrSw,0,1595994781.213894
CF_Clu_DrvDrSw,0,1595994782.4099948
CF_Clu_DrvDrSw,0,1595994782.610399
CF_Clu_DrvDrSw,0,1595994783.1100428
CF_Clu_DrvDrSw,0,1595994784.007605
CF_Clu_DrvDrSw,0,1595994785.1087306
CF_Clu_DrvDrSw,0,1595994785.506167
CF_Clu_DrvDrSw,0,1595994786.206553
CF_Clu_DrvDrSw,0,1595994786.3088071
CF_Clu_DrvDrSw,0,1595994788.2020051
CF_Clu_DrvDrSw,0,1595994789.700775
CF_Clu_DrvDrSw,0,1595994791.400032
CF_Clu_DrvDrSw,0,1595994792.6984198
CF_Clu_DrvDrSw,0,1595994793.99684
CF_Clu_DrvDrSw,0,1595994794.59475
CF_Clu_DrvDrSw,0,1595994795.79475
CF_Clu_DrvDrSw,0,1595994796.892458
CF_Clu_DrvDrSw,0,1595994799.288918
CF_Clu_DrvDrSw,0,1595994801.287615
CF_Clu_DrvDrSw,0,1595994801.6885
CF_Clu_DrvDrSw,0,1595994802.286999
CF_Clu_DrvDrSw,0,1595994803.2862806
CF_Clu_DrvDrSw,0,1595994803.786057
CF_Clu_DrvDrSw,0,1595994806.878429
CF_Clu_DrvDrSw,0,1595994807.279535
CF_Clu_DrvDrSw,0,1595994807.377989
CF_Clu_DrvDrSw,0,1595994811.375154
CF_Clu_DrvDrSw,0,1595994811.973702
CF_Clu_DrvDrSw,0,1595994812.0754626
CF_Clu_DrvDrSw,0,1595994813.0724142
CF_Clu_DrvDrSw,0,1595994813.37393
CF_Clu_DrvDrSw,0,1595994814.668988
CF_Clu_DrvDrSw,0,1595994815.470946
CF_Clu_DrvDrSw,0,1595994815.569781
CF_Clu_DrvDrSw,0,1595994816.368312
CF_Clu_DrvDrSw,0,1595994816.667068
CF_Clu_DrvDrSw,0,1595994817.867063
CF_Clu_DrvDrSw,0,1595994819.2642481
CF_Clu_DrvDrSw,0,1595994820.463783
CF_Clu_DrvDrSw,0,1595994820.865141
CF_Clu_DrvDrSw,0,1595994821.463265
CF_Clu_DrvDrSw,0,1595994824.059892
CF_Clu_DrvDrSw,0,1595994825.0556052
CF_Clu_DrvDrSw,0,1595994825.358301
CF_Clu_DrvDrSw,0,1595994825.956344
CF_Clu_DrvDrSw,0,1595994827.054764
CF_Clu_DrvDrSw,0,1595994828.852639
CF_Clu_DrvDrSw,0,1595994829.55356
CF_Clu_DrvDrSw,0,1595994829.9537568
CF_Clu_DrvDrSw,0,1595994832.947813
CF_Clu_DrvDrSw,0,1595994833.447492
CF_Clu_DrvDrSw,0,1595994833.545954
CF_Clu_DrvDrSw,0,1595994835.843565
CF_Clu_DrvDrSw,0,1595994836.543844
CF_Clu_DrvDrSw,0,1595994839.140529
CF_Clu_DrvDrSw,0,1595994840.1399329
CF_Clu_DrvDrSw,0,1595994841.237658
CF_Clu_DrvDrSw,0,1595994841.737377
CF_Clu_DrvDrSw,0,1595994841.836978
CF_Clu_DrvDrSw,0,1595994842.3358018
CF_Clu_DrvDrSw,0,1595994843.933227
CF_Clu_DrvDrSw,0,1595994844.0350466
CF_Clu_DrvDrSw,0,1595994844.133589
CF_Clu_DrvDrSw,0,1595994844.7319179
CF_Clu_DrvDrSw,0,1595994844.932141
CF_Clu_DrvDrSw,0,1595994846.132106
CF_Clu_DrvDrSw,0,1595994847.328674
CF_Clu_DrvDrSw,0,1595994849.527615
CF_Clu_DrvDrSw,0,1595994849.62588
CF_Clu_DrvDrSw,0,1595994849.929004
CF_Clu_DrvDrSw,0,1595994851.923668
CF_Clu_DrvDrSw,0,1595994852.324906
CF_Clu_DrvDrSw,0,1595994852.4233909
CF_Clu_DrvDrSw,0,1595994853.422879
CF_Clu_DrvDrSw,0,1595994854.524372
CF_Clu_DrvDrSw,0,1595994858.11664
CF_Clu_DrvDrSw,0,1595994860.713257
CF_Clu_DrvDrSw,0,1595994861.413653
CF_Clu_DrvDrSw,0,1595994862.212301
CF_Clu_DrvDrSw,0,1595994864.207242
CF_Clu_DrvDrSw,0,1595994864.509944
CF_Clu_DrvDrSw,0,1595994867.0044026
CF_Clu_DrvDrSw,0,1595994867.6033778
CF_Clu_DrvDrSw,0,1595994867.90558
CF_Clu_DrvDrSw,0,1595994868.303741
CF_Clu_DrvDrSw,0,1595994870.1019359
CF_Clu_DrvDrSw,0,1595994872.099587
CF_Clu_DrvDrSw,0,1595994872.19824
CF_Clu_DrvDrSw,0,1595994872.3985212
CF_Clu_DrvDrSw,0,1595994872.697608
CF_Clu_DrvDrSw,0,1595994873.3979619
CF_Clu_DrvDrSw,0,1595994874.196616
CF_Clu_DrvDrSw,0,1595994874.5943642
CF_Clu_DrvDrSw,0,1595994875.495007
CF_Clu_DrvDrSw,0,1595994875.794674
CF_Clu_DrvDrSw,0,1595994876.093178
CF_Clu_DrvDrSw,0,1595994877.391598
CF_Clu_DrvDrSw,0,1595994878.6939242
CF_Clu_DrvDrSw,0,1595994879.4888694
CF_Clu_DrvDrSw,0,1595994880.090376
CF_Clu_DrvDrSw,0,1595994881.086608
CF_Clu_DrvDrSw,0,1595994884.3828769
CF_Clu_DrvDrSw,0,1595994885.083354
CF_Clu_DrvDrSw,0,1595994886.980148
CF_Clu_DrvDrSw,0,1595994887.979025
CF_Clu_DrvDrSw,0,1595994888.4787114
CF_Clu_DrvDrSw,0,1595994892.972207
CF_Clu_DrvDrSw,0,1595994893.373065
CF_Clu_DrvDrSw,0,1595994893.770755
CF_Clu_DrvDrSw,0,1595994893.8727689
CF_Clu_DrvDrSw,0,1595994894.069963
CF_Clu_DrvDrSw,0,1595994894.171882
CF_Clu_DrvDrSw,0,1595994897.768219
CF_Clu_DrvDrSw,0,1595994898.067227
CF_Clu_DrvDrSw,0,1595994898.1657882
CF_Clu_DrvDrSw,0,1595994898.566705
CF_Clu_DrvDrSw,0,1595994898.763677
CF_Clu_DrvDrSw,0,1595994899.8648849
CF_Clu_DrvDrSw,0,1595994901.7614589
CF_Clu_DrvDrSw,0,1595994902.2610726
CF_Clu_DrvDrSw,0,1595994904.857734
CF_Clu_DrvDrSw,0,1595994905.157134
CF_Clu_DrvDrSw,0,1595994905.2590148
CF_Clu_DrvDrSw,0,1595994906.655733
CF_Clu_DrvDrSw,0,1595994906.955384
CF_Clu_DrvDrSw,0,1595994909.453175
CF_Clu_DrvDrSw,0,1595994912.050106
CF_Clu_DrvDrSw,0,1595994912.2470632
CF_Clu_DrvDrSw,0,1595994916.944543
CF_Clu_DrvDrSw,0,1595994917.3417866
CF_Clu_DrvDrSw,0,1595994917.5423741
CF_Clu_DrvDrSw,0,1595994918.541707
CF_Clu_DrvDrSw,0,1595994920.8394198
CF_Clu_DrvDrSw,0,1595994921.9373028
CF_Clu_DrvDrSw,0,1595994922.33593
CF_Clu_DrvDrSw,0,1595994922.8357038
CF_Clu_DrvDrSw,0,1595994924.1334689
CF_Clu_DrvDrSw,0,1595994924.8332102
CF_Clu_DrvDrSw,0,1595994926.332048
CF_Clu_DrvDrSw,0,1595994926.430395
CF_Clu_DrvDrSw,0,1595994926.532856
CF_Clu_DrvDrSw,0,1595994927.43003
CF_Clu_DrvDrSw,0,1595994929.825995
CF_Clu_DrvDrSw,0,1595994931.9231448
CF_Clu_DrvDrSw,0,1595994933.2215931
CF_Clu_DrvDrSw,0,1595994936.0199919
CF_Clu_DrvDrSw,0,1595994936.518602
CF_Clu_DrvDrSw,0,1595994936.718909
CF_Clu_DrvDrSw,0,1595994938.418688
CF_Clu_DrvDrSw,0,1595994938.5135028
CF_Clu_DrvDrSw,0,1595994938.615484
CF_Clu_DrvDrSw,0,1595994941.613375
CF_Clu_DrvDrSw,0,1595994946.9053152
CF_Clu_DrvDrSw,0,1595994947.0035222
CF_Clu_DrvDrSw,0,1595994950.702087
CF_Clu_DrvDrSw,0,1595994952.5004642
CF_Clu_DrvDrSw,0,1595994954.2981038
CF_Clu_DrvDrSw,0,1595994955.395917
CF_Clu_DrvDrSw,0,1595994955.5964851
CF_Clu_DrvDrSw,0,1595994956.0924141
CF_Clu_DrvDrSw,0,1595994956.1946301
CF_Clu_DrvDrSw,0,1595994956.293202
CF_Clu_DrvDrSw,0,1595994956.69414
CF_Clu_DrvDrSw,0,1595994958.889528
CF_Clu_DrvDrSw,0,1595994959.389471
CF_Clu_DrvDrSw,0,1595994960.3888721
CF_Clu_DrvDrSw,0,1595994961.785675
CF_Clu_DrvDrSw,0,1595994963.5843859
CF_Clu_DrvDrSw,0,1595994963.9850712
CF_Clu_DrvDrSw,0,1595994965.58225
CF_Clu_DrvDrSw,0,1595994967.081017
CF_Clu_DrvDrSw,0,1595994967.978223
CF_Clu_DrvDrSw,0,1595994968.777506
CF_Clu_DrvDrSw,0,1595994969.5757651
CF_Clu_DrvDrSw,0,1595994969.77658
CF_Clu_DrvDrSw,0,1595994970.0757391
CF_Clu_DrvDrSw,0,1595994970.775531
CF_Clu_DrvDrSw,0,1595994971.6766431
CF_Clu_DrvDrSw,0,1595994971.8735008
CF_Clu_DrvDrSw,0,1595994972.573555
CF_Clu_DrvDrSw,0,1595994973.970732
CF_Clu_DrvDrSw,0,1595994974.572178
CF_Clu_DrvDrSw,0,1595994974.970051
CF_Clu_DrvDrSw,0,1595994976.472691
CF_Clu_DrvDrSw,0,1595994976.6694534
CF_Clu_DrvDrSw,0,1595994979.3645802
CF_Clu_DrvDrSw,0,1595994980.064932
CF_Clu_DrvDrSw,0,1595994982.559716
CF_Clu_DrvDrSw,0,1595994982.760256
CF_Clu_DrvDrSw,0,1595994984.258978
CF_Clu_DrvDrSw,0,1595994985.356606
CF_Clu_DrvDrSw,0,1595994985.455253
CF_Clu_DrvDrSw,0,1595994985.5572338
CF_Clu_DrvDrSw,0,1595994986.954272
CF_Clu_DrvDrSw,0,1595994989.3539698
CF_Clu_DrvDrSw,0,1595994991.350024
CF_Clu_DrvDrSw,0,1595994991.4477718
CF_Clu_DrvDrSw,0,1595994992.946731
CF_Clu_DrvDrSw,0,1595994993.151218
CF_Clu_DrvDrSw,0,1595994994.547616
CF_Clu_DrvDrSw,0,1595994994.9449546
CF_Clu_DrvDrSw,0,1595994998.0413132
CF_Clu_DrvDrSw,0,1595994999.1393962
CF_Clu_DrvDrSw,0,1595994999.937601
CF_Clu_DrvDrSw,0,1595995000.74035
CF_Clu_DrvDrSw,0,1595995001.236257
CF_Clu_DrvDrSw,0,1595995001.5353642
CF_Clu_DrvDrSw,0,1595995001.736094
CF_Clu_DrvDrSw,0,1595995002.9357069
CF_Clu_DrvDrSw,0,1595995005.332024
CF_Clu_DrvDrSw,0,1595995006.0321114
CF_Clu_DrvDrSw,0,1595995008.329887
CF_Clu_DrvDrSw,0,1595995009.427635
CF_Clu_DrvDrSw,0,1595995009.525923
CF_Clu_DrvDrSw,0,1595995010.824627
CF_Clu_DrvDrSw,0,1595995011.02492
CF_Clu_DrvDrSw,0,1595995011.12358
CF_Clu_DrvDrSw,0,1595995011.4225528
CF_Clu_DrvDrSw,0,1595995012.0242682
CF_Clu_DrvDrSw,0,1595995014.6209939
CF_Clu_DrvDrSw,0,1595995015.4198198
CF_Clu_DrvDrSw,0,1595995016.018121
CF_Clu_DrvDrSw,0,1595995017.21815
CF_Clu_DrvDrSw,0,1595995018.217248
CF_Clu_DrvDrSw,0,1595995018.516474
CF_Clu_DrvDrSw,0,1595995019.1143966
CF_Clu_DrvDrSw,0,1595995019.913249
CF_Clu_DrvDrSw,0,1595995023.009907
CF_Clu_DrvDrSw,0,1595995024.909908
CF_Clu_DrvDrSw,0,1595995026.007303
CF_Clu_DrvDrSw,0,1595995026.6053572
CF_Clu_DrvDrSw,0,1595995027.1050649
CF_Clu_DrvDrSw,0,1595995027.404084
CF_Clu_DrvDrSw,0,1595995027.5028741
CF_Clu_DrvDrSw,0,1595995032.098178
CF_Clu_DrvDrSw,0,1595995032.499566
CF_Clu_DrvDrSw,0,1595995032.597842
CF_Clu_DrvDrSw,0,1595995033.49893
CF_Clu_DrvDrSw,0,1595995033.895933
CF_Clu_DrvDrSw,0,1595995034.096731
CF_Clu_DrvDrSw,0,1595995034.3955472
CF_Clu_DrvDrSw,0,1595995034.596381
CF_Clu_DrvDrSw,0,1595995034.9940524
CF_Clu_DrvDrSw,0,1595995035.2931669
CF_Clu_DrvDrSw,0,1595995035.693934
CF_Clu_DrvDrSw,0,1595995036.3945131
CF_Clu_DrvDrSw,0,1595995037.291714
CF_Clu_DrvDrSw,0,1595995041.5880961
CF_Clu_DrvDrSw,0,1595995043.385877
CF_Clu_DrvDrSw,0,1595995047.981637
CF_Clu_DrvDrSw,0,1595995048.2805812
CF_Clu_DrvDrSw,0,1595995050.176724
CF_Clu_DrvDrSw,0,1595995050.377326
CF_Clu_DrvDrSw,0,1595995051.6758678
CF_Clu_DrvDrSw,0,1595995052.2737114
CF_Clu_DrvDrSw,0,1595995052.372355
CF_Clu_DrvDrSw,0,1595995052.4744391
CF_Clu_DrvDrSw,0,1595995054.370786
CF_Clu_DrvDrSw,0,1595995054.46954
CF_Clu_DrvDrSw,0,1595995054.870427
CF_Clu_DrvDrSw,0,1595995056.369562
CF_Clu_DrvDrSw,0,1595995056.767107
CF_Clu_DrvDrSw,0,1595995057.467526
CF_Clu_DrvDrSw,0,1595995059.064978
CF_Clu_DrvDrSw,0,1595995060.0642982
CF_Clu_DrvDrSw,0,1595995060.563978
CF_Clu_DrvDrSw,0,1595995065.359793
CF_Clu_DrvDrSw,0,1595995065.458128
CF_Clu_DrvDrSw,0,1595995066.7564359
CF_Clu_DrvDrSw,0,1595995067.256116
CF_Clu_DrvDrSw,0,1595995069.353154
CF_Clu_DrvDrSw,0,1595995069.553857
CF_Clu_DrvDrSw,0,1595995070.151959
CF_Clu_DrvDrSw,0,1595995070.250514
CF_Clu_DrvDrSw,0,1595995070.7498946
CF_Clu_DrvDrSw,0,1595995075.243384
CF_Clu_DrvDrSw,0,1595995075.3453538
CF_Clu_DrvDrSw,0,1595995075.8449972
CF_Clu_DrvDrSw,0,1595995076.242847
CF_Clu_DrvDrSw,0,1595995076.541731
CF_Clu_DrvDrSw,0,1595995077.3442
CF_Clu_DrvDrSw,0,1595995080.137791
CF_Clu_DrvDrSw,0,1595995081.538135
CF_Clu_DrvDrSw,0,1595995082.7346725
CF_Clu_DrvDrSw,0,1595995084.5331662
CF_Clu_DrvDrSw,0,1595995084.634596
CF_Clu_DrvDrSw,0,1595995085.732617
CF_Clu_DrvDrSw,0,1595995085.83471
CF_Clu_DrvDrSw,0,1595995087.6290188
CF_Clu_DrvDrSw,0,1595995088.726743
CF_Clu_DrvDrSw,0,1595995089.2263448
CF_Clu_DrvDrSw,0,1595995090.528426
CF_Clu_DrvDrSw,0,1595995092.424843
CF_Clu_DrvDrSw,0,1595995093.022857
CF_Clu_DrvDrSw,0,1595995095.021442
CF_Clu_DrvDrSw,0,1595995096.1192472
CF_Clu_DrvDrSw,0,1595995096.4182699
CF_Clu_DrvDrSw,0,1595995096.516918
CF_Clu_DrvDrSw,0,1595995097.2169118
CF_Clu_DrvDrSw,0,1595995098.4169052
CF_Clu_DrvDrSw,0,1595995099.41318
CF_Clu_DrvDrSw,0,1595995101.9108322
CF_Clu_DrvDrSw,0,1595995102.2101052
CF_Clu_DrvDrSw,0,1595995103.8110812
CF_Clu_DrvDrSw,0,1595995105.507315
CF_Clu_DrvDrSw,0,1595995107.50555
CF_Clu_DrvDrSw,0,1595995107.603939
CF_Clu_DrvDrSw,0,1595995108.701694
CF_Clu_DrvDrSw,0,1595995109.799677
CF_Clu_DrvDrSw,0,1595995114.9931462
CF_Clu_DrvDrSw,0,1595995116.7911649
CF_Clu_DrvDrSw,0,1595995117.093777
CF_Clu_DrvDrSw,0,1595995119.788918
CF_Clu_DrvDrSw,0,1595995120.190399
CF_Clu_DrvDrSw,0,1595995120.4891472
CF_Clu_DrvDrSw,0,1595995120.788188
CF_Clu_DrvDrSw,0,1595995124.5821462
CF_Clu_DrvDrSw,0,1595995126.481718
CF_Clu_DrvDrSw,0,1595995126.879623
CF_Clu_DrvDrSw,0,1595995128.8776069
CF_Clu_DrvDrSw,0,1595995129.2790868
CF_Clu_DrvDrSw,0,1595995129.774785
CF_Clu_DrvDrSw,0,1595995130.774205
CF_Clu_DrvDrSw,0,1595995131.4742448
CF_Clu_DrvDrSw,0,1595995132.973246
CF_Clu_DrvDrSw,0,1595995136.1679502
CF_Clu_DrvDrSw,0,1595995136.868294
CF_Clu_DrvDrSw,0,1595995136.9667099
CF_Clu_DrvDrSw,0,1595995137.568675
CF_Clu_DrvDrSw,0,1595995137.9660618
CF_Clu_DrvDrSw,0,1595995138.666751
CF_Clu_DrvDrSw,0,1595995139.166044
CF_Clu_DrvDrSw,0,1595995139.665843
CF_Clu_DrvDrSw,0,1595995139.7644126
CF_Clu_DrvDrSw,0,1595995140.162225
CF_Clu_DrvDrSw,0,1595995140.2641122
CF_Clu_DrvDrSw,0,1595995144.359589
CF_Clu_DrvDrSw,0,1595995146.5552359
CF_Clu_DrvDrSw,0,1595995146.8580642
CF_Clu_DrvDrSw,0,1595995147.45221
CF_Clu_DrvDrSw,0,1595995148.053956
CF_Clu_DrvDrSw,0,1595995148.4516358
CF_Clu_DrvDrSw,0,1595995148.651963
CF_Clu_DrvDrSw,0,1595995148.8526
CF_Clu_DrvDrSw,0,1595995149.151669
CF_Clu_DrvDrSw,0,1595995149.852028
CF_Clu_DrvDrSw,0,1595995150.151126
CF_Clu_DrvDrSw,0,1595995151.74849
CF_Clu_DrvDrSw,0,1595995151.847925
CF_Clu_DrvDrSw,0,1595995153.448388
CF_Clu_DrvDrSw,0,1595995153.747539
CF_Clu_DrvDrSw,0,1595995155.742238
CF_Clu_DrvDrSw,0,1595995156.143198
CF_Clu_DrvDrSw,0,1595995156.642924
CF_Clu_DrvDrSw,0,1595995159.538642
CF_Clu_DrvDrSw,0,1595995161.635979
CF_Clu_DrvDrSw,0,1595995162.836046
CF_Clu_DrvDrSw,0,1595995168.1283
CF_Clu_DrvDrSw,0,1595995168.62779
CF_Clu_DrvDrSw,0,1595995169.528414
CF_Clu_DrvDrSw,0,1595995170.228808
CF_Clu_DrvDrSw,0,1595995170.326912
CF_Clu_DrvDrSw,0,1595995171.424661
CF_Clu_DrvDrSw,0,1595995172.923674
CF_Clu_DrvDrSw,0,1595995176.8186822
CF_Clu_DrvDrSw,0,1595995176.917276
CF_Clu_DrvDrSw,0,1595995177.6174462
CF_Clu_DrvDrSw,0,1595995178.616912
CF_Clu_DrvDrSw,0,1595995180.513509
CF_Clu_DrvDrSw,0,1595995180.713998
CF_Clu_DrvDrSw,0,1595995181.0131998
CF_Clu_DrvDrSw,0,1595995182.311595
CF_Clu_DrvDrSw,0,1595995183.310693
CF_Clu_DrvDrSw,0,1595995187.5051048
CF_Clu_DrvDrSw,0,1595995189.601789
CF_Clu_DrvDrSw,0,1595995190.700046
CF_Clu_DrvDrSw,0,1595995190.8017552
CF_Clu_DrvDrSw,0,1595995192.797452
CF_Clu_DrvDrSw,0,1595995197.191381
CF_Clu_DrvDrSw,0,1595995197.891714
CF_Clu_DrvDrSw,0,1595995198.4897141
CF_Clu_DrvDrSw,0,1595995199.28917
CF_Clu_DrvDrSw,0,1595995201.684848
CF_Clu_DrvDrSw,0,1595995202.487081
CF_Clu_DrvDrSw,0,1595995202.585768
CF_Clu_DrvDrSw,0,1595995205.3829286
CF_Clu_DrvDrSw,0,1595995206.4807198
CF_Clu_DrvDrSw,0,1595995206.878602
CF_Clu_DrvDrSw,0,1595995207.279518
CF_Clu_DrvDrSw,0,1595995208.377847
CF_Clu_DrvDrSw,0,1595995209.176098
CF_Clu_DrvDrSw,0,1595995210.375644
CF_Clu_DrvDrSw,0,1595995211.9733386
CF_Clu_DrvDrSw,0,1595995213.271551
CF_Clu_DrvDrSw,0,1595995213.472137
CF_Clu_DrvDrSw,0,1595995213.7715268
CF_Clu_DrvDrSw,0,1595995214.471484
CF_Clu_DrvDrSw,0,1595995214.9711092
CF_Clu_DrvDrSw,0,1595995216.269515
CF_Clu_DrvDrSw,0,1595995217.4658592
CF_Clu_DrvDrSw,0,1595995218.567184
CF_Clu_DrvDrSw,0,1595995219.26753
CF_Clu_DrvDrSw,0,1595995220.1648939
CF_Clu_DrvDrSw,0,1595995220.263206
CF_Clu_DrvDrSw,0,1595995221.262541
CF_Clu_DrvDrSw,0,1595995226.656474
CF_Clu_DrvDrSw,0,1595995229.151042
CF_Clu_DrvDrSw,0,1595995231.3501449
CF_Clu_DrvDrSw,0,1595995231.9482849
CF_Clu_DrvDrSw,0,1595995232.849268
CF_Clu_DrvDrSw,0,1595995235.146933
CF_Clu_DrvDrSw,0,1595995235.646982
CF_Clu_DrvDrSw,0,1595995237.342489
CF_Clu_DrvDrSw,0,1595995237.440813
CF_Clu_DrvDrSw,0,1595995238.739833
CF_Clu_DrvDrSw,0,1595995239.2391832
CF_Clu_DrvDrSw,0,1595995240.737907
CF_Clu_DrvDrSw,0,1595995241.1354349
CF_Clu_DrvDrSw,0,1595995243.334601
CF_Clu_DrvDrSw,0,1595995244.436289
CF_Clu_DrvDrSw,0,1595995245.1325278
CF_Clu_DrvDrSw,0,1595995246.0300832
CF_Clu_DrvDrSw,0,1595995247.8291042
CF_Clu_DrvDrSw,0,1595995249.82655
CF_Clu_DrvDrSw,0,1595995252.3248472
CF_Clu_DrvDrSw,0,1595995252.922904
CF_Clu_DrvDrSw,0,1595995253.422453
CF_Clu_DrvDrSw,0,1595995254.22123
CF_Clu_DrvDrSw,0,1595995254.819517
CF_Clu_DrvDrSw,0,1595995255.716505
CF_Clu_DrvDrSw,0,1595995257.5182118
CF_Clu_DrvDrSw,0,1595995258.714627
CF_Clu_DrvDrSw,0,1595995260.3156571
CF_Clu_DrvDrSw,0,1595995261.611135
CF_Clu_DrvDrSw,0,1595995262.3108768
CF_Clu_DrvDrSw,0,1595995262.610455
CF_Clu_DrvDrSw,0,1595995263.90786
CF_Clu_DrvDrSw,0,1595995264.2071311
CF_Clu_DrvDrSw,0,1595995264.808824
CF_Clu_DrvDrSw,0,1595995264.907207
CF_Clu_DrvDrSw,0,1595995265.3084881
CF_Clu_DrvDrSw,0,1595995267.303469
CF_Clu_DrvDrSw,0,1595995267.7046342
CF_Clu_DrvDrSw,0,1595995268.204782
CF_Clu_DrvDrSw,0,1595995268.3028328
CF_Clu_DrvDrSw,0,1595995268.80216
CF_Clu_DrvDrSw,0,1595995269.801517
CF_Clu_DrvDrSw,0,1595995272.296362
CF_Clu_DrvDrSw,0,1595995273.296298
CF_Clu_DrvDrSw,0,1595995273.59565
CF_Clu_DrvDrSw,0,1595995274.397238
CF_Clu_DrvDrSw,0,1595995274.696125
CF_Clu_DrvDrSw,0,1595995276.7943811
CF_Clu_DrvDrSw,0,1595995278.390434
CF_Clu_DrvDrSw,0,1595995278.489245
CF_Clu_DrvDrSw,0,1595995279.987902
CF_Clu_DrvDrSw,0,1595995281.9865599
CF_Clu_DrvDrSw,0,1595995286.8812811
CF_Clu_DrvDrSw,0,1595995287.877704
CF_Clu_DrvDrSw,0,1595995291.574889
CF_Clu_DrvDrSw,0,1595995294.470658
CF_Clu_DrvDrSw,0,1595995294.76975
CF_Clu_DrvDrSw,0,1595995295.17103
CF_Clu_DrvDrSw,0,1595995295.768935
CF_Clu_DrvDrSw,0,1595995298.5663419
CF_Clu_DrvDrSw,0,1595995298.865389
CF_Clu_DrvDrSw,0,1595995300.262659
CF_Clu_DrvDrSw,0,1595995300.364483
CF_Clu_DrvDrSw,0,1595995300.864213
CF_Clu_DrvDrSw,0,1595995301.163072
CF_Clu_DrvDrSw,0,1595995301.361099
CF_Clu_DrvDrSw,0,1595995302.3604329
CF_Clu_DrvDrSw,0,1595995304.6573062
CF_Clu_DrvDrSw,0,1595995306.8562694
CF_Clu_DrvDrSw,0,1595995307.953989
CF_Clu_DrvDrSw,0,1595995308.2530284
CF_Clu_DrvDrSw,0,1595995308.7531798
CF_Clu_DrvDrSw,0,1595995309.453079
CF_Clu_DrvDrSw,0,1595995310.251646
CF_Clu_DrvDrSw,0,1595995310.4527411
CF_Clu_DrvDrSw,0,1595995311.3493602
CF_Clu_DrvDrSw,0,1595995311.6484141
CF_Clu_DrvDrSw,0,1595995315.043928
CF_Clu_DrvDrSw,0,1595995315.346859
CF_Clu_DrvDrSw,0,1595995315.744601
CF_Clu_DrvDrSw,0,1595995316.544346
CF_Clu_DrvDrSw,0,1595995318.439651
CF_Clu_DrvDrSw,0,1595995318.943289
CF_Clu_DrvDrSw,0,1595995319.438619
CF_Clu_DrvDrSw,0,1595995319.639363
CF_Clu_DrvDrSw,0,1595995323.235345
CF_Clu_DrvDrSw,0,1595995323.5344489
CF_Clu_DrvDrSw,0,1595995324.033977
CF_Clu_DrvDrSw,0,1595995324.832843
CF_Clu_DrvDrSw,0,1595995325.930449
CF_Clu_DrvDrSw,0,1595995326.5325818
CF_Clu_DrvDrSw,0,1595995326.6310024
CF_Clu_DrvDrSw,0,1595995327.4294982
CF_Clu_DrvDrSw,0,1595995327.5286891
CF_Clu_DrvDrSw,0,1595995327.8279526
CF_Clu_DrvDrSw,0,1595995328.92855
CF_Clu_DrvDrSw,0,1595995329.129206
CF_Clu_DrvDrSw,0,1595995330.325557
CF_Clu_DrvDrSw,0,1595995331.623634
CF_Clu_DrvDrSw,0,1595995331.824322
CF_Clu_DrvDrSw,0,1595995334.421217
CF_Clu_DrvDrSw,0,1595995335.4205089
CF_Clu_DrvDrSw,0,1595995335.617452
CF_Clu_DrvDrSw,0,1595995335.7195349
CF_Clu_DrvDrSw,0,1595995336.8170538
CF_Clu_DrvDrSw,0,1595995337.218373
CF_Clu_DrvDrSw,0,1595995337.615736
CF_Clu_DrvDrSw,0,1595995337.718056
CF_Clu_DrvDrSw,0,1595995338.2142348
CF_Clu_DrvDrSw,0,1595995338.615132
CF_Clu_DrvDrSw,0,1595995338.914228
CF_Clu_DrvDrSw,0,1595995339.213502
CF_Clu_DrvDrSw,0,1595995342.8133106
CF_Clu_DrvDrSw,0,1595995343.710531
CF_Clu_DrvDrSw,0,1595995344.50913
CF_Clu_DrvDrSw,0,1595995345.2097821
CF_Clu_DrvDrSw,0,1595995346.704555
CF_Clu_DrvDrSw,0,1595995347.80246
CF_Clu_DrvDrSw,0,1595995349.3013902
CF_Clu_DrvDrSw,0,1595995349.8048651
CF_Clu_DrvDrSw,0,1595995350.0015092
CF_Clu_DrvDrSw,0,1595995351.7994561
CF_Clu_DrvDrSw,0,1595995353.196259
CF_Clu_DrvDrSw,0,1595995353.2984908
CF_Clu_DrvDrSw,0,1595995355.6947286
CF_Clu_DrvDrSw,0,1595995359.2907
CF_Clu_DrvDrSw,0,1595995360.487096
CF_Clu_DrvDrSw,0,1595995361.6868439
CF_Clu_DrvDrSw,0,1595995361.887533
CF_Clu_DrvDrSw,0,1595995362.387152
CF_Clu_DrvDrSw,0,1595995363.783801
CF_Clu_DrvDrSw,0,1595995364.181447
CF_Clu_DrvDrSw,0,1595995364.6849089
CF_Clu_DrvDrSw,0,1595995364.783124
CF_Clu_DrvDrSw,0,1595995365.483595
CF_Clu_DrvDrSw,0,1595995365.7826061
CF_Clu_DrvDrSw,0,1595995365.885149
CF_Clu_DrvDrSw,0,1595995366.184017
CF_Clu_DrvDrSw,0,1595995369.576473
CF_Clu_DrvDrSw,0,1595995370.275764
CF_Clu_DrvDrSw,0,1595995372.1730552
CF_Clu_DrvDrSw,0,1595995372.774285
CF_Clu_DrvDrSw,0,1595995375.6698642
CF_Clu_DrvDrSw,0,1595995376.767493
CF_Clu_DrvDrSw,0,1595995376.869827
CF_Clu_DrvDrSw,0,1595995378.065875
CF_Clu_DrvDrSw,0,1595995378.963176
CF_Clu_DrvDrSw,0,1595995379.0652108
CF_Clu_DrvDrSw,0,1595995380.3635252
CF_Clu_DrvDrSw,0,1595995382.5631194
CF_Clu_DrvDrSw,0,1595995382.6581
CF_Clu_DrvDrSw,0,1595995383.661311
CF_Clu_DrvDrSw,0,1595995383.759285
CF_Clu_DrvDrSw,0,1595995384.3578448
CF_Clu_DrvDrSw,0,1595995385.057461
CF_Clu_DrvDrSw,0,1595995386.0567956
CF_Clu_DrvDrSw,0,1595995386.4544802
CF_Clu_DrvDrSw,0,1595995388.653471
CF_Clu_DrvDrSw,0,1595995388.7523198
CF_Clu_DrvDrSw,0,1595995389.751211
CF_Clu_DrvDrSw,0,1595995390.553987
CF_Clu_DrvDrSw,0,1595995391.151941
CF_Clu_DrvDrSw,0,1595995391.950548
CF_Clu_DrvDrSw,0,1595995396.244092
CF_Clu_DrvDrSw,0,1595995397.443414
CF_Clu_DrvDrSw,0,1595995399.937515
CF_Clu_DrvDrSw,0,1595995400.637855
CF_Clu_DrvDrSw,0,1595995401.9362
CF_Clu_DrvDrSw,0,1595995404.033247
CF_Clu_DrvDrSw,0,1595995405.233204
CF_Clu_DrvDrSw,0,1595995405.332009
CF_Clu_DrvDrSw,0,1595995405.532245
CF_Clu_DrvDrSw,0,1595995406.330981
CF_Clu_DrvDrSw,0,1595995406.4333231
CF_Clu_DrvDrSw,0,1595995407.7317472
CF_Clu_DrvDrSw,0,1595995408.1291149
CF_Clu_DrvDrSw,0,1595995409.5268931
CF_Clu_DrvDrSw,0,1595995410.0257618
CF_Clu_DrvDrSw,0,1595995411.8236551
CF_Clu_DrvDrSw,0,1595995413.822162
CF_Clu_DrvDrSw,0,1595995414.420737
CF_Clu_DrvDrSw,0,1595995414.82169
CF_Clu_DrvDrSw,0,1595995415.018666
CF_Clu_DrvDrSw,0,1595995415.820967
CF_Clu_DrvDrSw,0,1595995416.119967
CF_Clu_DrvDrSw,0,1595995416.2183962
CF_Clu_DrvDrSw,0,1595995416.31685
CF_Clu_DrvDrSw,0,1595995418.51599
CF_Clu_DrvDrSw,0,1595995419.3146448
CF_Clu_DrvDrSw,0,1595995419.8143182
CF_Clu_DrvDrSw,0,1595995420.6130419
CF_Clu_DrvDrSw,0,1595995422.611867
CF_Clu_DrvDrSw,0,1595995424.709067
CF_Clu_DrvDrSw,0,1595995426.404636
CF_Clu_DrvDrSw,0,1595995428.3049002
CF_Clu_DrvDrSw,0,1595995428.501938
CF_Clu_DrvDrSw,0,1595995428.702344
CF_Clu_DrvDrSw,0,1595995432.8966222
CF_Clu_DrvDrSw,0,1595995433.297676
CF_Clu_DrvDrSw,0,1595995437.091368
CF_Clu_DrvDrSw,0,1595995437.4921126
CF_Clu_DrvDrSw,0,1595995437.791269
CF_Clu_DrvDrSw,0,1595995439.5890212
CF_Clu_DrvDrSw,0,1595995440.088541
CF_Clu_DrvDrSw,0,1595995440.289256
CF_Clu_DrvDrSw,0,1595995440.388214
CF_Clu_DrvDrSw,0,1595995442.087348
CF_Clu_DrvDrSw,0,1595995442.6854024
CF_Clu_DrvDrSw,0,1595995442.984751
CF_Clu_DrvDrSw,0,1595995443.983583
CF_Clu_DrvDrSw,0,1595995444.5820658
CF_Clu_DrvDrSw,0,1595995449.276435
CF_Clu_DrvDrSw,0,1595995450.176496
CF_Clu_DrvDrSw,0,1595995451.475241
CF_Clu_DrvDrSw,0,1595995454.2723908
CF_Clu_DrvDrSw,0,1595995454.5713
CF_Clu_DrvDrSw,0,1595995460.465112
CF_Clu_DrvDrSw,0,1595995461.4607446
CF_Clu_DrvDrSw,0,1595995462.0624828
CF_Clu_DrvDrSw,0,1595995462.5620966
CF_Clu_DrvDrSw,0,1595995462.7628226
CF_Clu_DrvDrSw,0,1595995463.561805
CF_Clu_DrvDrSw,0,1595995463.762142
CF_Clu_DrvDrSw,0,1595995464.557264
CF_Clu_DrvDrSw,0,1595995465.35634
CF_Clu_DrvDrSw,0,1595995466.154696
CF_Clu_DrvDrSw,0,1595995466.555815
CF_Clu_DrvDrSw,0,1595995466.957226
CF_Clu_DrvDrSw,0,1595995468.554379
CF_Clu_DrvDrSw,0,1595995470.750478
CF_Clu_DrvDrSw,0,1595995471.55247
CF_Clu_DrvDrSw,0,1595995473.4487019
CF_Clu_DrvDrSw,0,1595995474.7471778
CF_Clu_DrvDrSw,0,1595995475.042579
CF_Clu_DrvDrSw,0,1595995475.6442962
CF_Clu_DrvDrSw,0,1595995476.643661
CF_Clu_DrvDrSw,0,1595995476.9427168
CF_Clu_DrvDrSw,0,1595995478.7446024
CF_Clu_DrvDrSw,0,1595995481.1367211
CF_Clu_DrvDrSw,0,1595995481.537927
CF_Clu_DrvDrSw,0,1595995481.636479
CF_Clu_DrvDrSw,0,1595995481.9357178
CF_Clu_DrvDrSw,0,1595995482.0379362
CF_Clu_DrvDrSw,0,1595995482.9348161
CF_Clu_DrvDrSw,0,1595995484.134794
CF_Clu_DrvDrSw,0,1595995485.630146
CF_Clu_DrvDrSw,0,1595995486.33016
CF_Clu_DrvDrSw,0,1595995486.5308216
CF_Clu_DrvDrSw,0,1595995487.4318302
CF_Clu_DrvDrSw,0,1595995488.333013
CF_Clu_DrvDrSw,0,1595995489.029182
CF_Clu_DrvDrSw,0,1595995494.120401
CF_Clu_DrvDrSw,0,1595995494.222878
CF_Clu_DrvDrSw,0,1595995495.5211544
CF_Clu_DrvDrSw,0,1595995495.922627
CF_Clu_DrvDrSw,0,1595995496.819438
CF_Clu_DrvDrSw,0,1595995497.2208798
CF_Clu_DrvDrSw,0,1595995497.815167
CF_Clu_DrvDrSw,0,1595995499.014816
CF_Clu_DrvDrSw,0,1595995499.9121401
CF_Clu_DrvDrSw,0,1595995500.112884
CF_Clu_DrvDrSw,0,1595995501.71036
CF_Clu_DrvDrSw,0,1595995501.910697
CF_Clu_DrvDrSw,0,1595995502.209835
CF_Clu_DrvDrSw,0,1595995506.305511
CF_Clu_DrvDrSw,0,1595995507.505586
CF_Clu_DrvDrSw,0,1595995508.402771
CF_Clu_DrvDrSw,0,1595995508.603064
CF_Clu_DrvDrSw,0,1595995511.601398
CF_Clu_DrvDrSw,0,1595995513.296834
CF_Clu_DrvDrSw,0,1595995513.9973211
CF_Clu_DrvDrSw,0,1595995514.595229
CF_Clu_DrvDrSw,0,1595995515.094951
CF_Clu_DrvDrSw,0,1595995515.893722
CF_Clu_DrvDrSw,0,1595995517.593503
CF_Clu_DrvDrSw,0,1595995518.2936606
CF_Clu_DrvDrSw,0,1595995521.586804
CF_Clu_DrvDrSw,0,1595995522.385549
CF_Clu_DrvDrSw,0,1595995522.8853118
CF_Clu_DrvDrSw,0,1595995522.984164
CF_Clu_DrvDrSw,0,1595995523.782753
CF_Clu_DrvDrSw,0,1595995524.884068
CF_Clu_DrvDrSw,0,1595995525.781303
CF_Clu_DrvDrSw,0,1595995526.0840828
CF_Clu_DrvDrSw,0,1595995527.181935
CF_Clu_DrvDrSw,0,1595995527.38224
CF_Clu_DrvDrSw,0,1595995527.48086
CF_Clu_DrvDrSw,0,1595995528.180952
CF_Clu_DrvDrSw,0,1595995528.2796538
CF_Clu_DrvDrSw,0,1595995528.381669
CF_Clu_DrvDrSw,0,1595995529.5776188
CF_Clu_DrvDrSw,0,1595995536.270527
CF_Clu_DrvDrSw,0,1595995536.77159
CF_Clu_DrvDrSw,0,1595995536.97061
CF_Clu_DrvDrSw,0,1595995540.5626206
CF_Clu_DrvDrSw,0,1595995541.262896
CF_Clu_DrvDrSw,0,1595995542.8604732
CF_Clu_DrvDrSw,0,1595995543.2616339
CF_Clu_DrvDrSw,0,1595995543.360188
CF_Clu_DrvDrSw,0,1595995544.0605054
CF_Clu_DrvDrSw,0,1595995544.1590662
CF_Clu_DrvDrSw,0,1595995544.3595169
CF_Clu_DrvDrSw,0,1595995545.0602038
CF_Clu_DrvDrSw,0,1595995545.858384
CF_Clu_DrvDrSw,0,1595995546.1576982
CF_Clu_DrvDrSw,0,1595995546.55566
CF_Clu_DrvDrSw,0,1595995546.9563751
CF_Clu_DrvDrSw,0,1595995547.054673
CF_Clu_DrvDrSw,0,1595995548.951325
CF_Clu_DrvDrSw,0,1595995550.650639
CF_Clu_DrvDrSw,0,1595995553.0507221
CF_Clu_DrvDrSw,0,1595995554.144703
CF_Clu_DrvDrSw,0,1595995554.7462652
CF_Clu_DrvDrSw,0,1595995554.943294
CF_Clu_DrvDrSw,0,1595995556.643114
CF_Clu_DrvDrSw,0,1595995559.641145
CF_Clu_DrvDrSw,0,1595995560.742466
CF_Clu_DrvDrSw,0,1595995560.841006
CF_Clu_DrvDrSw,0,1595995561.140484
CF_Clu_DrvDrSw,0,1595995561.242302
CF_Clu_DrvDrSw,0,1595995562.5365279
CF_Clu_DrvDrSw,0,1595995562.835552
CF_Clu_DrvDrSw,0,1595995564.0357661
CF_Clu_DrvDrSw,0,1595995565.031192
CF_Clu_DrvDrSw,0,1595995566.7309706
CF_Clu_DrvDrSw,0,1595995567.7300422
CF_Clu_DrvDrSw,0,1595995568.52871
CF_Clu_DrvDrSw,0,1595995569.2291028
CF_Clu_DrvDrSw,0,1595995570.326824
CF_Clu_DrvDrSw,0,1595995571.02442
CF_Clu_DrvDrSw,0,1595995572.023493
CF_Clu_DrvDrSw,0,1595995575.1193118
CF_Clu_DrvDrSw,0,1595995575.7211268
CF_Clu_DrvDrSw,0,1595995575.819345
CF_Clu_DrvDrSw,0,1595995576.22069
CF_Clu_DrvDrSw,0,1595995576.4176779
CF_Clu_DrvDrSw,0,1595995580.312785
CF_Clu_DrvDrSw,0,1595995580.713676
CF_Clu_DrvDrSw,0,1595995585.411552
CF_Clu_DrvDrSw,0,1595995585.710606
CF_Clu_DrvDrSw,0,1595995586.506186
CF_Clu_DrvDrSw,0,1595995587.906167
CF_Clu_DrvDrSw,0,1595995588.005449
CF_Clu_DrvDrSw,0,1595995588.4020422
CF_Clu_DrvDrSw,0,1595995590.0030134
CF_Clu_DrvDrSw,0,1595995590.801728
CF_Clu_DrvDrSw,0,1595995593.001128
CF_Clu_DrvDrSw,0,1595995594.496127
CF_Clu_DrvDrSw,0,1595995595.7944162
CF_Clu_DrvDrSw,0,1595995597.8915992
CF_Clu_DrvDrSw,0,1595995601.28795
CF_Clu_DrvDrSw,0,1595995601.3896706
CF_Clu_DrvDrSw,0,1595995602.8846886
CF_Clu_DrvDrSw,0,1595995603.085109
CF_Clu_DrvDrSw,0,1595995604.285134
CF_Clu_DrvDrSw,0,1595995604.482016
CF_Clu_DrvDrSw,0,1595995605.481466
CF_Clu_DrvDrSw,0,1595995607.2793448
CF_Clu_DrvDrSw,0,1595995607.58231
CF_Clu_DrvDrSw,0,1595995609.879931
CF_Clu_DrvDrSw,0,1595995611.575597
CF_Clu_DrvDrSw,0,1595995612.173943
CF_Clu_DrvDrSw,0,1595995614.5702019
CF_Clu_DrvDrSw,0,1595995616.7692668
CF_Clu_DrvDrSw,0,1595995617.268748
CF_Clu_DrvDrSw,0,1595995617.568112
CF_Clu_DrvDrSw,0,1595995620.26315
CF_Clu_DrvDrSw,0,1595995621.262152
CF_Clu_DrvDrSw,0,1595995621.364613
CF_Clu_DrvDrSw,0,1595995621.462744
CF_Clu_DrvDrSw,0,1595995623.060191
CF_Clu_DrvDrSw,0,1595995623.9611619
CF_Clu_DrvDrSw,0,1595995624.3586054
CF_Clu_DrvDrSw,0,1595995625.8579466
CF_Clu_DrvDrSw,0,1595995626.357557
CF_Clu_DrvDrSw,0,1595995626.558399
CF_Clu_DrvDrSw,0,1595995626.660288
CF_Clu_DrvDrSw,0,1595995626.755727
CF_Clu_DrvDrSw,0,1595995626.856937
CF_Clu_DrvDrSw,0,1595995627.0548546
CF_Clu_DrvDrSw,0,1595995627.1562932
CF_Clu_DrvDrSw,0,1595995627.655974
CF_Clu_DrvDrSw,0,1595995628.0535471
CF_Clu_DrvDrSw,0,1595995628.151755
CF_Clu_DrvDrSw,0,1595995628.553393
CF_Clu_DrvDrSw,0,1595995632.648513
CF_Clu_DrvDrSw,0,1595995633.549531
CF_Clu_DrvDrSw,0,1595995634.147603
CF_Clu_DrvDrSw,0,1595995635.0486012
CF_Clu_DrvDrSw,0,1595995635.544484
CF_Clu_DrvDrSw,0,1595995636.6423109
CF_Clu_DrvDrSw,0,1595995636.84262
CF_Clu_DrvDrSw,0,1595995638.440328
CF_Clu_DrvDrSw,0,1595995640.038377
CF_Clu_DrvDrSw,0,1595995640.939925
CF_Clu_DrvDrSw,0,1595995641.139326
CF_Clu_DrvDrSw,0,1595995641.540343
CF_Clu_DrvDrSw,0,1595995644.231956
CF_Clu_DrvDrSw,0,1595995645.1325278
CF_Clu_DrvDrSw,0,1595995645.6321988
CF_Clu_DrvDrSw,0,1595995646.1320431
CF_Clu_DrvDrSw,0,1595995646.930655
CF_Clu_DrvDrSw,0,1595995647.831604
CF_Clu_DrvDrSw,0,1595995649.027831
CF_Clu_DrvDrSw,0,1595995649.2282462
CF_Clu_DrvDrSw,0,1595995651.0302908
CF_Clu_DrvDrSw,0,1595995651.624449
CF_Clu_DrvDrSw,0,1595995652.8243806
CF_Clu_DrvDrSw,0,1595995653.922296
CF_Clu_DrvDrSw,0,1595995655.921057
CF_Clu_DrvDrSw,0,1595995656.5194411
CF_Clu_DrvDrSw,0,1595995658.219318
CF_Clu_DrvDrSw,0,1595995659.0175471
CF_Clu_DrvDrSw,0,1595995659.914221
CF_Clu_DrvDrSw,0,1595995660.3156462
CF_Clu_DrvDrSw,0,1595995662.412558
CF_Clu_DrvDrSw,0,1595995663.710946
CF_Clu_DrvDrSw,0,1595995665.9066591
CF_Clu_DrvDrSw,0,1595995667.208857
CF_Clu_DrvDrSw,0,1595995669.1053462
CF_Clu_DrvDrSw,0,1595995669.8020608
CF_Clu_DrvDrSw,0,1595995670.702646
CF_Clu_DrvDrSw,0,1595995671.100173
CF_Clu_DrvDrSw,0,1595995671.8990002
CF_Clu_DrvDrSw,0,1595995678.09154
CF_Clu_DrvDrSw,0,1595995680.589809
CF_Clu_DrvDrSw,0,1595995680.790414
CF_Clu_DrvDrSw,0,1595995682.187454
CF_Clu_DrvDrSw,0,1595995682.785731
CF_Clu_DrvDrSw,0,1595995682.887816
CF_Clu_DrvDrSw,0,1595995684.087866
CF_Clu_DrvDrSw,0,1595995685.382304
CF_Clu_DrvDrSw,0,1595995685.582645
CF_Clu_DrvDrSw,0,1595995688.380065
CF_Clu_DrvDrSw,0,1595995688.9784038
CF_Clu_DrvDrSw,0,1595995689.6783369
CF_Clu_DrvDrSw,0,1595995689.8790774
CF_Clu_DrvDrSw,0,1595995689.9773788
CF_Clu_DrvDrSw,0,1595995692.972455
CF_Clu_DrvDrSw,0,1595995694.9712179
CF_Clu_DrvDrSw,0,1595995695.0724428
CF_Clu_DrvDrSw,0,1595995695.371779
CF_Clu_DrvDrSw,0,1595995695.670799
CF_Clu_DrvDrSw,0,1595995696.170433
CF_Clu_DrvDrSw,0,1595995698.169142
CF_Clu_DrvDrSw,0,1595995698.566304
CF_Clu_DrvDrSw,0,1595995699.9670632
CF_Clu_DrvDrSw,0,1595995700.56512
CF_Clu_DrvDrSw,0,1595995701.0646539
CF_Clu_DrvDrSw,0,1595995701.863399
CF_Clu_DrvDrSw,0,1595995702.260694
CF_Clu_DrvDrSw,0,1595995704.460032
CF_Clu_DrvDrSw,0,1595995704.558743
CF_Clu_DrvDrSw,0,1595995705.5578098
CF_Clu_DrvDrSw,0,1595995707.159115
CF_Clu_DrvDrSw,0,1595995708.858918
CF_Clu_DrvDrSw,0,1595995710.550983
CF_Clu_DrvDrSw,0,1595995711.148888
CF_Clu_DrvDrSw,0,1595995711.5498931
CF_Clu_DrvDrSw,0,1595995712.0496829
CF_Clu_DrvDrSw,0,1595995712.148451
CF_Clu_DrvDrSw,0,1595995713.446666
CF_Clu_DrvDrSw,0,1595995713.7494268
CF_Clu_DrvDrSw,0,1595995715.0477288
CF_Clu_DrvDrSw,0,1595995715.5474198
CF_Clu_DrvDrSw,0,1595995716.346584
CF_Clu_DrvDrSw,0,1595995716.645061
CF_Clu_DrvDrSw,0,1595995718.541416
CF_Clu_DrvDrSw,0,1595995718.6400409
CF_Clu_DrvDrSw,0,1595995719.1401482
CF_Clu_DrvDrSw,0,1595995721.2377179
CF_Clu_DrvDrSw,0,1595995722.0392454
CF_Clu_DrvDrSw,0,1595995722.436713
CF_Clu_DrvDrSw,0,1595995723.838252
CF_Clu_DrvDrSw,0,1595995724.238667
CF_Clu_DrvDrSw,0,1595995731.025458
CF_Clu_DrvDrSw,0,1595995731.926503
CF_Clu_DrvDrSw,0,1595995732.127197
CF_Clu_DrvDrSw,0,1595995733.1229818
CF_Clu_DrvDrSw,0,1595995733.323228
CF_Clu_DrvDrSw,0,1595995733.82305
CF_Clu_DrvDrSw,0,1595995737.9191098
CF_Clu_DrvDrSw,0,1595995738.0174348
CF_Clu_DrvDrSw,0,1595995738.119641
CF_Clu_DrvDrSw,0,1595995738.9181044
CF_Clu_DrvDrSw,0,1595995741.015063
CF_Clu_DrvDrSw,0,1595995741.61328
CF_Clu_DrvDrSw,0,1595995742.2115529
CF_Clu_DrvDrSw,0,1595995743.309032
CF_Clu_DrvDrSw,0,1595995745.409785
CF_Clu_DrvDrSw,0,1595995748.707026
CF_Clu_DrvDrSw,0,1595995749.3048694
CF_Clu_DrvDrSw,0,1595995749.7036788
CF_Clu_DrvDrSw,0,1595995750.2023401
CF_Clu_DrvDrSw,0,1595995754.3967779
CF_Clu_DrvDrSw,0,1595995754.695605
CF_Clu_DrvDrSw,0,1595995755.4978778
CF_Clu_DrvDrSw,0,1595995756.6978636
CF_Clu_DrvDrSw,0,1595995757.292228
CF_Clu_DrvDrSw,0,1595995757.893827
CF_Clu_DrvDrSw,0,1595995757.99221
CF_Clu_DrvDrSw,0,1595995759.688208
CF_Clu_DrvDrSw,0,1595995761.3879008
CF_Clu_DrvDrSw,0,1595995763.1867769
CF_Clu_DrvDrSw,0,1595995764.287376
CF_Clu_DrvDrSw,0,1595995764.6858962
CF_Clu_DrvDrSw,0,1595995764.8856099
CF_Clu_DrvDrSw,0,1595995765.087235
CF_Clu_DrvDrSw,0,1595995767.281517
CF_Clu_DrvDrSw,0,1595995767.8798158
CF_Clu_DrvDrSw,0,1595995769.7798688
CF_Clu_DrvDrSw,0,1595995771.778718
CF_Clu_DrvDrSw,0,1595995773.076982
CF_Clu_DrvDrSw,0,1595995775.2723908
CF_Clu_DrvDrSw,0,1595995775.670697
CF_Clu_DrvDrSw,0,1595995777.66875
CF_Clu_DrvDrSw,0,1595995778.3690462
CF_Clu_DrvDrSw,0,1595995778.868701
CF_Clu_DrvDrSw,0,1595995779.966149
CF_Clu_DrvDrSw,0,1595995781.4652648
CF_Clu_DrvDrSw,0,1595995782.063265
CF_Clu_DrvDrSw,0,1595995785.458605
CF_Clu_DrvDrSw,0,1595995785.9583206
CF_Clu_DrvDrSw,0,1595995787.6580038
CF_Clu_DrvDrSw,0,1595995788.055593
CF_Clu_DrvDrSw,0,1595995788.2564962
CF_Clu_DrvDrSw,0,1595995790.3530712
CF_Clu_DrvDrSw,0,1595995791.7505322
CF_Clu_DrvDrSw,0,1595995792.4503288
CF_Clu_DrvDrSw,0,1595995793.150801
CF_Clu_DrvDrSw,0,1595995793.74861
CF_Clu_DrvDrSw,0,1595995795.1459858
CF_Clu_DrvDrSw,0,1595995795.7473109
CF_Clu_DrvDrSw,0,1595995798.741587
CF_Clu_DrvDrSw,0,1595995801.137662
CF_Clu_DrvDrSw,0,1595995801.538751
CF_Clu_DrvDrSw,0,1595995803.3367631
CF_Clu_DrvDrSw,0,1595995808.428318
CF_Clu_DrvDrSw,0,1595995809.230634
CF_Clu_DrvDrSw,0,1595995809.628386
CF_Clu_DrvDrSw,0,1595995812.0243056
CF_Clu_DrvDrSw,0,1595995812.425741
CF_Clu_DrvDrSw,0,1595995812.724692
CF_Clu_DrvDrSw,0,1595995813.1256518
CF_Clu_DrvDrSw,0,1595995813.924767
CF_Clu_DrvDrSw,0,1595995816.419889
CF_Clu_DrvDrSw,0,1595995818.1188734
CF_Clu_DrvDrSw,0,1595995821.514399
CF_Clu_DrvDrSw,0,1595995824.5082052
CF_Clu_DrvDrSw,0,1595995825.5077069
CF_Clu_DrvDrSw,0,1595995828.304776
CF_Clu_DrvDrSw,0,1595995828.7061286
CF_Clu_DrvDrSw,0,1595995830.402889
CF_Clu_DrvDrSw,0,1595995830.80312
CF_Clu_DrvDrSw,0,1595995831.102476
CF_Clu_DrvDrSw,0,1595995831.401519
CF_Clu_DrvDrSw,0,1595995831.9997492
CF_Clu_DrvDrSw,0,1595995833.2980194
CF_Clu_DrvDrSw,0,1595995833.797752
CF_Clu_DrvDrSw,0,1595995835.4969249
CF_Clu_DrvDrSw,0,1595995837.196824
CF_Clu_DrvDrSw,0,1595995837.3936286
CF_Clu_DrvDrSw,0,1595995838.695939
CF_Clu_DrvDrSw,0,1595995838.990732
CF_Clu_DrvDrSw,0,1595995839.0930982
CF_Clu_DrvDrSw,0,1595995839.290097
CF_Clu_DrvDrSw,0,1595995839.789382
CF_Clu_DrvDrSw,0,1595995839.8916328
CF_Clu_DrvDrSw,0,1595995840.39135
CF_Clu_DrvDrSw,0,1595995840.489763
CF_Clu_DrvDrSw,0,1595995842.3901188
CF_Clu_DrvDrSw,0,1595995843.086483
CF_Clu_DrvDrSw,0,1595995846.5845602
CF_Clu_DrvDrSw,0,1595995847.383193
CF_Clu_DrvDrSw,0,1595995847.7806609
CF_Clu_DrvDrSw,0,1595995847.9809768
CF_Clu_DrvDrSw,0,1595995849.6806982
CF_Clu_DrvDrSw,0,1595995849.979718
CF_Clu_DrvDrSw,0,1595995850.278672
CF_Clu_DrvDrSw,0,1595995852.37585
CF_Clu_DrvDrSw,0,1595995853.473475
CF_Clu_DrvDrSw,0,1595995853.575878
CF_Clu_DrvDrSw,0,1595995861.366215
CF_Clu_DrvDrSw,0,1595995862.164724
CF_Clu_DrvDrSw,0,1595995862.36539
CF_Clu_DrvDrSw,0,1595995862.6643462
CF_Clu_DrvDrSw,0,1595995862.963535
CF_Clu_DrvDrSw,0,1595995863.364924
CF_Clu_DrvDrSw,0,1595995864.859902
CF_Clu_DrvDrSw,0,1595995865.1590214
CF_Clu_DrvDrSw,0,1595995867.15748
CF_Clu_DrvDrSw,0,1595995867.358088
CF_Clu_DrvDrSw,0,1595995868.255206
CF_Clu_DrvDrSw,0,1595995869.553966
CF_Clu_DrvDrSw,0,1595995870.05319
CF_Clu_DrvDrSw,0,1595995870.1525474
CF_Clu_DrvDrSw,0,1595995871.253535
CF_Clu_DrvDrSw,0,1595995871.4544132
CF_Clu_DrvDrSw,0,1595995872.0522358
CF_Clu_DrvDrSw,0,1595995872.1504529
CF_Clu_DrvDrSw,0,1595995873.248704
CF_Clu_DrvDrSw,0,1595995874.149264
CF_Clu_DrvDrSw,0,1595995875.845185
CF_Clu_DrvDrSw,0,1595995877.9420931
CF_Clu_DrvDrSw,0,1595995878.045057
CF_Clu_DrvDrSw,0,1595995879.441243
CF_Clu_DrvDrSw,0,1595995879.5440118
CF_Clu_DrvDrSw,0,1595995881.8372512
CF_Clu_DrvDrSw,0,1595995882.836591
CF_Clu_DrvDrSw,0,1595995882.938574
CF_Clu_DrvDrSw,0,1595995884.2370381
CF_Clu_DrvDrSw,0,1595995885.035872
CF_Clu_DrvDrSw,0,1595995886.5312881
CF_Clu_DrvDrSw,0,1595995886.9360378
CF_Clu_DrvDrSw,0,1595995887.432651
CF_Clu_DrvDrSw,0,1595995887.837167
CF_Clu_DrvDrSw,0,1595995888.9308321
CF_Clu_DrvDrSw,0,1595995893.92385
CF_Clu_DrvDrSw,0,1595995894.226593
CF_Clu_DrvDrSw,0,1595995895.0215619
CF_Clu_DrvDrSw,0,1595995897.0199866
CF_Clu_DrvDrSw,0,1595995897.4212742
CF_Clu_DrvDrSw,0,1595995898.519016
CF_Clu_DrvDrSw,0,1595995899.216616
CF_Clu_DrvDrSw,0,1595995899.9170551
CF_Clu_DrvDrSw,0,1595995901.2141778
CF_Clu_DrvDrSw,0,1595995902.213917
CF_Clu_DrvDrSw,0,1595995902.51675
CF_Clu_DrvDrSw,0,1595995906.510047
CF_Clu_DrvDrSw,0,1595995907.005883
CF_Clu_DrvDrSw,0,1595995907.1078892
CF_Clu_DrvDrSw,0,1595995907.906612
CF_Clu_DrvDrSw,0,1595995908.3079412
CF_Clu_DrvDrSw,0,1595995908.504898
CF_Clu_DrvDrSw,0,1595995908.606915
CF_Clu_DrvDrSw,0,1595995910.802371
CF_Clu_DrvDrSw,0,1595995911.904077
CF_Clu_DrvDrSw,0,1595995913.0018196
CF_Clu_DrvDrSw,0,1595995913.199369
CF_Clu_DrvDrSw,0,1595995913.997539
CF_Clu_DrvDrSw,0,1595995914.1984599
CF_Clu_DrvDrSw,0,1595995914.800252
CF_Clu_DrvDrSw,0,1595995915.4964852
CF_Clu_DrvDrSw,0,1595995916.098332
CF_Clu_DrvDrSw,0,1595995917.5936232
CF_Clu_DrvDrSw,0,1595995918.0936806
CF_Clu_DrvDrSw,0,1595995918.993897
CF_Clu_DrvDrSw,0,1595995920.595375
CF_Clu_DrvDrSw,0,1595995920.6895866
CF_Clu_DrvDrSw,0,1595995921.889625
CF_Clu_DrvDrSw,0,1595995922.2875519
CF_Clu_DrvDrSw,0,1595995925.985395
CF_Clu_DrvDrSw,0,1595995926.485085
CF_Clu_DrvDrSw,0,1595995928.681206
CF_Clu_DrvDrSw,0,1595995930.179594
CF_Clu_DrvDrSw,0,1595995930.277927
CF_Clu_DrvDrSw,0,1595995931.477955
CF_Clu_DrvDrSw,0,1595995931.576988
CF_Clu_DrvDrSw,0,1595995932.0760472
CF_Clu_DrvDrSw,0,1595995934.075051
CF_Clu_DrvDrSw,0,1595995935.074368
CF_Clu_DrvDrSw,0,1595995936.2741492
CF_Clu_DrvDrSw,0,1595995936.773715
CF_Clu_DrvDrSw,0,1595995937.769137
CF_Clu_DrvDrSw,0,1595995938.3678248
CF_Clu_DrvDrSw,0,1595995938.9690418
CF_Clu_DrvDrSw,0,1595995940.0669188
CF_Clu_DrvDrSw,0,1595995940.267421
CF_Clu_DrvDrSw,0,1595995940.8658972
CF_Clu_DrvDrSw,0,1595995941.763028
CF_Clu_DrvDrSw,0,1595995942.364557
CF_Clu_DrvDrSw,0,1595995942.66369
CF_Clu_DrvDrSw,0,1595995943.962002
