PID_0Ch,893.0,1595994379.66112
PID_0Ch,898.0,1595994381.5579894
PID_0Ch,901.0,1595994381.95904
PID_0Ch,882.0,1595994384.6588528
PID_0Ch,804.0,1595994388.05825
PID_0Ch,1327.0,1595994390.0607538
PID_0Ch,871.0,1595994391.9572759
PID_0Ch,1132.0,1595994392.657703
PID_0Ch,1134.0,1595994394.459808
PID_0Ch,816.0,1595994395.258382
PID_0Ch,812.0,1595994397.659126
PID_0Ch,1354.0,1595994399.158128
PID_0Ch,1779.0,1595994400.6568286
PID_0Ch,2091.0,1595994402.4587052
PID_0Ch,1806.0,1595994405.760001
PID_0Ch,1979.0,1595994406.161334
PID_0Ch,1487.0,1595994408.557964
PID_0Ch,1194.0,1595994409.061195
PID_0Ch,927.0,1595994410.2575831
PID_0Ch,885.0,1595994410.4578779
PID_0Ch,793.0,1595994412.158195
PID_0Ch,756.0,1595994412.3583472
PID_0Ch,741.0,1595994413.6608279
PID_0Ch,829.0,1595994416.159304
PID_0Ch,1832.0,1595994417.9576821
PID_0Ch,1975.0,1595994419.960207
PID_0Ch,1984.0,1595994420.058392
PID_0Ch,2316.0,1595994421.357072
PID_0Ch,2148.0,1595994423.9583972
PID_0Ch,1786.0,1595994426.157378
PID_0Ch,1586.0,1595994427.660343
PID_0Ch,1610.0,1595994429.258306
PID_0Ch,1461.0,1595994432.456631
PID_0Ch,1444.0,1595994432.558953
PID_0Ch,1067.0,1595994433.8577762
PID_0Ch,856.0,1595994435.3603961
PID_0Ch,845.0,1595994435.758283
PID_0Ch,712.0,1595994438.358583
PID_0Ch,1612.0,1595994439.25973
PID_0Ch,1717.0,1595994439.460049
PID_0Ch,1841.0,1595994439.6574366
PID_0Ch,2091.0,1595994440.3574376
PID_0Ch,2182.0,1595994443.6586401
PID_0Ch,2330.0,1595994444.256778
PID_0Ch,2467.0,1595994444.457016
PID_0Ch,2877.0,1595994445.05932
PID_0Ch,2896.0,1595994445.657913
PID_0Ch,2376.0,1595994447.057983
PID_0Ch,2784.0,1595994448.458816
PID_0Ch,2739.0,1595994449.257529
PID_0Ch,2783.0,1595994450.060433
PID_0Ch,2395.0,1595994451.157973
PID_0Ch,2176.0,1595994453.3574288
PID_0Ch,1262.0,1595994456.159034
PID_0Ch,1605.0,1595994459.259379
PID_0Ch,1617.0,1595994462.1593301
PID_0Ch,1605.0,1595994462.7577686
PID_0Ch,1638.0,1595994465.259808
PID_0Ch,1644.0,1595994466.1571631
PID_0Ch,1644.0,1595994466.35818
PID_0Ch,1630.0,1595994467.659938
PID_0Ch,1604.0,1595994468.859997
PID_0Ch,1585.0,1595994469.9577188
PID_0Ch,1585.0,1595994470.257081
PID_0Ch,1583.0,1595994471.658289
PID_0Ch,1581.0,1595994471.956681
PID_0Ch,1543.0,1595994475.3561976
PID_0Ch,1543.0,1595994476.056576
PID_0Ch,1529.0,1595994478.5590458
PID_0Ch,1507.0,1595994478.6571732
PID_0Ch,1502.0,1595994478.8579009
PID_0Ch,1508.0,1595994479.1573849
PID_0Ch,1532.0,1595994481.757762
PID_0Ch,1524.0,1595994481.8564222
PID_0Ch,1517.0,1595994483.056177
PID_0Ch,1518.0,1595994483.957498
PID_0Ch,1556.0,1595994486.357873
PID_0Ch,1570.0,1595994486.857457
PID_0Ch,1587.0,1595994487.6597538
PID_0Ch,1579.0,1595994487.856868
PID_0Ch,1589.0,1595994488.0569901
PID_0Ch,1596.0,1595994491.9568539
PID_0Ch,1586.0,1595994492.3576221
PID_0Ch,1590.0,1595994492.558534
PID_0Ch,2064.0,1595994493.9591238
PID_0Ch,2056.0,1595994494.5571706
PID_0Ch,2064.0,1595994495.458335
PID_0Ch,2070.0,1595994495.757233
PID_0Ch,2160.0,1595994497.059569
PID_0Ch,2179.0,1595994498.058958
PID_0Ch,2115.0,1595994500.6558652
PID_0Ch,1965.0,1595994502.6586359
PID_0Ch,2180.0,1595994503.9568448
PID_0Ch,2185.0,1595994504.75581
PID_0Ch,2194.0,1595994505.657402
PID_0Ch,2201.0,1595994506.1570141
PID_0Ch,2200.0,1595994507.05751
PID_0Ch,2204.0,1595994507.1561751
PID_0Ch,2123.0,1595994508.5565
PID_0Ch,2132.0,1595994508.65502
PID_0Ch,2184.0,1595994510.0558982
PID_0Ch,1466.0,1595994512.456245
PID_0Ch,1588.0,1595994512.656252
PID_0Ch,1615.0,1595994513.156586
PID_0Ch,1823.0,1595994513.958894
PID_0Ch,1743.0,1595994515.0565894
PID_0Ch,1413.0,1595994516.2564821
PID_0Ch,1487.0,1595994517.0556462
PID_0Ch,1538.0,1595994518.5582821
PID_0Ch,1531.0,1595994520.2584162
PID_0Ch,1244.0,1595994522.5565991
PID_0Ch,1241.0,1595994522.65834
PID_0Ch,1174.0,1595994523.9567628
PID_0Ch,1140.0,1595994525.35769
PID_0Ch,1128.0,1595994525.758881
PID_0Ch,940.0,1595994528.159059
PID_0Ch,892.0,1595994529.154537
PID_0Ch,850.0,1595994532.057884
PID_0Ch,803.0,1595994532.357331
PID_0Ch,732.0,1595994532.5578802
PID_0Ch,736.0,1595994532.758566
PID_0Ch,750.0,1595994532.8567939
PID_0Ch,682.0,1595994534.356735
PID_0Ch,693.0,1595994535.257241
PID_0Ch,684.0,1595994540.7577481
PID_0Ch,680.0,1595994540.958441
PID_0Ch,676.0,1595994542.5555892
PID_0Ch,672.0,1595994543.0553038
PID_0Ch,765.0,1595994543.8582964
PID_0Ch,1111.0,1595994544.256245
PID_0Ch,1791.0,1595994545.3574471
PID_0Ch,1466.0,1595994547.855715
PID_0Ch,1774.0,1595994548.756776
PID_0Ch,1820.0,1595994548.9576774
PID_0Ch,1829.0,1595994549.25642
PID_0Ch,2085.0,1595994550.3580182
PID_0Ch,1748.0,1595994551.3575358
PID_0Ch,1743.0,1595994551.4564302
PID_0Ch,1980.0,1595994552.655817
PID_0Ch,2118.0,1595994553.356409
PID_0Ch,2165.0,1595994553.655967
PID_0Ch,1844.0,1595994554.757336
PID_0Ch,1839.0,1595994554.8559961
PID_0Ch,1867.0,1595994555.0561886
PID_0Ch,1911.0,1595994555.457664
PID_0Ch,1977.0,1595994556.0555332
PID_0Ch,2097.0,1595994557.0552812
PID_0Ch,1821.0,1595994557.657037
PID_0Ch,1684.0,1595994557.857419
PID_0Ch,1602.0,1595994559.5574212
PID_0Ch,1604.0,1595994559.656327
PID_0Ch,1609.0,1595994560.0571039
PID_0Ch,1572.0,1595994561.5563376
PID_0Ch,1478.0,1595994562.256789
PID_0Ch,1520.0,1595994565.255158
PID_0Ch,1565.0,1595994569.65777
PID_0Ch,1578.0,1595994570.157353
PID_0Ch,1581.0,1595994570.4563189
PID_0Ch,1587.0,1595994570.755947
PID_0Ch,1608.0,1595994572.856629
PID_0Ch,1582.0,1595994576.354645
PID_0Ch,1581.0,1595994577.357837
PID_0Ch,1577.0,1595994577.456092
PID_0Ch,1578.0,1595994577.7558134
PID_0Ch,1818.0,1595994579.655565
PID_0Ch,1947.0,1595994583.055596
PID_0Ch,1946.0,1595994583.354707
PID_0Ch,2008.0,1595994585.1564019
PID_0Ch,2090.0,1595994585.557581
PID_0Ch,2107.0,1595994585.754415
PID_0Ch,1901.0,1595994586.553071
PID_0Ch,1825.0,1595994587.056891
PID_0Ch,1842.0,1595994587.855351
PID_0Ch,1940.0,1595994588.654332
PID_0Ch,1966.0,1595994589.956648
PID_0Ch,1949.0,1595994591.0544689
PID_0Ch,1962.0,1595994593.0570278
PID_0Ch,1649.0,1595994594.9574661
PID_0Ch,1645.0,1595994595.055705
PID_0Ch,1534.0,1595994597.554591
PID_0Ch,1473.0,1595994601.7564669
PID_0Ch,1250.0,1595994603.657151
PID_0Ch,1169.0,1595994605.2548852
PID_0Ch,1145.0,1595994605.9545786
PID_0Ch,999.0,1595994607.454209
PID_0Ch,889.0,1595994608.0557694
PID_0Ch,869.0,1595994610.0550454
PID_0Ch,877.0,1595994610.1570652
PID_0Ch,745.0,1595994611.7547572
PID_0Ch,695.0,1595994613.655338
PID_0Ch,727.0,1595994614.1544142
PID_0Ch,1466.0,1595994615.6537051
PID_0Ch,1626.0,1595994616.2557259
PID_0Ch,2406.0,1595994617.9554274
PID_0Ch,2173.0,1595994618.5535831
PID_0Ch,2168.0,1595994618.6558988
PID_0Ch,2241.0,1595994619.0571132
PID_0Ch,2408.0,1595994620.6551962
PID_0Ch,2488.0,1595994621.0558872
PID_0Ch,2034.0,1595994622.055243
PID_0Ch,1938.0,1595994622.3547578
PID_0Ch,1293.0,1595994624.0545046
PID_0Ch,1182.0,1595994625.254348
PID_0Ch,1163.0,1595994625.655519
PID_0Ch,1051.0,1595994627.056227
PID_0Ch,870.0,1595994627.95345
PID_0Ch,685.0,1595994631.156118
PID_0Ch,699.0,1595994632.1555884
PID_0Ch,701.0,1595994632.655395
PID_0Ch,690.0,1595994640.2531562
PID_0Ch,687.0,1595994641.6540859
PID_0Ch,678.0,1595994642.7556179
PID_0Ch,677.0,1595994643.4556038
PID_0Ch,674.0,1595994643.853624
PID_0Ch,670.0,1595994644.156283
PID_0Ch,680.0,1595994652.356019
PID_0Ch,676.0,1595994652.4542909
PID_0Ch,681.0,1595994652.954136
PID_0Ch,672.0,1595994654.3547368
PID_0Ch,682.0,1595994654.9530602
PID_0Ch,675.0,1595994655.5548859
PID_0Ch,686.0,1595994657.3537226
PID_0Ch,675.0,1595994658.1555462
PID_0Ch,678.0,1595994660.253033
PID_0Ch,664.0,1595994660.953525
PID_0Ch,682.0,1595994662.2556329
PID_0Ch,678.0,1595994663.25498
PID_0Ch,686.0,1595994663.353642
PID_0Ch,680.0,1595994663.75469
PID_0Ch,689.0,1595994664.156008
PID_0Ch,686.0,1595994666.2535071
PID_0Ch,686.0,1595994666.355242
PID_0Ch,682.0,1595994666.752991
PID_0Ch,676.0,1595994667.6537619
PID_0Ch,669.0,1595994669.5543098
PID_0Ch,1183.0,1595994671.45485
PID_0Ch,1328.0,1595994671.655384
PID_0Ch,2266.0,1595994673.5558732
PID_0Ch,2209.0,1595994673.8548882
PID_0Ch,1467.0,1595994674.35461
PID_0Ch,1323.0,1595994675.7554061
PID_0Ch,1349.0,1595994675.9522402
PID_0Ch,1359.0,1595994676.0541599
PID_0Ch,1535.0,1595994676.2552152
PID_0Ch,1788.0,1595994678.454447
PID_0Ch,1666.0,1595994678.553191
PID_0Ch,1649.0,1595994679.154924
PID_0Ch,1681.0,1595994679.355244
PID_0Ch,1806.0,1595994680.05602
PID_0Ch,1835.0,1595994681.255862
PID_0Ch,1934.0,1595994681.853964
PID_0Ch,1936.0,1595994682.653014
PID_0Ch,1756.0,1595994683.652201
PID_0Ch,1781.0,1595994683.9551294
PID_0Ch,1917.0,1595994685.3526864
PID_0Ch,1987.0,1595994686.1545112
PID_0Ch,1631.0,1595994688.4531898
PID_0Ch,1516.0,1595994690.5533938
PID_0Ch,1506.0,1595994690.754276
PID_0Ch,1576.0,1595994692.5524216
PID_0Ch,1625.0,1595994694.0514636
PID_0Ch,1657.0,1595994696.2548008
PID_0Ch,1614.0,1595994698.0531368
PID_0Ch,1633.0,1595994698.650958
PID_0Ch,1648.0,1595994698.85562
PID_0Ch,1653.0,1595994699.552006
PID_0Ch,1608.0,1595994700.354656
PID_0Ch,1614.0,1595994701.5549386
PID_0Ch,1616.0,1595994702.353434
PID_0Ch,1613.0,1595994703.2546294
PID_0Ch,1620.0,1595994703.652052
PID_0Ch,1622.0,1595994704.954249
PID_0Ch,1628.0,1595994705.154924
PID_0Ch,1598.0,1595994708.251631
PID_0Ch,1653.0,1595994709.254816
PID_0Ch,1661.0,1595994710.053388
PID_0Ch,1689.0,1595994711.253527
PID_0Ch,1628.0,1595994711.954006
PID_0Ch,1678.0,1595994713.2527628
PID_0Ch,1646.0,1595994714.853966
PID_0Ch,1671.0,1595994716.152525
PID_0Ch,1648.0,1595994717.753752
PID_0Ch,1620.0,1595994718.2534466
PID_0Ch,1593.0,1595994720.252459
PID_0Ch,1589.0,1595994720.8540099
PID_0Ch,1584.0,1595994721.0511699
PID_0Ch,1587.0,1595994721.554526
PID_0Ch,1571.0,1595994722.6525211
PID_0Ch,1571.0,1595994723.4549482
PID_0Ch,1575.0,1595994724.753341
PID_0Ch,1553.0,1595994724.954122
PID_0Ch,1394.0,1595994729.652522
PID_0Ch,1387.0,1595994729.9509962
PID_0Ch,1404.0,1595994733.6536262
PID_0Ch,1410.0,1595994734.55468
PID_0Ch,1406.0,1595994734.952235
PID_0Ch,1415.0,1595994735.0543132
PID_0Ch,1442.0,1595994736.254592
PID_0Ch,1461.0,1595994737.454466
PID_0Ch,1499.0,1595994739.4529061
PID_0Ch,1512.0,1595994739.854611
PID_0Ch,1535.0,1595994740.6534138
PID_0Ch,1623.0,1595994745.052001
PID_0Ch,1628.0,1595994745.3513222
PID_0Ch,1630.0,1595994746.354321
PID_0Ch,1609.0,1595994747.452252
PID_0Ch,1604.0,1595994747.550643
PID_0Ch,1534.0,1595994749.754118
PID_0Ch,1519.0,1595994750.053061
PID_0Ch,1430.0,1595994751.351858
PID_0Ch,1395.0,1595994752.6539578
PID_0Ch,1374.0,1595994753.354113
PID_0Ch,1404.0,1595994753.653337
PID_0Ch,1389.0,1595994754.554534
PID_0Ch,1400.0,1595994754.6527119
PID_0Ch,1399.0,1595994754.751175
PID_0Ch,1393.0,1595994754.853192
PID_0Ch,1386.0,1595994755.250907
PID_0Ch,1294.0,1595994757.954273
PID_0Ch,1394.0,1595994758.252948
PID_0Ch,1439.0,1595994758.650432
PID_0Ch,1445.0,1595994759.252348
PID_0Ch,1456.0,1595994760.051289
PID_0Ch,1470.0,1595994763.7536972
PID_0Ch,1472.0,1595994764.5522716
PID_0Ch,1388.0,1595994766.0516331
PID_0Ch,1375.0,1595994766.25192
PID_0Ch,1372.0,1595994766.350423
PID_0Ch,1349.0,1595994766.850733
PID_0Ch,1320.0,1595994767.6527848
PID_0Ch,1300.0,1595994768.1525419
PID_0Ch,1262.0,1595994769.2541962
PID_0Ch,1177.0,1595994770.651192
PID_0Ch,1155.0,1595994771.052293
PID_0Ch,1143.0,1595994771.2530868
PID_0Ch,1133.0,1595994771.953542
PID_0Ch,1057.0,1595994772.350786
PID_0Ch,1019.0,1595994772.653839
PID_0Ch,984.0,1595994772.9529312
PID_0Ch,947.0,1595994773.452424
PID_0Ch,932.0,1595994773.6530418
PID_0Ch,1085.0,1595994775.6518948
PID_0Ch,1072.0,1595994775.9511518
PID_0Ch,1060.0,1595994776.151569
PID_0Ch,973.0,1595994777.2534099
PID_0Ch,895.0,1595994778.2529302
PID_0Ch,915.0,1595994778.5515919
PID_0Ch,767.0,1595994780.550677
PID_0Ch,699.0,1595994782.4512286
PID_0Ch,715.0,1595994783.950358
PID_0Ch,745.0,1595994784.3516939
PID_0Ch,833.0,1595994784.752685
PID_0Ch,952.0,1595994784.953544
PID_0Ch,1188.0,1595994785.1503966
PID_0Ch,2004.0,1595994786.65328
PID_0Ch,2136.0,1595994786.95225
PID_0Ch,2100.0,1595994788.553586
PID_0Ch,2163.0,1595994788.750344
PID_0Ch,2445.0,1595994789.950506
PID_0Ch,2833.0,1595994791.052109
PID_0Ch,2503.0,1595994791.453429
PID_0Ch,2474.0,1595994793.4522061
PID_0Ch,2102.0,1595994794.7511768
PID_0Ch,2142.0,1595994795.1519842
PID_0Ch,2158.0,1595994795.352431
PID_0Ch,1576.0,1595994797.4500089
PID_0Ch,1579.0,1595994797.5521126
PID_0Ch,1619.0,1595994797.953547
PID_0Ch,1597.0,1595994798.252697
PID_0Ch,1603.0,1595994798.453349
PID_0Ch,1618.0,1595994800.8533251
PID_0Ch,1620.0,1595994800.9516318
PID_0Ch,1631.0,1595994801.9515321
PID_0Ch,1629.0,1595994804.3511274
PID_0Ch,1648.0,1595994804.6504269
PID_0Ch,1643.0,1595994804.8516529
PID_0Ch,1641.0,1595994806.8497891
PID_0Ch,1642.0,1595994807.751164
PID_0Ch,1636.0,1595994809.2500188
PID_0Ch,1633.0,1595994809.950368
PID_0Ch,1635.0,1595994810.851298
PID_0Ch,1637.0,1595994811.1504948
PID_0Ch,1643.0,1595994812.452806
PID_0Ch,1649.0,1595994813.5506098
PID_0Ch,1653.0,1595994814.3530939
PID_0Ch,1655.0,1595994815.0496788
PID_0Ch,1646.0,1595994815.2503831
PID_0Ch,1679.0,1595994816.753233
PID_0Ch,1687.0,1595994817.4497302
PID_0Ch,1728.0,1595994819.2517602
PID_0Ch,1722.0,1595994820.152829
PID_0Ch,1720.0,1595994820.2510571
PID_0Ch,1717.0,1595994820.349609
PID_0Ch,1657.0,1595994823.249341
PID_0Ch,1672.0,1595994824.350736
PID_0Ch,1673.0,1595994824.4495142
PID_0Ch,1663.0,1595994824.8506439
PID_0Ch,1667.0,1595994825.550844
PID_0Ch,1693.0,1595994827.3494241
PID_0Ch,1692.0,1595994827.451458
PID_0Ch,1694.0,1595994827.6521568
PID_0Ch,1696.0,1595994828.450699
PID_0Ch,1697.0,1595994829.151082
PID_0Ch,1698.0,1595994829.450737
PID_0Ch,1708.0,1595994831.051589
PID_0Ch,1706.0,1595994832.350809
PID_0Ch,1694.0,1595994833.6487038
PID_0Ch,1688.0,1595994833.95152
PID_0Ch,1678.0,1595994834.549593
PID_0Ch,1687.0,1595994835.0494454
PID_0Ch,1681.0,1595994835.549143
PID_0Ch,1619.0,1595994836.048734
PID_0Ch,1633.0,1595994836.552302
PID_0Ch,1633.0,1595994838.551059
PID_0Ch,1681.0,1595994839.25151
PID_0Ch,1601.0,1595994840.5501099
PID_0Ch,1657.0,1595994842.552681
PID_0Ch,1740.0,1595994849.249475
PID_0Ch,1739.0,1595994849.351837
PID_0Ch,1748.0,1595994849.950057
PID_0Ch,1756.0,1595994850.6499221
PID_0Ch,1775.0,1595994852.9519038
PID_0Ch,1380.0,1595994853.4518
PID_0Ch,1375.0,1595994853.648448
PID_0Ch,1380.0,1595994855.2501626
PID_0Ch,1362.0,1595994856.150718
PID_0Ch,1362.0,1595994857.1500092
PID_0Ch,1239.0,1595994858.5507786
PID_0Ch,1235.0,1595994858.7517052
PID_0Ch,1195.0,1595994860.5503561
PID_0Ch,1195.0,1595994860.848814
PID_0Ch,1185.0,1595994861.450718
PID_0Ch,1772.0,1595994864.3504682
PID_0Ch,1845.0,1595994864.850208
PID_0Ch,1668.0,1595994865.849361
PID_0Ch,1721.0,1595994868.95005
PID_0Ch,1853.0,1595994869.351559
PID_0Ch,1809.0,1595994871.0512
PID_0Ch,1909.0,1595994872.550287
PID_0Ch,2053.0,1595994873.3487349
PID_0Ch,2007.0,1595994873.4515042
PID_0Ch,1874.0,1595994874.049883
PID_0Ch,1715.0,1595994874.749644
PID_0Ch,1871.0,1595994875.85173
PID_0Ch,1308.0,1595994877.44924
PID_0Ch,1185.0,1595994879.0504448
PID_0Ch,1145.0,1595994879.549941
PID_0Ch,1131.0,1595994879.7509034
PID_0Ch,1127.0,1595994879.849629
PID_0Ch,1132.0,1595994880.651767
PID_0Ch,1089.0,1595994881.950249
PID_0Ch,1056.0,1595994884.4489338
PID_0Ch,1073.0,1595994884.74784
PID_0Ch,1097.0,1595994885.5504198
PID_0Ch,1177.0,1595994886.8489652
PID_0Ch,1181.0,1595994887.0497382
PID_0Ch,1184.0,1595994887.250162
PID_0Ch,1187.0,1595994887.4509141
PID_0Ch,1176.0,1595994887.54962
PID_0Ch,1176.0,1595994887.9504306
PID_0Ch,1165.0,1595994888.049024
PID_0Ch,1040.0,1595994890.4495802
PID_0Ch,994.0,1595994890.7482398
PID_0Ch,879.0,1595994891.948208
PID_0Ch,905.0,1595994892.1485631
PID_0Ch,962.0,1595994894.249865
PID_0Ch,860.0,1595994895.851306
PID_0Ch,709.0,1595994897.6493702
PID_0Ch,700.0,1595994900.4508722
PID_0Ch,697.0,1595994902.4496698
PID_0Ch,678.0,1595994903.5514162
PID_0Ch,688.0,1595994904.350084
PID_0Ch,688.0,1595994906.4513881
PID_0Ch,684.0,1595994906.7501626
PID_0Ch,731.0,1595994907.549377
PID_0Ch,817.0,1595994908.8511882
PID_0Ch,2488.0,1595994911.247633
PID_0Ch,2067.0,1595994911.6487126
PID_0Ch,2112.0,1595994911.947886
PID_0Ch,2243.0,1595994913.7499402
PID_0Ch,2088.0,1595994913.848636
PID_0Ch,2168.0,1595994915.949315
PID_0Ch,2328.0,1595994916.649678
PID_0Ch,2391.0,1595994917.051261
PID_0Ch,1443.0,1595994919.750384
PID_0Ch,1287.0,1595994920.749664
PID_0Ch,1298.0,1595994921.949831
PID_0Ch,1272.0,1595994922.347789
PID_0Ch,1116.0,1595994923.5512068
PID_0Ch,1083.0,1595994923.748169
PID_0Ch,1043.0,1595994923.8502722
PID_0Ch,1528.0,1595994925.7507632
PID_0Ch,2240.0,1595994926.6476731
PID_0Ch,1419.0,1595994931.148881
PID_0Ch,1409.0,1595994931.947747
PID_0Ch,1376.0,1595994938.447756
PID_0Ch,1511.0,1595994939.4471948
PID_0Ch,2147.0,1595994944.2476008
PID_0Ch,1759.0,1595994945.348747
PID_0Ch,1628.0,1595994948.348037
PID_0Ch,1629.0,1595994948.5481546
PID_0Ch,1677.0,1595994951.947511
PID_0Ch,1690.0,1595994952.750166
PID_0Ch,1691.0,1595994954.449949
PID_0Ch,1705.0,1595994955.6499949
PID_0Ch,1708.0,1595994956.149805
PID_0Ch,1693.0,1595994957.247591
PID_0Ch,1680.0,1595994957.447907
PID_0Ch,1655.0,1595994958.246794
PID_0Ch,1612.0,1595994959.3484511
PID_0Ch,1578.0,1595994961.146784
PID_0Ch,1580.0,1595994963.349921
PID_0Ch,1601.0,1595994964.848881
PID_0Ch,1578.0,1595994967.146805
PID_0Ch,1557.0,1595994967.9496794
PID_0Ch,1445.0,1595994970.84956
PID_0Ch,1441.0,1595994971.0462458
PID_0Ch,1431.0,1595994971.1484349
PID_0Ch,1378.0,1595994972.447051
PID_0Ch,1198.0,1595994974.449655
PID_0Ch,1183.0,1595994974.5479438
PID_0Ch,1136.0,1595994974.748628
PID_0Ch,1009.0,1595994976.9481752
PID_0Ch,2019.0,1595994979.2500658
PID_0Ch,2125.0,1595994980.749194
PID_0Ch,2398.0,1595994982.948389
PID_0Ch,1996.0,1595994984.448191
PID_0Ch,1948.0,1595994986.048735
PID_0Ch,1965.0,1595994986.245877
PID_0Ch,1968.0,1595994986.3479712
PID_0Ch,1547.0,1595994988.047612
PID_0Ch,1507.0,1595994989.8497226
PID_0Ch,1584.0,1595994991.3489
PID_0Ch,1724.0,1595994993.74925
PID_0Ch,1788.0,1595994995.0478609
PID_0Ch,1797.0,1595994995.248162
PID_0Ch,1863.0,1595994996.74735
PID_0Ch,1470.0,1595995000.748866
PID_0Ch,1421.0,1595995003.747367
PID_0Ch,1415.0,1595995004.1482828
PID_0Ch,1392.0,1595995005.647279
PID_0Ch,1384.0,1595995006.1475258
PID_0Ch,1378.0,1595995009.5470052
PID_0Ch,1396.0,1595995013.147073
PID_0Ch,1395.0,1595995016.1491158
PID_0Ch,1397.0,1595995017.148421
PID_0Ch,1385.0,1595995017.447432
PID_0Ch,2307.0,1595995019.3478
PID_0Ch,2314.0,1595995020.248893
PID_0Ch,2310.0,1595995021.146237
PID_0Ch,2303.0,1595995023.1486974
PID_0Ch,2037.0,1595995025.0491
PID_0Ch,1436.0,1595995029.546761
PID_0Ch,1417.0,1595995030.046365
PID_0Ch,1417.0,1595995030.2466722
PID_0Ch,1419.0,1595995030.546218
PID_0Ch,1415.0,1595995030.648212
PID_0Ch,1397.0,1595995031.246439
PID_0Ch,1396.0,1595995032.347889
PID_0Ch,2296.0,1595995033.945454
PID_0Ch,2319.0,1595995034.047654
PID_0Ch,1731.0,1595995037.246384
PID_0Ch,1427.0,1595995039.749022
PID_0Ch,1448.0,1595995040.6462052
PID_0Ch,1466.0,1595995041.248151
PID_0Ch,1466.0,1595995042.3460119
PID_0Ch,1437.0,1595995043.4475038
PID_0Ch,1440.0,1595995043.648339
PID_0Ch,1449.0,1595995044.446839
PID_0Ch,1529.0,1595995045.7455392
PID_0Ch,1513.0,1595995046.548082
PID_0Ch,1507.0,1595995046.7486439
PID_0Ch,1477.0,1595995047.248328
PID_0Ch,1472.0,1595995047.3466802
PID_0Ch,1468.0,1595995048.448454
PID_0Ch,1466.0,1595995048.845877
PID_0Ch,1314.0,1595995053.5476038
PID_0Ch,1307.0,1595995054.1458502
PID_0Ch,1304.0,1595995054.846428
PID_0Ch,1380.0,1595995055.2475462
PID_0Ch,1698.0,1595995057.147968
PID_0Ch,1532.0,1595995057.9464774
PID_0Ch,1377.0,1595995060.0477078
PID_0Ch,1376.0,1595995060.44532
PID_0Ch,1373.0,1595995060.7480679
PID_0Ch,1377.0,1595995061.3462331
PID_0Ch,1379.0,1595995062.546196
PID_0Ch,1378.0,1595995062.6486099
PID_0Ch,1379.0,1595995063.345113
PID_0Ch,1375.0,1595995064.045557
PID_0Ch,1375.0,1595995064.5452318
PID_0Ch,1429.0,1595995065.8474636
PID_0Ch,1432.0,1595995066.4456599
PID_0Ch,1429.0,1595995069.346049
PID_0Ch,1426.0,1595995069.9473462
PID_0Ch,1420.0,1595995072.048445
PID_0Ch,1777.0,1595995075.046514
PID_0Ch,1496.0,1595995076.845202
PID_0Ch,1498.0,1595995077.147865
PID_0Ch,1500.0,1595995077.4466631
PID_0Ch,1291.0,1595995078.2456374
PID_0Ch,1150.0,1595995080.944749
PID_0Ch,1126.0,1595995083.2462142
PID_0Ch,1131.0,1595995083.3450089
PID_0Ch,1105.0,1595995084.544872
PID_0Ch,1112.0,1595995084.647295
PID_0Ch,1108.0,1595995086.1462002
PID_0Ch,1112.0,1595995086.846741
PID_0Ch,1111.0,1595995087.4447892
PID_0Ch,1126.0,1595995090.0456789
PID_0Ch,1132.0,1595995090.4468222
PID_0Ch,1151.0,1595995091.9458358
PID_0Ch,1179.0,1595995092.646312
PID_0Ch,1258.0,1595995093.747656
PID_0Ch,1165.0,1595995095.7468832
PID_0Ch,1184.0,1595995099.146231
PID_0Ch,1173.0,1595995099.547764
PID_0Ch,1187.0,1595995099.8467982
PID_0Ch,1212.0,1595995100.346299
PID_0Ch,1214.0,1595995100.8459468
PID_0Ch,1210.0,1595995102.144604
PID_0Ch,1227.0,1595995106.944875
PID_0Ch,1214.0,1595995107.047082
PID_0Ch,1233.0,1595995107.7436204
PID_0Ch,1234.0,1595995107.845747
PID_0Ch,1249.0,1595995108.7470539
PID_0Ch,1256.0,1595995110.245774
PID_0Ch,1226.0,1595995112.445278
PID_0Ch,1196.0,1595995112.84671
PID_0Ch,1171.0,1595995113.445096
PID_0Ch,1120.0,1595995114.7475488
PID_0Ch,1123.0,1595995114.845506
PID_0Ch,1106.0,1595995115.144808
PID_0Ch,1116.0,1595995117.847635
PID_0Ch,1108.0,1595995118.3473954
PID_0Ch,1093.0,1595995118.544238
PID_0Ch,1053.0,1595995119.145816
PID_0Ch,930.0,1595995120.2439492
PID_0Ch,1013.0,1595995121.3455038
PID_0Ch,977.0,1595995123.647601
PID_0Ch,877.0,1595995124.245315
PID_0Ch,886.0,1595995124.5444634
PID_0Ch,894.0,1595995125.044252
PID_0Ch,795.0,1595995125.9450712
PID_0Ch,799.0,1595995126.047592
PID_0Ch,769.0,1595995126.8462949
PID_0Ch,715.0,1595995127.444482
PID_0Ch,704.0,1595995127.7472806
PID_0Ch,706.0,1595995129.946825
PID_0Ch,694.0,1595995130.446399
PID_0Ch,699.0,1595995131.544173
PID_0Ch,697.0,1595995131.945324
PID_0Ch,683.0,1595995132.8464918
PID_0Ch,689.0,1595995133.444833
PID_0Ch,684.0,1595995133.645186
PID_0Ch,690.0,1595995134.04323
PID_0Ch,689.0,1595995134.144752
PID_0Ch,669.0,1595995135.447424
PID_0Ch,677.0,1595995137.446013
PID_0Ch,690.0,1595995138.445462
PID_0Ch,674.0,1595995138.945076
PID_0Ch,669.0,1595995139.547123
PID_0Ch,680.0,1595995140.444465
PID_0Ch,679.0,1595995141.046311
PID_0Ch,673.0,1595995141.1449652
PID_0Ch,673.0,1595995141.34524
PID_0Ch,671.0,1595995141.443831
PID_0Ch,674.0,1595995143.4464269
PID_0Ch,685.0,1595995144.544291
PID_0Ch,685.0,1595995144.646464
PID_0Ch,679.0,1595995144.744668
PID_0Ch,682.0,1595995146.444454
PID_0Ch,675.0,1595995147.3457012
PID_0Ch,675.0,1595995147.84529
PID_0Ch,682.0,1595995151.445536
PID_0Ch,675.0,1595995151.646368
PID_0Ch,677.0,1595995152.24469
PID_0Ch,677.0,1595995152.846447
PID_0Ch,681.0,1595995153.346157
PID_0Ch,674.0,1595995153.743521
PID_0Ch,671.0,1595995154.74677
PID_0Ch,675.0,1595995156.2459528
PID_0Ch,680.0,1595995157.044574
PID_0Ch,681.0,1595995159.145571
PID_0Ch,668.0,1595995161.2466931
PID_0Ch,711.0,1595995161.943318
PID_0Ch,739.0,1595995162.2461321
PID_0Ch,1508.0,1595995163.6431308
PID_0Ch,1646.0,1595995163.9459481
PID_0Ch,1866.0,1595995164.343387
PID_0Ch,2366.0,1595995165.346693
PID_0Ch,2453.0,1595995167.7468581
PID_0Ch,2111.0,1595995168.344705
PID_0Ch,2110.0,1595995169.4427118
PID_0Ch,2172.0,1595995169.946292
PID_0Ch,1437.0,1595995173.8453698
PID_0Ch,1231.0,1595995175.045385
PID_0Ch,1952.0,1595995179.346347
PID_0Ch,2099.0,1595995180.444188
PID_0Ch,1943.0,1595995181.9431179
PID_0Ch,1964.0,1595995183.044584
PID_0Ch,1685.0,1595995184.343211
PID_0Ch,1604.0,1595995184.543574
PID_0Ch,1567.0,1595995185.4447439
PID_0Ch,1591.0,1595995186.145163
PID_0Ch,1738.0,1595995188.545223
PID_0Ch,1774.0,1595995189.343978
PID_0Ch,1530.0,1595995190.142844
PID_0Ch,1364.0,1595995191.6458
PID_0Ch,1414.0,1595995194.144246
PID_0Ch,1399.0,1595995195.442821
PID_0Ch,1387.0,1595995196.2455108
PID_0Ch,1380.0,1595995197.744422
PID_0Ch,1363.0,1595995202.44265
PID_0Ch,1355.0,1595995202.946157
PID_0Ch,1348.0,1595995204.445375
PID_0Ch,1343.0,1595995204.74417
PID_0Ch,1343.0,1595995204.945025
PID_0Ch,1342.0,1595995205.1455119
PID_0Ch,1518.0,1595995206.345803
PID_0Ch,1709.0,1595995206.9434538
PID_0Ch,1703.0,1595995207.4433954
PID_0Ch,1701.0,1595995208.24225
PID_0Ch,1696.0,1595995209.446146
PID_0Ch,1678.0,1595995210.142678
PID_0Ch,1618.0,1595995213.542167
PID_0Ch,1572.0,1595995213.74279
PID_0Ch,1560.0,1595995213.845283
PID_0Ch,1591.0,1595995214.5455966
PID_0Ch,1608.0,1595995214.6435869
PID_0Ch,1587.0,1595995215.242076
PID_0Ch,1574.0,1595995215.442644
PID_0Ch,1555.0,1595995215.8437538
PID_0Ch,1545.0,1595995216.1430569
PID_0Ch,1444.0,1595995218.243859
PID_0Ch,1337.0,1595995220.345027
PID_0Ch,1214.0,1595995221.84421
PID_0Ch,1156.0,1595995222.343819
PID_0Ch,994.0,1595995223.642283
PID_0Ch,980.0,1595995226.9432461
PID_0Ch,917.0,1595995228.24211
PID_0Ch,901.0,1595995228.942388
PID_0Ch,875.0,1595995229.143262
PID_0Ch,755.0,1595995230.4452288
PID_0Ch,764.0,1595995230.543627
PID_0Ch,705.0,1595995233.4434738
PID_0Ch,692.0,1595995235.843573
PID_0Ch,673.0,1595995236.441727
PID_0Ch,682.0,1595995239.845197
PID_0Ch,679.0,1595995240.242746
PID_0Ch,679.0,1595995241.443321
PID_0Ch,682.0,1595995241.6431842
PID_0Ch,677.0,1595995243.342792
PID_0Ch,681.0,1595995244.3424158
PID_0Ch,664.0,1595995245.3419409
PID_0Ch,687.0,1595995245.841648
PID_0Ch,681.0,1595995246.144632
PID_0Ch,675.0,1595995247.2424252
PID_0Ch,673.0,1595995247.643544
PID_0Ch,684.0,1595995247.942978
PID_0Ch,690.0,1595995248.2418132
PID_0Ch,664.0,1595995249.642646
PID_0Ch,684.0,1595995250.142377
PID_0Ch,683.0,1595995250.8426
PID_0Ch,676.0,1595995252.243118
PID_0Ch,683.0,1595995252.542282
PID_0Ch,684.0,1595995252.7428188
PID_0Ch,679.0,1595995254.5450208
PID_0Ch,685.0,1595995255.343637
PID_0Ch,673.0,1595995255.8433
PID_0Ch,669.0,1595995256.044043
PID_0Ch,682.0,1595995257.645516
PID_0Ch,674.0,1595995258.243688
PID_0Ch,681.0,1595995259.0430534
PID_0Ch,676.0,1595995260.3446634
PID_0Ch,681.0,1595995261.0416784
PID_0Ch,679.0,1595995262.5440981
PID_0Ch,692.0,1595995263.142367
PID_0Ch,736.0,1595995263.641956
PID_0Ch,1541.0,1595995265.3416
PID_0Ch,2162.0,1595995268.441816
PID_0Ch,1866.0,1595995270.3424358
PID_0Ch,1905.0,1595995270.842016
PID_0Ch,2014.0,1595995271.641113
PID_0Ch,2051.0,1595995271.841723
PID_0Ch,2037.0,1595995272.841235
PID_0Ch,1863.0,1595995273.442951
PID_0Ch,2083.0,1595995275.544258
PID_0Ch,1753.0,1595995276.0435948
PID_0Ch,1614.0,1595995276.842391
PID_0Ch,1644.0,1595995277.8421679
PID_0Ch,1665.0,1595995278.341347
PID_0Ch,1687.0,1595995278.7429252
PID_0Ch,1361.0,1595995281.441953
PID_0Ch,1352.0,1595995281.741324
PID_0Ch,1400.0,1595995283.043643
PID_0Ch,1402.0,1595995283.142093
PID_0Ch,1424.0,1595995284.34208
PID_0Ch,1427.0,1595995284.6411798
PID_0Ch,1434.0,1595995285.042339
PID_0Ch,1420.0,1595995285.943269
PID_0Ch,1313.0,1595995286.140199
PID_0Ch,1252.0,1595995288.4416711
PID_0Ch,1232.0,1595995289.543644
PID_0Ch,1214.0,1595995289.941205
PID_0Ch,1415.0,1595995291.743031
PID_0Ch,1417.0,1595995291.841537
PID_0Ch,1537.0,1595995292.5420382
PID_0Ch,1474.0,1595995294.344012
PID_0Ch,1355.0,1595995295.544014
PID_0Ch,1358.0,1595995295.6421616
PID_0Ch,1350.0,1595995297.341904
PID_0Ch,1351.0,1595995297.542664
PID_0Ch,1347.0,1595995299.041781
PID_0Ch,1352.0,1595995300.540949
PID_0Ch,1361.0,1595995301.2414742
PID_0Ch,1363.0,1595995302.342937
PID_0Ch,1359.0,1595995302.441077
PID_0Ch,1397.0,1595995303.543114
PID_0Ch,1376.0,1595995303.743851
PID_0Ch,1378.0,1595995304.8412304
PID_0Ch,1379.0,1595995304.9438472
PID_0Ch,1373.0,1595995305.64034
PID_0Ch,1372.0,1595995307.843614
PID_0Ch,1356.0,1595995308.343272
PID_0Ch,1370.0,1595995309.744124
PID_0Ch,1378.0,1595995311.042464
PID_0Ch,1374.0,1595995311.5420768
PID_0Ch,1379.0,1595995311.9436958
PID_0Ch,1376.0,1595995312.3409102
PID_0Ch,1376.0,1595995313.2417998
PID_0Ch,1376.0,1595995313.340409
PID_0Ch,1376.0,1595995314.6425688
PID_0Ch,1403.0,1595995316.8420439
PID_0Ch,1397.0,1595995317.141251
PID_0Ch,1407.0,1595995317.743217
PID_0Ch,1397.0,1595995318.341248
PID_0Ch,1399.0,1595995318.6403682
PID_0Ch,1399.0,1595995318.8410866
PID_0Ch,1398.0,1595995319.3407412
PID_0Ch,1391.0,1595995321.0411286
PID_0Ch,1393.0,1595995322.342758
PID_0Ch,1396.0,1595995322.641618
PID_0Ch,1393.0,1595995323.739604
PID_0Ch,1396.0,1595995325.640182
PID_0Ch,1397.0,1595995326.241859
PID_0Ch,1394.0,1595995326.4426892
PID_0Ch,1390.0,1595995327.843484
PID_0Ch,1394.0,1595995328.1424034
PID_0Ch,1399.0,1595995328.740601
PID_0Ch,1398.0,1595995329.641474
PID_0Ch,1404.0,1595995330.841483
PID_0Ch,1408.0,1595995332.242195
PID_0Ch,1407.0,1595995333.540532
PID_0Ch,1405.0,1595995334.142738
PID_0Ch,1405.0,1595995335.9409199
PID_0Ch,1406.0,1595995336.940327
PID_0Ch,1403.0,1595995337.9437306
PID_0Ch,1411.0,1595995338.9430668
PID_0Ch,1411.0,1595995339.540889
PID_0Ch,1413.0,1595995339.942503
PID_0Ch,1413.0,1595995340.839574
PID_0Ch,1414.0,1595995342.040503
PID_0Ch,1413.0,1595995342.240358
PID_0Ch,1417.0,1595995342.6412814
PID_0Ch,1415.0,1595995343.6411462
PID_0Ch,1435.0,1595995345.4430466
PID_0Ch,1439.0,1595995345.5412269
PID_0Ch,1441.0,1595995345.840457
PID_0Ch,1451.0,1595995347.4417539
PID_0Ch,1463.0,1595995348.842707
PID_0Ch,1462.0,1595995349.1415858
PID_0Ch,1477.0,1595995350.239448
PID_0Ch,1476.0,1595995351.340817
PID_0Ch,1447.0,1595995351.64014
PID_0Ch,1409.0,1595995353.7412179
PID_0Ch,1392.0,1595995354.441513
PID_0Ch,1458.0,1595995355.440772
PID_0Ch,1394.0,1595995356.1411939
PID_0Ch,1366.0,1595995357.742903
PID_0Ch,1359.0,1595995358.041653
PID_0Ch,1398.0,1595995358.639886
PID_0Ch,1368.0,1595995360.339797
PID_0Ch,1357.0,1595995360.74081
PID_0Ch,1439.0,1595995361.142383
PID_0Ch,1387.0,1595995362.240109
PID_0Ch,1527.0,1595995364.943089
PID_0Ch,1519.0,1595995367.540224
PID_0Ch,1525.0,1595995367.638576
PID_0Ch,1531.0,1595995367.740559
PID_0Ch,1236.0,1595995368.940596
PID_0Ch,1203.0,1595995369.641011
PID_0Ch,1197.0,1595995369.841801
PID_0Ch,1071.0,1595995372.2420778
PID_0Ch,1100.0,1595995373.4420204
PID_0Ch,1118.0,1595995373.5406706
PID_0Ch,1124.0,1595995373.941679
PID_0Ch,1078.0,1595995376.239634
PID_0Ch,1064.0,1595995376.4404411
PID_0Ch,1059.0,1595995376.6407812
PID_0Ch,1062.0,1595995376.7393339
PID_0Ch,1052.0,1595995376.940017
PID_0Ch,884.0,1595995378.5411642
PID_0Ch,908.0,1595995378.942553
PID_0Ch,945.0,1595995380.240842
PID_0Ch,885.0,1595995381.240281
PID_0Ch,895.0,1595995381.5396092
PID_0Ch,882.0,1595995381.842428
PID_0Ch,797.0,1595995382.940369
PID_0Ch,765.0,1595995383.739126
PID_0Ch,739.0,1595995384.439464
PID_0Ch,733.0,1595995384.541546
PID_0Ch,700.0,1595995384.840482
PID_0Ch,682.0,1595995385.5409348
PID_0Ch,704.0,1595995386.339673
PID_0Ch,703.0,1595995386.5401669
PID_0Ch,704.0,1595995386.6428008
PID_0Ch,697.0,1595995386.839467
PID_0Ch,688.0,1595995387.1424448
PID_0Ch,687.0,1595995388.539341
PID_0Ch,692.0,1595995388.7399402
PID_0Ch,688.0,1595995388.8421106
PID_0Ch,679.0,1595995389.542561
PID_0Ch,685.0,1595995390.0420294
PID_0Ch,684.0,1595995391.340566
PID_0Ch,680.0,1595995392.040725
PID_0Ch,673.0,1595995393.740578
PID_0Ch,676.0,1595995395.6411364
PID_0Ch,672.0,1595995395.739651
PID_0Ch,683.0,1595995397.5416539
PID_0Ch,675.0,1595995398.839835
PID_0Ch,681.0,1595995399.340105
PID_0Ch,671.0,1595995400.839011
PID_0Ch,677.0,1595995401.141765
PID_0Ch,680.0,1595995403.640202
PID_0Ch,678.0,1595995403.9395454
PID_0Ch,676.0,1595995407.441071
PID_0Ch,687.0,1595995408.03894
PID_0Ch,677.0,1595995409.239383
PID_0Ch,669.0,1595995409.439851
PID_0Ch,672.0,1595995409.542248
PID_0Ch,686.0,1595995410.140287
PID_0Ch,679.0,1595995411.1400306
PID_0Ch,682.0,1595995411.540997
PID_0Ch,679.0,1595995411.741884
PID_0Ch,686.0,1595995412.0407991
PID_0Ch,687.0,1595995412.438441
PID_0Ch,677.0,1595995413.1386821
PID_0Ch,684.0,1595995413.539878
PID_0Ch,675.0,1595995415.239986
PID_0Ch,677.0,1595995416.3413858
PID_0Ch,684.0,1595995417.041452
PID_0Ch,686.0,1595995417.4392679
PID_0Ch,686.0,1595995419.2412524
PID_0Ch,684.0,1595995421.338581
PID_0Ch,680.0,1595995424.139668
PID_0Ch,674.0,1595995424.840023
PID_0Ch,677.0,1595995425.2416296
PID_0Ch,676.0,1595995427.338749
PID_0Ch,683.0,1595995427.5392869
PID_0Ch,677.0,1595995428.4402812
PID_0Ch,677.0,1595995428.739209
PID_0Ch,676.0,1595995431.4387672
PID_0Ch,727.0,1595995432.1390114
PID_0Ch,1184.0,1595995433.1385758
PID_0Ch,1719.0,1595995433.940973
PID_0Ch,2300.0,1595995435.141133
PID_0Ch,2078.0,1595995436.23894
PID_0Ch,2318.0,1595995440.4372852
PID_0Ch,2335.0,1595995440.5392768
PID_0Ch,2369.0,1595995440.838252
PID_0Ch,2512.0,1595995441.538892
PID_0Ch,2389.0,1595995441.641082
PID_0Ch,2153.0,1595995442.841193
PID_0Ch,1685.0,1595995444.9386098
PID_0Ch,1679.0,1595995445.13872
PID_0Ch,1681.0,1595995445.438004
PID_0Ch,1681.0,1595995445.5402398
PID_0Ch,1694.0,1595995445.9377975
PID_0Ch,1745.0,1595995447.2400439
PID_0Ch,1752.0,1595995447.440416
PID_0Ch,1793.0,1595995448.640713
PID_0Ch,1474.0,1595995449.3411288
PID_0Ch,1433.0,1595995449.939
PID_0Ch,1390.0,1595995451.33995
PID_0Ch,1399.0,1595995452.3391151
PID_0Ch,1405.0,1595995452.9376562
PID_0Ch,1398.0,1595995453.137865
PID_0Ch,1396.0,1595995454.538568
PID_0Ch,1394.0,1595995455.039312
PID_0Ch,1412.0,1595995458.8392694
PID_0Ch,1418.0,1595995459.1384408
PID_0Ch,1457.0,1595995461.5386794
PID_0Ch,1454.0,1595995461.6408598
PID_0Ch,1455.0,1595995464.040709
PID_0Ch,1457.0,1595995464.4381711
PID_0Ch,1449.0,1595995464.938317
PID_0Ch,1429.0,1595995468.038636
PID_0Ch,1427.0,1595995468.837419
PID_0Ch,1418.0,1595995470.840051
PID_0Ch,1405.0,1595995472.437571
PID_0Ch,1369.0,1595995474.7390769
PID_0Ch,1689.0,1595995477.4381962
PID_0Ch,1654.0,1595995478.437568
PID_0Ch,1573.0,1595995480.940332
PID_0Ch,1596.0,1595995481.939666
PID_0Ch,1599.0,1595995482.038858
PID_0Ch,1590.0,1595995482.5377831
PID_0Ch,1539.0,1595995484.138998
PID_0Ch,1524.0,1595995484.8395472
PID_0Ch,1504.0,1595995485.937425
PID_0Ch,1495.0,1595995486.039449
PID_0Ch,1492.0,1595995486.33841
PID_0Ch,1482.0,1595995486.539058
PID_0Ch,1417.0,1595995488.0382788
PID_0Ch,1399.0,1595995488.439734
PID_0Ch,1381.0,1595995488.537844
PID_0Ch,1294.0,1595995489.03799
PID_0Ch,1036.0,1595995493.137902
PID_0Ch,1097.0,1595995493.6370714
PID_0Ch,976.0,1595995495.7383294
PID_0Ch,941.0,1595995496.0371652
PID_0Ch,898.0,1595995496.537249
PID_0Ch,942.0,1595995499.539291
PID_0Ch,1550.0,1595995499.936873
PID_0Ch,1680.0,1595995500.0390391
PID_0Ch,1959.0,1595995500.6372461
PID_0Ch,2009.0,1595995501.3375306
PID_0Ch,2053.0,1595995502.336915
PID_0Ch,2067.0,1595995503.2376902
PID_0Ch,1882.0,1595995505.7402759
PID_0Ch,1987.0,1595995506.3382661
PID_0Ch,2077.0,1595995506.9365811
PID_0Ch,2049.0,1595995507.137085
PID_0Ch,1435.0,1595995508.1404886
PID_0Ch,1681.0,1595995514.636718
PID_0Ch,1781.0,1595995516.139612
PID_0Ch,1627.0,1595995519.936625
PID_0Ch,1688.0,1595995521.3373828
PID_0Ch,1648.0,1595995523.037709
PID_0Ch,1614.0,1595995524.839011
PID_0Ch,1593.0,1595995525.2366786
PID_0Ch,1567.0,1595995526.038932
PID_0Ch,1562.0,1595995526.1373088
PID_0Ch,1529.0,1595995527.136962
PID_0Ch,1528.0,1595995527.2392302
PID_0Ch,1518.0,1595995527.5381384
PID_0Ch,1363.0,1595995530.2373161
PID_0Ch,1274.0,1595995531.0370731
PID_0Ch,1106.0,1595995532.436922
PID_0Ch,1104.0,1595995532.8380039
PID_0Ch,993.0,1595995534.636472
PID_0Ch,1061.0,1595995535.0376642
PID_0Ch,918.0,1595995537.7366312
PID_0Ch,1013.0,1595995538.437008
PID_0Ch,1443.0,1595995540.9359274
PID_0Ch,1478.0,1595995541.0379698
PID_0Ch,1558.0,1595995542.639348
PID_0Ch,1654.0,1595995543.737408
PID_0Ch,1840.0,1595995544.736692
PID_0Ch,2079.0,1595995546.137152
PID_0Ch,1982.0,1595995551.13811
PID_0Ch,1496.0,1595995552.137475
PID_0Ch,1475.0,1595995553.0384939
PID_0Ch,1482.0,1595995553.9359226
PID_0Ch,1512.0,1595995554.738359
PID_0Ch,1519.0,1595995555.0374188
PID_0Ch,1537.0,1595995555.43871
PID_0Ch,1561.0,1595995555.836237
PID_0Ch,1610.0,1595995557.1382802
PID_0Ch,1583.0,1595995557.9370072
PID_0Ch,1573.0,1595995558.137676
PID_0Ch,1564.0,1595995558.637475
PID_0Ch,1557.0,1595995558.936766
PID_0Ch,1537.0,1595995559.337755
PID_0Ch,1524.0,1595995561.5372312
PID_0Ch,1508.0,1595995564.838734
PID_0Ch,1533.0,1595995566.1370552
PID_0Ch,1542.0,1595995567.3369179
PID_0Ch,1564.0,1595995569.237376
PID_0Ch,1569.0,1595995569.438092
PID_0Ch,1588.0,1595995570.63831
PID_0Ch,1599.0,1595995571.338719
PID_0Ch,1678.0,1595995575.536788
PID_0Ch,1686.0,1595995575.7373981
PID_0Ch,1684.0,1595995575.9382882
PID_0Ch,1701.0,1595995576.5364091
PID_0Ch,1714.0,1595995578.338567
PID_0Ch,1733.0,1595995582.036944
PID_0Ch,1727.0,1595995583.335534
PID_0Ch,1734.0,1595995583.536043
PID_0Ch,1727.0,1595995583.7364466
PID_0Ch,1716.0,1595995584.2376409
PID_0Ch,1708.0,1595995584.6376462
PID_0Ch,1692.0,1595995585.137331
PID_0Ch,1689.0,1595995585.235567
PID_0Ch,1663.0,1595995586.235324
PID_0Ch,1661.0,1595995587.336794
PID_0Ch,1659.0,1595995587.73813
PID_0Ch,1629.0,1595995589.036578
PID_0Ch,1617.0,1595995591.1377509
PID_0Ch,1624.0,1595995591.637344
PID_0Ch,1506.0,1595995593.435735
PID_0Ch,1323.0,1595995594.836489
PID_0Ch,1291.0,1595995595.1355472
PID_0Ch,1268.0,1595995595.438566
PID_0Ch,1376.0,1595995597.1381118
PID_0Ch,1715.0,1595995597.736176
PID_0Ch,1784.0,1595995597.936646
PID_0Ch,1566.0,1595995598.6371279
PID_0Ch,1459.0,1595995599.3374872
PID_0Ch,1362.0,1595995600.4354932
PID_0Ch,1363.0,1595995601.438644
PID_0Ch,1418.0,1595995604.1378794
PID_0Ch,1470.0,1595995605.837545
PID_0Ch,1556.0,1595995606.2352061
PID_0Ch,2326.0,1595995607.0374432
PID_0Ch,2348.0,1595995608.2377632
PID_0Ch,2351.0,1595995608.335893
PID_0Ch,2371.0,1595995608.536617
PID_0Ch,2362.0,1595995609.036501
PID_0Ch,2358.0,1595995609.1349592
PID_0Ch,2227.0,1595995610.3355124
PID_0Ch,1807.0,1595995613.037764
PID_0Ch,2041.0,1595995614.8363476
PID_0Ch,1853.0,1595995615.8356428
PID_0Ch,1751.0,1595995616.834977
PID_0Ch,1712.0,1595995618.13694
PID_0Ch,1719.0,1595995619.6361852
PID_0Ch,1704.0,1595995620.43519
PID_0Ch,1690.0,1595995621.037121
PID_0Ch,1682.0,1595995621.438463
PID_0Ch,2006.0,1595995622.9377544
PID_0Ch,2003.0,1595995623.0371802
PID_0Ch,2234.0,1595995628.135481
PID_0Ch,2066.0,1595995629.3354962
PID_0Ch,2066.0,1595995629.5357618
PID_0Ch,2070.0,1595995629.835059
PID_0Ch,1745.0,1595995631.035782
PID_0Ch,1763.0,1595995631.235854
PID_0Ch,1297.0,1595995633.537533
PID_0Ch,1219.0,1595995634.835755
PID_0Ch,1203.0,1595995635.036575
PID_0Ch,1130.0,1595995635.7368162
PID_0Ch,1300.0,1595995637.5351439
PID_0Ch,1636.0,1595995638.43605
PID_0Ch,1696.0,1595995638.935585
PID_0Ch,1717.0,1595995639.0348446
PID_0Ch,1823.0,1595995639.935256
PID_0Ch,1733.0,1595995641.434428
PID_0Ch,1762.0,1595995642.036337
PID_0Ch,1834.0,1595995643.134207
PID_0Ch,1858.0,1595995643.4370546
PID_0Ch,1910.0,1595995644.436288
PID_0Ch,1399.0,1595995645.734933
PID_0Ch,1380.0,1595995648.1351054
PID_0Ch,1383.0,1595995648.2374241
PID_0Ch,1385.0,1595995649.535445
PID_0Ch,1377.0,1595995649.736295
PID_0Ch,1383.0,1595995649.937037
PID_0Ch,1381.0,1595995650.838051
PID_0Ch,1372.0,1595995652.0353131
PID_0Ch,1375.0,1595995652.43534
PID_0Ch,1389.0,1595995653.234406
PID_0Ch,1383.0,1595995653.3365152
PID_0Ch,1398.0,1595995653.935117
PID_0Ch,1429.0,1595995656.134075
PID_0Ch,1451.0,1595995656.936671
PID_0Ch,1459.0,1595995657.235668
PID_0Ch,1558.0,1595995660.336233
PID_0Ch,1567.0,1595995660.5369132
PID_0Ch,1594.0,1595995667.135202
PID_0Ch,1619.0,1595995669.6339211
PID_0Ch,1649.0,1595995672.4351811
PID_0Ch,1672.0,1595995677.833785
PID_0Ch,1645.0,1595995678.035358
PID_0Ch,1647.0,1595995683.5345652
PID_0Ch,1654.0,1595995686.7340221
PID_0Ch,1702.0,1595995687.6348524
PID_0Ch,1706.0,1595995687.934018
PID_0Ch,1724.0,1595995689.2363038
PID_0Ch,1729.0,1595995689.4370492
PID_0Ch,1734.0,1595995689.5351439
PID_0Ch,1748.0,1595995689.834434
PID_0Ch,1423.0,1595995692.5335062
PID_0Ch,1424.0,1595995692.635694
PID_0Ch,1429.0,1595995692.7343562
PID_0Ch,1459.0,1595995695.134502
PID_0Ch,1473.0,1595995696.534889
PID_0Ch,1427.0,1595995697.333915
PID_0Ch,1463.0,1595995697.436198
PID_0Ch,1429.0,1595995699.53715
PID_0Ch,1426.0,1595995699.635456
PID_0Ch,1349.0,1595995708.035917
PID_0Ch,1343.0,1595995709.633451
PID_0Ch,1696.0,1595995710.6329842
PID_0Ch,1659.0,1595995711.7344818
PID_0Ch,1654.0,1595995712.0335932
PID_0Ch,1673.0,1595995713.033937
PID_0Ch,1712.0,1595995715.6337314
PID_0Ch,1755.0,1595995716.334445
PID_0Ch,1407.0,1595995720.634581
PID_0Ch,1395.0,1595995720.733356
PID_0Ch,1457.0,1595995722.2361238
PID_0Ch,1468.0,1595995722.633564
PID_0Ch,1472.0,1595995722.735704
PID_0Ch,1493.0,1595995723.436179
PID_0Ch,1548.0,1595995725.63572
PID_0Ch,1568.0,1595995726.9343169
PID_0Ch,1566.0,1595995727.335284
PID_0Ch,1566.0,1595995727.6342
PID_0Ch,1565.0,1595995728.3346794
PID_0Ch,1553.0,1595995730.935612
PID_0Ch,1542.0,1595995731.934737
PID_0Ch,1527.0,1595995733.134894
PID_0Ch,1478.0,1595995735.8339784
PID_0Ch,1466.0,1595995736.235755
PID_0Ch,1434.0,1595995738.332829
PID_0Ch,1427.0,1595995738.934568
PID_0Ch,1415.0,1595995739.434297
PID_0Ch,1409.0,1595995739.8357592
PID_0Ch,1389.0,1595995740.2331061
PID_0Ch,1346.0,1595995740.933611
PID_0Ch,1633.0,1595995742.4326954
PID_0Ch,1594.0,1595995742.834204
PID_0Ch,1331.0,1595995745.7341306
PID_0Ch,1121.0,1595995747.535924
PID_0Ch,912.0,1595995749.333872
PID_0Ch,908.0,1595995749.534476
PID_0Ch,914.0,1595995749.834
PID_0Ch,1026.0,1595995750.833182
PID_0Ch,994.0,1595995751.0338402
PID_0Ch,762.0,1595995753.335537
PID_0Ch,692.0,1595995755.534836
PID_0Ch,697.0,1595995755.633478
PID_0Ch,688.0,1595995757.636035
PID_0Ch,693.0,1595995758.033251
PID_0Ch,690.0,1595995759.033661
PID_0Ch,690.0,1595995759.335912
PID_0Ch,677.0,1595995761.6333141
PID_0Ch,671.0,1595995764.734046
PID_0Ch,679.0,1595995766.0326688
PID_0Ch,683.0,1595995766.134835
PID_0Ch,678.0,1595995766.7331538
PID_0Ch,685.0,1595995767.63387
PID_0Ch,685.0,1595995769.931944
PID_0Ch,690.0,1595995773.03295
PID_0Ch,674.0,1595995773.8349252
PID_0Ch,676.0,1595995773.9331038
PID_0Ch,683.0,1595995774.834302
PID_0Ch,685.0,1595995777.63209
PID_0Ch,686.0,1595995780.032136
PID_0Ch,673.0,1595995780.732524
PID_0Ch,668.0,1595995781.1336222
PID_0Ch,675.0,1595995781.3343446
PID_0Ch,677.0,1595995781.932558
PID_0Ch,675.0,1595995782.034487
PID_0Ch,669.0,1595995783.5337439
PID_0Ch,683.0,1595995784.533028
PID_0Ch,679.0,1595995784.7337556
PID_0Ch,672.0,1595995785.634929
PID_0Ch,673.0,1595995786.032979
PID_0Ch,677.0,1595995788.231977
PID_0Ch,671.0,1595995790.234567
PID_0Ch,681.0,1595995790.832949
PID_0Ch,684.0,1595995791.1318018
PID_0Ch,683.0,1595995791.2339358
PID_0Ch,681.0,1595995793.3349788
PID_0Ch,682.0,1595995794.3344688
PID_0Ch,684.0,1595995795.833426
PID_0Ch,681.0,1595995796.4317381
PID_0Ch,679.0,1595995796.9314294
PID_0Ch,682.0,1595995798.0329778
PID_0Ch,684.0,1595995798.9341981
PID_0Ch,680.0,1595995799.134754
PID_0Ch,683.0,1595995799.8349912
PID_0Ch,684.0,1595995800.134051
PID_0Ch,687.0,1595995800.232741
PID_0Ch,682.0,1595995800.3347552
PID_0Ch,709.0,1595995800.732485
PID_0Ch,2168.0,1595995805.831525
PID_0Ch,2224.0,1595995806.433312
PID_0Ch,1880.0,1595995807.7320712
PID_0Ch,2005.0,1595995808.932101
PID_0Ch,1964.0,1595995812.3316748
PID_0Ch,2092.0,1595995813.6337929
PID_0Ch,1822.0,1595995814.0319822
PID_0Ch,1595.0,1595995815.534293
PID_0Ch,1598.0,1595995815.8332438
PID_0Ch,1650.0,1595995818.233384
PID_0Ch,1884.0,1595995823.6318429
PID_0Ch,1491.0,1595995829.0337882
PID_0Ch,1488.0,1595995829.3329432
PID_0Ch,1482.0,1595995829.9313538
PID_0Ch,1481.0,1595995830.2342124
PID_0Ch,1475.0,1595995831.032682
PID_0Ch,1468.0,1595995833.633611
PID_0Ch,1462.0,1595995833.731766
PID_0Ch,1455.0,1595995833.830395
PID_0Ch,1419.0,1595995835.931603
PID_0Ch,1404.0,1595995836.832221
PID_0Ch,1384.0,1595995837.8321438
PID_0Ch,1398.0,1595995838.2332392
PID_0Ch,1425.0,1595995839.9329028
PID_0Ch,1427.0,1595995840.1335962
PID_0Ch,1423.0,1595995840.833986
PID_0Ch,1425.0,1595995841.632672
PID_0Ch,1423.0,1595995842.63199
PID_0Ch,1421.0,1595995842.832851
PID_0Ch,1420.0,1595995842.931256
PID_0Ch,1418.0,1595995843.23409
PID_0Ch,1408.0,1595995843.934541
PID_0Ch,1417.0,1595995845.1347034
PID_0Ch,1418.0,1595995845.2329128
PID_0Ch,1276.0,1595995846.3308349
PID_0Ch,1302.0,1595995846.830417
PID_0Ch,1795.0,1595995847.4322429
PID_0Ch,2021.0,1595995847.633051
PID_0Ch,2320.0,1595995848.731437
PID_0Ch,2349.0,1595995849.832421
PID_0Ch,2143.0,1595995852.1342988
PID_0Ch,2158.0,1595995852.3310454
PID_0Ch,2160.0,1595995852.732141
PID_0Ch,2151.0,1595995853.0319269
PID_0Ch,2160.0,1595995853.231916
PID_0Ch,2165.0,1595995853.531209
PID_0Ch,2158.0,1595995853.834045
PID_0Ch,2182.0,1595995855.1323578
PID_0Ch,2189.0,1595995855.7307498
PID_0Ch,2061.0,1595995856.332536
PID_0Ch,2042.0,1595995857.73329
PID_0Ch,1649.0,1595995859.232194
PID_0Ch,1573.0,1595995860.2316608
PID_0Ch,1613.0,1595995861.431676
PID_0Ch,1590.0,1595995862.030575
PID_0Ch,1586.0,1595995862.1321864
PID_0Ch,1566.0,1595995862.734215
PID_0Ch,1530.0,1595995863.831914
PID_0Ch,1442.0,1595995866.731523
PID_0Ch,1436.0,1595995866.830208
PID_0Ch,1401.0,1595995868.0310466
PID_0Ch,1398.0,1595995868.1323452
PID_0Ch,1367.0,1595995869.030566
PID_0Ch,1358.0,1595995869.2305431
PID_0Ch,1293.0,1595995871.2329462
PID_0Ch,1254.0,1595995872.629996
PID_0Ch,946.0,1595995878.2327304
PID_0Ch,1042.0,1595995879.932533
PID_0Ch,1052.0,1595995880.731045
PID_0Ch,1048.0,1595995881.4315288
PID_0Ch,963.0,1595995883.131229
PID_0Ch,908.0,1595995884.53214
PID_0Ch,1015.0,1595995886.031987
PID_0Ch,1502.0,1595995887.7311811
PID_0Ch,1650.0,1595995888.030175
PID_0Ch,1579.0,1595995888.631927
PID_0Ch,1787.0,1595995890.331734
PID_0Ch,1773.0,1595995893.133303
PID_0Ch,1789.0,1595995893.833626
PID_0Ch,1787.0,1595995894.7308722
PID_0Ch,1625.0,1595995896.831769
PID_0Ch,1442.0,1595995898.232703
PID_0Ch,1425.0,1595995898.33108
PID_0Ch,1296.0,1595995899.12976
PID_0Ch,1123.0,1595995900.329927
PID_0Ch,919.0,1595995902.230463
PID_0Ch,993.0,1595995902.430557
PID_0Ch,1401.0,1595995906.133303
PID_0Ch,1261.0,1595995906.432309
PID_0Ch,1031.0,1595995909.831758
PID_0Ch,1129.0,1595995910.43012
PID_0Ch,1027.0,1595995911.9330392
PID_0Ch,1068.0,1595995912.7315562
PID_0Ch,1117.0,1595995913.730983
PID_0Ch,1139.0,1595995914.13244
PID_0Ch,1150.0,1595995914.4313278
PID_0Ch,1224.0,1595995916.131145
PID_0Ch,1235.0,1595995916.3318481
PID_0Ch,1226.0,1595995917.3313248
PID_0Ch,1164.0,1595995918.5313199
PID_0Ch,1095.0,1595995919.4325626
PID_0Ch,1038.0,1595995920.030504
PID_0Ch,1024.0,1595995920.329604
PID_0Ch,953.0,1595995920.9313831
PID_0Ch,922.0,1595995921.32917
PID_0Ch,878.0,1595995923.430152
PID_0Ch,870.0,1595995923.5323234
PID_0Ch,868.0,1595995923.729109
PID_0Ch,843.0,1595995924.6302874
PID_0Ch,832.0,1595995924.830375
PID_0Ch,823.0,1595995925.031323
PID_0Ch,820.0,1595995925.531054
PID_0Ch,814.0,1595995925.932414
PID_0Ch,752.0,1595995928.230515
PID_0Ch,730.0,1595995929.729484
PID_0Ch,733.0,1595995929.831564
PID_0Ch,733.0,1595995930.1305852
PID_0Ch,844.0,1595995931.129915
PID_0Ch,691.0,1595995938.0314221
PID_0Ch,684.0,1595995938.33041
PID_0Ch,696.0,1595995938.9325302
PID_0Ch,686.0,1595995940.2308161
PID_0Ch,680.0,1595995940.431513
PID_0Ch,681.0,1595995941.332661
PID_0Ch,0.0,1595995943.4298
PID_0Ch,0.0,1595995944.830368
PID_0Ch,0.0,1595995945.3304708
PID_0Ch,0.0,1595995945.4324539
