PID_08h,-100.0,1595994379.759524
PID_08h,-100.0,1595994380.058493
PID_08h,-100.0,1595994382.2583911
PID_08h,-100.0,1595994382.6593778
PID_08h,-100.0,1595994383.159722
PID_08h,-100.0,1595994384.461386
PID_08h,-100.0,1595994384.7604322
PID_08h,-100.0,1595994385.3590775
PID_08h,-100.0,1595994385.460777
PID_08h,-100.0,1595994386.358428
PID_08h,-100.0,1595994386.460293
PID_08h,-100.0,1595994386.66088
PID_08h,-100.0,1595994389.0613608
PID_08h,-100.0,1595994389.5610821
PID_08h,-100.0,1595994390.26144
PID_08h,-100.0,1595994390.659329
PID_08h,-100.0,1595994390.8592694
PID_08h,-100.0,1595994392.0595438
PID_08h,-100.0,1595994392.8588982
PID_08h,-100.0,1595994394.558455
PID_08h,-100.0,1595994397.961444
PID_08h,-100.0,1595994398.3596966
PID_08h,-100.0,1595994399.661272
PID_08h,-100.0,1595994400.9599512
PID_08h,-100.0,1595994401.75907
PID_08h,-100.0,1595994402.9590874
PID_08h,-100.0,1595994403.159151
PID_08h,-100.0,1595994404.76066
PID_08h,-100.0,1595994404.957632
PID_08h,-100.0,1595994405.260514
PID_08h,-100.0,1595994405.461076
PID_08h,-100.0,1595994406.358391
PID_08h,-100.0,1595994406.5586948
PID_08h,-100.0,1595994407.66051
PID_08h,-100.0,1595994408.058259
PID_08h,-100.0,1595994410.159787
PID_08h,-100.0,1595994411.5597599
PID_08h,-100.0,1595994412.45697
PID_08h,-100.0,1595994412.559148
PID_08h,-100.0,1595994413.058725
PID_08h,-100.0,1595994414.160563
PID_08h,-100.0,1595994414.759222
PID_08h,-100.0,1595994414.959434
PID_08h,-100.0,1595994415.4589028
PID_08h,-100.0,1595994416.6591866
PID_08h,-100.0,1595994417.359383
PID_08h,-100.0,1595994417.458102
PID_08h,-100.0,1595994417.5602794
PID_08h,-100.0,1595994420.259369
PID_08h,-100.0,1595994420.8612618
PID_08h,-100.0,1595994421.160299
PID_08h,-100.0,1595994423.5605829
PID_08h,-100.0,1595994424.260639
PID_08h,-100.0,1595994424.5597641
PID_08h,-100.0,1595994424.859513
PID_08h,-100.0,1595994425.65797
PID_08h,-100.0,1595994427.0589
PID_08h,-100.0,1595994427.361155
PID_08h,-100.0,1595994429.1595519
PID_08h,-100.0,1595994429.6592288
PID_08h,-100.0,1595994430.056735
PID_08h,-100.0,1595994431.256618
PID_08h,-100.0,1595994431.956935
PID_08h,-100.0,1595994433.358235
PID_08h,-100.0,1595994433.759066
PID_08h,-100.0,1595994434.5582774
PID_08h,-100.0,1595994438.0597296
PID_08h,-100.0,1595994438.658091
PID_08h,-100.0,1595994438.759949
PID_08h,-100.0,1595994439.759425
PID_08h,-100.0,1595994439.960032
PID_08h,-100.0,1595994440.2592108
PID_08h,-100.0,1595994440.7588322
PID_08h,-100.0,1595994441.860127
PID_08h,-100.0,1595994442.159497
PID_08h,-100.0,1595994443.060533
PID_08h,-100.0,1595994443.4585311
PID_08h,-100.0,1595994443.958252
PID_08h,-100.0,1595994445.158122
PID_08h,-100.0,1595994445.858049
PID_08h,-100.0,1595994445.956636
PID_08h,-100.0,1595994446.657079
PID_08h,-100.0,1595994447.1604369
PID_08h,-100.0,1595994447.4594402
PID_08h,-100.0,1595994448.357195
PID_08h,-100.0,1595994449.057049
PID_08h,-100.0,1595994449.458179
PID_08h,-100.0,1595994452.059084
PID_08h,-100.0,1595994453.4597492
PID_08h,-100.0,1595994454.558132
PID_08h,-100.0,1595994455.659348
PID_08h,-100.0,1595994455.7581928
PID_08h,-100.0,1595994456.060672
PID_08h,-100.0,1595994457.2569964
PID_08h,-100.0,1595994459.0588472
PID_08h,-100.0,1595994459.1577148
PID_08h,-100.0,1595994459.9598432
PID_08h,-100.0,1595994461.356891
PID_08h,-100.0,1595994461.758966
PID_08h,-100.0,1595994462.658915
PID_08h,-100.0,1595994463.158731
PID_08h,-100.0,1595994463.757011
PID_08h,-100.0,1595994466.4559689
PID_08h,-100.0,1595994467.55841
PID_08h,-100.0,1595994467.758181
PID_08h,-100.0,1595994469.257302
PID_08h,-100.0,1595994470.060124
PID_08h,-100.0,1595994470.6581252
PID_08h,-100.0,1595994472.456506
PID_08h,-100.0,1595994473.4597108
PID_08h,-100.0,1595994477.6580842
PID_08h,-100.0,1595994478.059218
PID_08h,-100.0,1595994479.058502
PID_08h,-100.0,1595994482.057282
PID_08h,-100.0,1595994483.158779
PID_08h,-100.0,1595994483.756614
PID_08h,-100.0,1595994484.0595012
PID_08h,-100.0,1595994485.0589359
PID_08h,-100.0,1595994486.058374
PID_08h,-100.0,1595994486.15732
PID_08h,-100.0,1595994488.45843
PID_08h,-100.0,1595994488.859699
PID_08h,-100.0,1595994490.1581519
PID_08h,-100.0,1595994491.7557068
PID_08h,-100.0,1595994493.058033
PID_08h,-100.0,1595994494.958545
PID_08h,-100.0,1595994495.8594394
PID_08h,-100.0,1595994496.256717
PID_08h,-100.0,1595994496.5560784
PID_08h,-100.0,1595994498.456864
PID_08h,-100.0,1595994498.6570141
PID_08h,-100.0,1595994498.75944
PID_08h,-100.0,1595994498.9563258
PID_08h,-100.0,1595994499.357483
PID_08h,-100.0,1595994501.6592386
PID_08h,-100.0,1595994502.757377
PID_08h,-100.0,1595994503.158293
PID_08h,-100.0,1595994503.756606
PID_08h,-100.0,1595994504.8581812
PID_08h,-100.0,1595994507.356388
PID_08h,-100.0,1595994507.45885
PID_08h,-100.0,1595994507.6595662
PID_08h,-100.0,1595994507.75793
PID_08h,-100.0,1595994507.856906
PID_08h,-100.0,1595994509.658478
PID_08h,-100.0,1595994509.756572
PID_08h,-100.0,1595994510.158043
PID_08h,-100.0,1595994510.559349
PID_08h,-100.0,1595994511.755641
PID_08h,-100.0,1595994511.956665
PID_08h,-100.0,1595994513.0580218
PID_08h,-100.0,1595994518.6567512
PID_08h,-100.0,1595994519.5577981
PID_08h,-100.0,1595994521.458358
PID_08h,-100.0,1595994522.7573671
PID_08h,-100.0,1595994522.8588119
PID_08h,-100.0,1595994525.058712
PID_08h,-100.0,1595994525.857028
PID_08h,-100.0,1595994526.258647
PID_08h,-100.0,1595994526.65625
PID_08h,-100.0,1595994527.258213
PID_08h,-100.0,1595994527.856547
PID_08h,-100.0,1595994527.958386
PID_08h,-100.0,1595994528.957721
PID_08h,-100.0,1595994529.555747
PID_08h,-100.0,1595994530.456949
PID_08h,-100.0,1595994530.657401
PID_08h,-100.0,1595994534.057034
PID_08h,-100.0,1595994534.1557288
PID_08h,-100.0,1595994534.257792
PID_08h,-100.0,1595994534.4584439
PID_08h,-100.0,1595994534.6552794
PID_08h,-100.0,1595994535.556733
PID_08h,-100.0,1595994536.1581626
PID_08h,-100.0,1595994536.256421
PID_08h,-100.0,1595994536.3586838
PID_08h,-100.0,1595994537.6574302
PID_08h,-100.0,1595994537.7559838
PID_08h,-100.0,1595994538.656636
PID_08h,-100.0,1595994538.7589474
PID_08h,-100.0,1595994539.0581374
PID_08h,-100.0,1595994539.356952
PID_08h,-100.0,1595994539.758373
PID_08h,-100.0,1595994540.4548466
PID_08h,-100.0,1595994541.4582558
PID_08h,-100.0,1595994542.0566359
PID_08h,-100.0,1595994542.658232
PID_08h,-100.0,1595994545.0583591
PID_08h,-100.0,1595994545.156734
PID_08h,-100.0,1595994549.0561118
PID_08h,-100.0,1595994549.957024
PID_08h,-100.0,1595994550.4565651
PID_08h,-100.0,1595994552.058003
PID_08h,-100.0,1595994552.5580359
PID_08h,-100.0,1595994554.056894
PID_08h,-100.0,1595994554.155641
PID_08h,-100.0,1595994555.154594
PID_08h,-100.0,1595994556.657644
PID_08h,-100.0,1595994559.156075
PID_08h,-100.0,1595994559.9552069
PID_08h,-100.0,1595994560.2578301
PID_08h,-100.0,1595994560.35625
PID_08h,-100.0,1595994561.155221
PID_08h,-100.0,1595994561.757066
PID_08h,-100.0,1595994561.957633
PID_08h,-100.0,1595994562.056515
PID_08h,-100.0,1595994562.8554132
PID_08h,-100.0,1595994563.5554938
PID_08h,-100.0,1595994564.255856
PID_08h,-100.0,1595994564.656872
PID_08h,-100.0,1595994564.857525
PID_08h,-100.0,1595994565.1565282
PID_08h,-100.0,1595994565.9557118
PID_08h,-100.0,1595994567.25767
PID_08h,-100.0,1595994567.856149
PID_08h,-100.0,1595994568.056218
PID_08h,-100.0,1595994568.457624
PID_08h,-100.0,1595994568.9573212
PID_08h,-100.0,1595994571.156801
PID_08h,-100.0,1595994571.357599
PID_08h,-100.0,1595994572.7582214
PID_08h,-100.0,1595994574.9577038
PID_08h,-100.0,1595994575.256884
PID_08h,-100.0,1595994580.056912
PID_08h,-100.0,1595994580.155841
PID_08h,-100.0,1595994583.255862
PID_08h,-100.0,1595994584.755323
PID_08h,-100.0,1595994585.356672
PID_08h,-100.0,1595994587.4541626
PID_08h,-100.0,1595994589.555805
PID_08h,-100.0,1595994590.555029
PID_08h,-100.0,1595994590.755865
PID_08h,-100.0,1595994595.154382
PID_08h,-100.0,1595994595.556445
PID_08h,-100.0,1595994596.055752
PID_08h,-100.0,1595994596.956448
PID_08h,-100.0,1595994599.45516
PID_08h,-100.0,1595994599.855977
PID_08h,-100.0,1595994600.957717
PID_08h,-100.0,1595994601.154676
PID_08h,-100.0,1595994604.6563554
PID_08h,-100.0,1595994605.054129
PID_08h,-100.0,1595994605.8561618
PID_08h,-100.0,1595994606.655139
PID_08h,-100.0,1595994607.257108
PID_08h,-100.0,1595994607.855698
PID_08h,-100.0,1595994609.855607
PID_08h,-100.0,1595994610.554868
PID_08h,-100.0,1595994610.6567738
PID_08h,-100.0,1595994610.955801
PID_08h,-100.0,1595994611.357085
PID_08h,-100.0,1595994612.057408
PID_08h,-100.0,1595994613.2574568
PID_08h,-100.0,1595994614.355191
PID_08h,-100.0,1595994614.957294
PID_08h,-100.0,1595994615.95656
PID_08h,-100.0,1595994616.35468
PID_08h,-100.0,1595994616.7554789
PID_08h,-100.0,1595994616.8544369
PID_08h,-100.0,1595994618.156192
PID_08h,-100.0,1595994618.8562331
PID_08h,-100.0,1595994619.6552582
PID_08h,-100.0,1595994622.5550468
PID_08h,-100.0,1595994623.656676
PID_08h,-100.0,1595994625.754051
PID_08h,-100.0,1595994625.8562288
PID_08h,-100.0,1595994627.1553018
PID_08h,-100.0,1595994628.2564118
PID_08h,-100.0,1595994628.453133
PID_08h,-100.0,1595994629.3544571
PID_08h,-100.0,1595994630.156717
PID_08h,-100.0,1595994630.353697
PID_08h,-100.0,1595994630.7548952
PID_08h,-100.0,1595994631.8565679
PID_08h,-100.0,1595994632.454558
PID_08h,-100.0,1595994632.7543318
PID_08h,-100.0,1595994633.45441
PID_08h,-100.0,1595994635.255939
PID_08h,-100.0,1595994635.854958
PID_08h,-100.0,1595994636.456249
PID_08h,-100.0,1595994636.755059
PID_08h,-100.0,1595994637.156466
PID_08h,-100.0,1595994637.254636
PID_08h,-100.0,1595994638.053691
PID_08h,-100.0,1595994638.1561248
PID_08h,-100.0,1595994639.2542589
PID_08h,-100.0,1595994639.855774
PID_08h,-100.0,1595994641.7559779
PID_08h,-100.0,1595994642.0550046
PID_08h,-100.0,1595994642.5547528
PID_08h,-100.0,1595994642.8545122
PID_08h,-100.0,1595994644.3566358
PID_08h,-100.0,1595994644.9549296
PID_08h,-100.0,1595994645.3562882
PID_08h,-100.0,1595994645.655266
PID_08h,-100.0,1595994645.855673
PID_08h,-100.0,1595994647.155252
PID_08h,-100.0,1595994648.25612
PID_08h,-100.0,1595994649.45616
PID_08h,-100.0,1595994650.0546598
PID_08h,-100.0,1595994650.255127
PID_08h,-100.0,1595994650.656245
PID_08h,-100.0,1595994650.853654
PID_08h,-100.0,1595994651.454952
PID_08h,-100.0,1595994653.75666
PID_08h,-100.0,1595994656.1530962
PID_08h,-100.0,1595994656.853461
PID_08h,-100.0,1595994657.254622
PID_08h,-100.0,1595994657.655999
PID_08h,-100.0,1595994659.253175
PID_08h,-100.0,1595994661.5554614
PID_08h,-100.0,1595994663.1527512
PID_08h,-100.0,1595994664.254358
PID_08h,-100.0,1595994664.455052
PID_08h,-100.0,1595994665.1553712
PID_08h,-100.0,1595994666.654451
PID_08h,-100.0,1595994668.456522
PID_08h,-100.0,1595994668.653731
PID_08h,-100.0,1595994668.9523454
PID_08h,-100.0,1595994670.0539448
PID_08h,-100.0,1595994670.1563
PID_08h,-100.0,1595994673.056256
PID_08h,-100.0,1595994674.154892
PID_08h,-100.0,1595994674.7559369
PID_08h,-100.0,1595994678.754061
PID_08h,-100.0,1595994678.8558562
PID_08h,-100.0,1595994678.95412
PID_08h,-100.0,1595994680.355132
PID_08h,-100.0,1595994682.4560168
PID_08h,-100.0,1595994683.3537722
PID_08h,-100.0,1595994684.254226
PID_08h,-100.0,1595994687.1538384
PID_08h,-100.0,1595994687.252547
PID_08h,-100.0,1595994687.6537118
PID_08h,-100.0,1595994688.0551748
PID_08h,-100.0,1595994688.353745
PID_08h,-100.0,1595994690.451408
PID_08h,-100.0,1595994690.852737
PID_08h,-100.0,1595994692.355628
PID_08h,-100.0,1595994694.453197
PID_08h,-100.0,1595994694.7519221
PID_08h,-100.0,1595994697.0534382
PID_08h,-100.0,1595994697.1520052
PID_08h,-100.0,1595994699.45366
PID_08h,-100.0,1595994700.055709
PID_08h,-100.0,1595994700.6538222
PID_08h,-100.0,1595994700.8544312
PID_08h,-100.0,1595994702.054427
PID_08h,-100.0,1595994703.5536342
PID_08h,-100.0,1595994703.754478
PID_08h,-100.0,1595994703.954998
PID_08h,-100.0,1595994706.354826
PID_08h,-100.0,1595994706.5518641
PID_08h,-100.0,1595994707.453422
PID_08h,-100.0,1595994707.854057
PID_08h,-100.0,1595994708.8535511
PID_08h,-100.0,1595994709.853434
PID_08h,-100.0,1595994711.352666
PID_08h,-100.0,1595994715.9517071
PID_08h,-100.0,1595994717.254001
PID_08h,-100.0,1595994718.351975
PID_08h,-100.0,1595994719.753089
PID_08h,-100.0,1595994720.453516
PID_08h,-100.0,1595994720.653706
PID_08h,-100.0,1595994722.1531048
PID_08h,-100.0,1595994722.553916
PID_08h,-100.0,1595994722.754653
PID_08h,-100.0,1595994723.754066
PID_08h,-100.0,1595994725.253043
PID_08h,-100.0,1595994726.752668
PID_08h,-100.0,1595994727.7517278
PID_08h,-100.0,1595994727.853962
PID_08h,-100.0,1595994729.5536454
PID_08h,-100.0,1595994732.154639
PID_08h,-100.0,1595994732.453421
PID_08h,-100.0,1595994732.753008
PID_08h,-100.0,1595994732.854969
PID_08h,-100.0,1595994733.4528449
PID_08h,-100.0,1595994733.854023
PID_08h,-100.0,1595994734.452828
PID_08h,-100.0,1595994736.152354
PID_08h,-100.0,1595994738.053068
PID_08h,-100.0,1595994739.051949
PID_08h,-100.0,1595994739.952985
PID_08h,-100.0,1595994741.0508099
PID_08h,-100.0,1595994741.4519858
PID_08h,-100.0,1595994742.452114
PID_08h,-100.0,1595994743.152131
PID_08h,-100.0,1595994743.254164
PID_08h,-100.0,1595994746.5515368
PID_08h,-100.0,1595994749.8523786
PID_08h,-100.0,1595994751.253271
PID_08h,-100.0,1595994752.952968
PID_08h,-100.0,1595994753.0515578
PID_08h,-100.0,1595994754.4518132
PID_08h,-100.0,1595994757.3525991
PID_08h,-100.0,1595994758.154599
PID_08h,-100.0,1595994761.652431
PID_08h,-100.0,1595994762.254561
PID_08h,-100.0,1595994763.0531769
PID_08h,-100.0,1595994763.954071
PID_08h,-100.0,1595994764.6508212
PID_08h,-100.0,1595994764.9535944
PID_08h,-100.0,1595994765.0518339
PID_08h,-100.0,1595994765.252668
PID_08h,-100.0,1595994765.5522802
PID_08h,-100.0,1595994765.7523038
PID_08h,-100.0,1595994766.952411
PID_08h,-100.0,1595994767.251786
PID_08h,-100.0,1595994767.353821
PID_08h,-100.0,1595994767.4521248
PID_08h,-100.0,1595994768.352865
PID_08h,-100.0,1595994768.6520212
PID_08h,-100.0,1595994769.3525894
PID_08h,-100.0,1595994772.1539874
PID_08h,-100.0,1595994772.453249
PID_08h,-100.0,1595994773.0513642
PID_08h,-100.0,1595994774.853306
PID_08h,-100.0,1595994775.4516249
PID_08h,-100.0,1595994776.249984
PID_08h,-100.0,1595994776.352308
PID_08h,-100.0,1595994776.753815
PID_08h,-100.0,1595994776.8525481
PID_08h,-100.0,1595994776.954303
PID_08h,-100.0,1595994777.052691
PID_08h,-100.0,1595994777.650989
PID_08h,-100.0,1595994778.65078
PID_08h,-100.0,1595994780.050946
PID_08h,-100.0,1595994781.9517212
PID_08h,-100.0,1595994782.6522381
PID_08h,-100.0,1595994783.753251
PID_08h,-100.0,1595994784.1511402
PID_08h,-100.0,1595994785.453151
PID_08h,-100.0,1595994786.153545
PID_08h,-100.0,1595994786.551219
PID_08h,-100.0,1595994786.752233
PID_08h,-100.0,1595994787.4518769
PID_08h,-100.0,1595994788.152333
PID_08h,-100.0,1595994788.9515562
PID_08h,-100.0,1595994790.4502988
PID_08h,-100.0,1595994790.552397
PID_08h,-100.0,1595994791.351789
PID_08h,-100.0,1595994792.453044
PID_08h,-100.0,1595994794.550045
PID_08h,-100.0,1595994795.750227
PID_08h,-100.0,1595994797.0524461
PID_08h,-100.0,1595994800.452001
PID_08h,-100.0,1595994801.352942
PID_08h,-100.0,1595994802.2503738
PID_08h,-100.0,1595994803.351775
PID_08h,-100.0,1595994804.752521
PID_08h,-100.0,1595994804.953244
PID_08h,-100.0,1595994805.7519171
PID_08h,-100.0,1595994806.251624
PID_08h,-100.0,1595994810.052659
PID_08h,-100.0,1595994811.551556
PID_08h,-100.0,1595994811.6501818
PID_08h,-100.0,1595994812.350592
PID_08h,-100.0,1595994814.152409
PID_08h,-100.0,1595994814.652011
PID_08h,-100.0,1595994814.750489
PID_08h,-100.0,1595994815.352275
PID_08h,-100.0,1595994817.35099
PID_08h,-100.0,1595994817.551903
PID_08h,-100.0,1595994818.350802
PID_08h,-100.0,1595994818.551184
PID_08h,-100.0,1595994818.752116
PID_08h,-100.0,1595994821.0498922
PID_08h,-100.0,1595994821.34943
PID_08h,-100.0,1595994821.451113
PID_08h,-100.0,1595994822.352352
PID_08h,-100.0,1595994825.252136
PID_08h,-100.0,1595994825.850817
PID_08h,-100.0,1595994826.3500571
PID_08h,-100.0,1595994826.550824
PID_08h,-100.0,1595994826.9517946
PID_08h,-100.0,1595994828.0533626
PID_08h,-100.0,1595994828.3524349
PID_08h,-100.0,1595994831.952658
PID_08h,-100.0,1595994833.050911
PID_08h,-100.0,1595994834.1523552
PID_08h,-100.0,1595994834.6518662
PID_08h,-100.0,1595994834.750032
PID_08h,-100.0,1595994834.852603
PID_08h,-100.0,1595994836.1509626
PID_08h,-100.0,1595994837.252672
PID_08h,-100.0,1595994837.453387
PID_08h,-100.0,1595994837.7524061
PID_08h,-100.0,1595994838.2522528
PID_08h,-100.0,1595994838.649717
PID_08h,-100.0,1595994839.452353
PID_08h,-100.0,1595994840.451638
PID_08h,-100.0,1595994841.6514778
PID_08h,-100.0,1595994842.3520231
PID_08h,-100.0,1595994842.950343
PID_08h,-100.0,1595994843.4499972
PID_08h,-100.0,1595994844.7521238
PID_08h,-100.0,1595994844.850409
PID_08h,-100.0,1595994845.9522882
PID_08h,-100.0,1595994846.251133
PID_08h,-100.0,1595994848.049438
PID_08h,-100.0,1595994848.352276
PID_08h,-100.0,1595994848.5492108
PID_08h,-100.0,1595994849.450465
PID_08h,-100.0,1595994849.749325
PID_08h,-100.0,1595994850.5519822
PID_08h,-100.0,1595994851.1501539
PID_08h,-100.0,1595994852.452179
PID_08h,-100.0,1595994856.0484712
PID_08h,-100.0,1595994856.6504252
PID_08h,-100.0,1595994856.7489882
PID_08h,-100.0,1595994858.051206
PID_08h,-100.0,1595994858.149858
PID_08h,-100.0,1595994858.8503609
PID_08h,-100.0,1595994860.7502851
PID_08h,-100.0,1595994862.851512
PID_08h,-100.0,1595994865.050845
PID_08h,-100.0,1595994866.050292
PID_08h,-100.0,1595994866.652339
PID_08h,-100.0,1595994866.7506251
PID_08h,-100.0,1595994868.450413
PID_08h,-100.0,1595994868.749823
PID_08h,-100.0,1595994870.3510349
PID_08h,-100.0,1595994871.8500528
PID_08h,-100.0,1595994876.74868
PID_08h,-100.0,1595994876.949505
PID_08h,-100.0,1595994878.952042
PID_08h,-100.0,1595994879.951653
PID_08h,-100.0,1595994880.152129
PID_08h,-100.0,1595994882.351574
PID_08h,-100.0,1595994882.950043
PID_08h,-100.0,1595994883.0519788
PID_08h,-100.0,1595994883.449196
PID_08h,-100.0,1595994884.252061
PID_08h,-100.0,1595994885.251555
PID_08h,-100.0,1595994885.8495
PID_08h,-100.0,1595994886.9512992
PID_08h,-100.0,1595994888.450208
PID_08h,-100.0,1595994889.8509374
PID_08h,-100.0,1595994890.551382
PID_08h,-100.0,1595994892.251266
PID_08h,-100.0,1595994892.550057
PID_08h,-100.0,1595994894.7494988
PID_08h,-100.0,1595994894.85185
PID_08h,-100.0,1595994895.249853
PID_08h,-100.0,1595994896.950003
PID_08h,-100.0,1595994897.149596
PID_08h,-100.0,1595994897.448792
PID_08h,-100.0,1595994897.850114
PID_08h,-100.0,1595994898.050802
PID_08h,-100.0,1595994898.149698
PID_08h,-100.0,1595994898.5506
PID_08h,-100.0,1595994898.849781
PID_08h,-100.0,1595994899.0501142
PID_08h,-100.0,1595994899.7505898
PID_08h,-100.0,1595994900.651571
PID_08h,-100.0,1595994901.049375
PID_08h,-100.0,1595994901.151345
PID_08h,-100.0,1595994902.2493038
PID_08h,-100.0,1595994904.747587
PID_08h,-100.0,1595994908.449936
PID_08h,-100.0,1595994908.548722
PID_08h,-100.0,1595994910.6500852
PID_08h,-100.0,1595994915.15076
PID_08h,-100.0,1595994915.3513758
PID_08h,-100.0,1595994916.047873
PID_08h,-100.0,1595994918.149299
PID_08h,-100.0,1595994918.3494859
PID_08h,-100.0,1595994919.8491056
PID_08h,-100.0,1595994920.3491044
PID_08h,-100.0,1595994920.847717
PID_08h,-100.0,1595994923.248435
PID_08h,-100.0,1595994924.349876
PID_08h,-100.0,1595994924.6492891
PID_08h,-100.0,1595994924.948098
PID_08h,-100.0,1595994925.1490402
PID_08h,-100.0,1595994928.049026
PID_08h,-100.0,1595994928.249075
PID_08h,-100.0,1595994932.549817
PID_08h,-100.0,1595994933.450818
PID_08h,-100.0,1595994935.548088
PID_08h,-100.0,1595994936.047709
PID_08h,-100.0,1595994938.6481788
PID_08h,-100.0,1595994939.2504618
PID_08h,-100.0,1595994939.549404
PID_08h,-100.0,1595994939.848458
PID_08h,-100.0,1595994941.6505
PID_08h,-100.0,1595994943.449267
PID_08h,-100.0,1595994945.8487942
PID_08h,-100.0,1595994946.049355
PID_08h,-100.0,1595994947.348341
PID_08h,-100.0,1595994948.04856
PID_08h,-100.0,1595994948.24887
PID_08h,-100.0,1595994948.748941
PID_08h,-100.0,1595994949.8500268
PID_08h,-100.0,1595994950.149281
PID_08h,-100.0,1595994952.049927
PID_08h,-100.0,1595994954.5488641
PID_08h,-100.0,1595994958.0501132
PID_08h,-100.0,1595994958.447594
PID_08h,-100.0,1595994959.45096
PID_08h,-100.0,1595994961.0480158
PID_08h,-100.0,1595994961.650493
PID_08h,-100.0,1595994962.9487028
PID_08h,-100.0,1595994963.448986
PID_08h,-100.0,1595994966.0491529
PID_08h,-100.0,1595994966.249857
PID_08h,-100.0,1595994968.6501212
PID_08h,-100.0,1595994968.7483869
PID_08h,-100.0,1595994970.448525
PID_08h,-100.0,1595994971.3491971
PID_08h,-100.0,1595994972.647795
PID_08h,-100.0,1595994973.548568
PID_08h,-100.0,1595994975.0479
PID_08h,-100.0,1595994975.8504288
PID_08h,-100.0,1595994976.047149
PID_08h,-100.0,1595994976.850073
PID_08h,-100.0,1595994978.250603
PID_08h,-100.0,1595994981.047837
PID_08h,-100.0,1595994981.1504169
PID_08h,-100.0,1595994982.14979
PID_08h,-100.0,1595994982.547255
PID_08h,-100.0,1595994982.850271
PID_08h,-100.0,1595994983.4479358
PID_08h,-100.0,1595994986.4503481
PID_08h,-100.0,1595994986.847987
PID_08h,-100.0,1595994987.449769
PID_08h,-100.0,1595994988.645917
PID_08h,-100.0,1595994989.7478778
PID_08h,-100.0,1595994990.04675
PID_08h,-100.0,1595994990.849061
PID_08h,-100.0,1595994991.046109
PID_08h,-100.0,1595994994.347955
PID_08h,-100.0,1595994994.949167
PID_08h,-100.0,1595994995.6495428
PID_08h,-100.0,1595994995.747783
PID_08h,-100.0,1595994997.148601
PID_08h,-100.0,1595994998.647597
PID_08h,-100.0,1595995000.84814
PID_08h,-100.0,1595995001.248471
PID_08h,-100.0,1595995001.948872
PID_08h,-100.0,1595995007.449538
PID_08h,-100.0,1595995008.9487882
PID_08h,-100.0,1595995009.9478118
PID_08h,-100.0,1595995010.247396
PID_08h,-100.0,1595995010.349342
PID_08h,-100.0,1595995010.447594
PID_08h,-100.0,1595995010.746905
PID_08h,-100.0,1595995011.750117
PID_08h,-100.0,1595995013.8472939
PID_08h,-100.0,1595995014.547561
PID_08h,-100.0,1595995014.7482374
PID_08h,-100.0,1595995015.747586
PID_08h,-100.0,1595995018.2462769
PID_08h,-100.0,1595995019.749177
PID_08h,-100.0,1595995020.449826
PID_08h,-100.0,1595995020.547999
PID_08h,-100.0,1595995022.047282
PID_08h,-100.0,1595995022.247653
PID_08h,-100.0,1595995022.64906
PID_08h,-100.0,1595995023.845588
PID_08h,-100.0,1595995023.947408
PID_08h,-100.0,1595995024.549707
PID_08h,-100.0,1595995024.947094
PID_08h,-100.0,1595995025.3482082
PID_08h,-100.0,1595995026.4459991
PID_08h,-100.0,1595995028.4486568
PID_08h,-100.0,1595995029.04684
PID_08h,-100.0,1595995029.3460019
PID_08h,-100.0,1595995029.4480839
PID_08h,-100.0,1595995029.747659
PID_08h,-100.0,1595995030.848667
PID_08h,-100.0,1595995031.147757
PID_08h,-100.0,1595995032.147171
PID_08h,-100.0,1595995033.048458
PID_08h,-100.0,1595995033.748831
PID_08h,-100.0,1595995035.448428
PID_08h,-100.0,1595995036.7472498
PID_08h,-100.0,1595995039.147001
PID_08h,-100.0,1595995039.4461179
PID_08h,-100.0,1595995043.545933
PID_08h,-100.0,1595995046.347431
PID_08h,-100.0,1595995047.6461132
PID_08h,-100.0,1595995049.447907
PID_08h,-100.0,1595995049.546442
PID_08h,-100.0,1595995049.648558
PID_08h,-100.0,1595995050.3491051
PID_08h,-100.0,1595995050.647902
PID_08h,-100.0,1595995052.5482519
PID_08h,-100.0,1595995053.047971
PID_08h,-100.0,1595995053.846748
PID_08h,-100.0,1595995056.246866
PID_08h,-100.0,1595995057.04568
PID_08h,-100.0,1595995058.3480759
PID_08h,-100.0,1595995058.5486
PID_08h,-100.0,1595995061.145654
PID_08h,-100.0,1595995062.346498
PID_08h,-100.0,1595995062.447979
PID_08h,-100.0,1595995062.846109
PID_08h,-100.0,1595995063.4473689
PID_08h,-100.0,1595995063.545967
PID_08h,-100.0,1595995064.3485398
PID_08h,-100.0,1595995064.9464262
PID_08h,-100.0,1595995067.346444
PID_08h,-100.0,1595995068.3462539
PID_08h,-100.0,1595995068.546483
PID_08h,-100.0,1595995070.147975
PID_08h,-100.0,1595995070.848073
PID_08h,-100.0,1595995071.4463394
PID_08h,-100.0,1595995072.1467938
PID_08h,-100.0,1595995072.3476028
PID_08h,-100.0,1595995073.346791
PID_08h,-100.0,1595995073.8463614
PID_08h,-100.0,1595995074.846411
PID_08h,-100.0,1595995075.6449661
PID_08h,-100.0,1595995075.7469306
PID_08h,-100.0,1595995075.8455648
PID_08h,-100.0,1595995076.2466369
PID_08h,-100.0,1595995078.446501
PID_08h,-100.0,1595995079.346953
PID_08h,-100.0,1595995079.6460679
PID_08h,-100.0,1595995080.1457438
PID_08h,-100.0,1595995080.5473962
PID_08h,-100.0,1595995081.5466971
PID_08h,-100.0,1595995081.7472694
PID_08h,-100.0,1595995081.845695
PID_08h,-100.0,1595995082.8457198
PID_08h,-100.0,1595995082.9472651
PID_08h,-100.0,1595995084.745785
PID_08h,-100.0,1595995085.6465304
PID_08h,-100.0,1595995085.745124
PID_08h,-100.0,1595995088.44801
PID_08h,-100.0,1595995089.246749
PID_08h,-100.0,1595995090.1439981
PID_08h,-100.0,1595995090.844396
PID_08h,-100.0,1595995092.347491
PID_08h,-100.0,1595995093.5472386
PID_08h,-100.0,1595995094.3459141
PID_08h,-100.0,1595995094.7475119
PID_08h,-100.0,1595995094.9480472
PID_08h,-100.0,1595995095.644625
PID_08h,-100.0,1595995096.046155
PID_08h,-100.0,1595995097.245835
PID_08h,-100.0,1595995098.946146
PID_08h,-100.0,1595995099.445726
PID_08h,-100.0,1595995100.9446652
PID_08h,-100.0,1595995102.3454618
PID_08h,-100.0,1595995105.0445912
PID_08h,-100.0,1595995105.146564
PID_08h,-100.0,1595995107.346064
PID_08h,-100.0,1595995108.644715
PID_08h,-100.0,1595995109.9470024
PID_08h,-100.0,1595995111.3474274
PID_08h,-100.0,1595995111.544561
PID_08h,-100.0,1595995112.244759
PID_08h,-100.0,1595995112.3470132
PID_08h,-100.0,1595995112.547742
PID_08h,-100.0,1595995113.747735
PID_08h,-100.0,1595995114.1455538
PID_08h,-100.0,1595995115.345091
PID_08h,-100.0,1595995116.045462
PID_08h,-100.0,1595995118.4456189
PID_08h,-100.0,1595995122.24676
PID_08h,-100.0,1595995122.844935
PID_08h,-100.0,1595995124.745395
PID_08h,-100.0,1595995126.944836
PID_08h,-100.0,1595995127.046628
PID_08h,-100.0,1595995129.746005
PID_08h,-100.0,1595995130.3443918
PID_08h,-100.0,1595995130.6470342
PID_08h,-100.0,1595995130.7453392
PID_08h,-100.0,1595995135.6442082
PID_08h,-100.0,1595995137.544806
PID_08h,-100.0,1595995138.146472
PID_08h,-100.0,1595995140.247736
PID_08h,-100.0,1595995140.345816
PID_08h,-100.0,1595995140.6449249
PID_08h,-100.0,1595995141.746801
PID_08h,-100.0,1595995144.044758
PID_08h,-100.0,1595995145.8468509
PID_08h,-100.0,1595995147.5465028
PID_08h,-100.0,1595995149.245985
PID_08h,-100.0,1595995150.343603
PID_08h,-100.0,1595995151.146525
PID_08h,-100.0,1595995151.945266
PID_08h,-100.0,1595995152.5472481
PID_08h,-100.0,1595995153.6449811
PID_08h,-100.0,1595995155.344664
PID_08h,-100.0,1595995156.647331
PID_08h,-100.0,1595995157.646646
PID_08h,-100.0,1595995159.244473
PID_08h,-100.0,1595995160.046468
PID_08h,-100.0,1595995160.144989
PID_08h,-100.0,1595995161.1448789
PID_08h,-100.0,1595995161.746592
PID_08h,-100.0,1595995166.44424
PID_08h,-100.0,1595995166.54675
PID_08h,-100.0,1595995166.743449
PID_08h,-100.0,1595995167.144707
PID_08h,-100.0,1595995167.845032
PID_08h,-100.0,1595995170.146933
PID_08h,-100.0,1595995170.6466408
PID_08h,-100.0,1595995171.0442688
PID_08h,-100.0,1595995171.14643
PID_08h,-100.0,1595995173.0465548
PID_08h,-100.0,1595995173.244308
PID_08h,-100.0,1595995174.1453302
PID_08h,-100.0,1595995176.1434631
PID_08h,-100.0,1595995176.245623
PID_08h,-100.0,1595995176.4463382
PID_08h,-100.0,1595995176.946151
PID_08h,-100.0,1595995177.5442688
PID_08h,-100.0,1595995178.846454
PID_08h,-100.0,1595995178.9446466
PID_08h,-100.0,1595995180.144852
PID_08h,-100.0,1595995182.7456539
PID_08h,-100.0,1595995185.0440464
PID_08h,-100.0,1595995185.74367
PID_08h,-100.0,1595995186.443938
PID_08h,-100.0,1595995187.144533
PID_08h,-100.0,1595995187.4438221
PID_08h,-100.0,1595995188.242322
PID_08h,-100.0,1595995188.34455
PID_08h,-100.0,1595995190.044281
PID_08h,-100.0,1595995190.6464438
PID_08h,-100.0,1595995192.5428991
PID_08h,-100.0,1595995193.6444669
PID_08h,-100.0,1595995193.845417
PID_08h,-100.0,1595995194.943097
PID_08h,-100.0,1595995196.1432278
PID_08h,-100.0,1595995196.44606
PID_08h,-100.0,1595995196.6429632
PID_08h,-100.0,1595995196.945745
PID_08h,-100.0,1595995197.2447891
PID_08h,-100.0,1595995197.646194
PID_08h,-100.0,1595995198.7436314
PID_08h,-100.0,1595995200.644167
PID_08h,-100.0,1595995202.6433358
PID_08h,-100.0,1595995204.543853
PID_08h,-100.0,1595995205.346451
PID_08h,-100.0,1595995205.5432222
PID_08h,-100.0,1595995206.443924
PID_08h,-100.0,1595995206.542498
PID_08h,-100.0,1595995207.1443038
PID_08h,-100.0,1595995207.345155
PID_08h,-100.0,1595995208.5452318
PID_08h,-100.0,1595995210.244834
PID_08h,-100.0,1595995210.7444422
PID_08h,-100.0,1595995210.8429132
PID_08h,-100.0,1595995211.7437608
PID_08h,-100.0,1595995212.845712
PID_08h,-100.0,1595995212.943934
PID_08h,-100.0,1595995213.043118
PID_08h,-100.0,1595995213.144667
PID_08h,-100.0,1595995213.943734
PID_08h,-100.0,1595995214.74227
PID_08h,-100.0,1595995215.942208
PID_08h,-100.0,1595995217.445287
PID_08h,-100.0,1595995218.846014
PID_08h,-100.0,1595995219.043406
PID_08h,-100.0,1595995219.54251
PID_08h,-100.0,1595995220.144475
PID_08h,-100.0,1595995221.246181
PID_08h,-100.0,1595995222.6430411
PID_08h,-100.0,1595995223.5438652
PID_08h,-100.0,1595995223.7447329
PID_08h,-100.0,1595995224.445004
PID_08h,-100.0,1595995225.845728
PID_08h,-100.0,1595995227.7422051
PID_08h,-100.0,1595995228.442592
PID_08h,-100.0,1595995228.5448909
PID_08h,-100.0,1595995228.843841
PID_08h,-100.0,1595995229.442015
PID_08h,-100.0,1595995231.342468
PID_08h,-100.0,1595995233.742653
PID_08h,-100.0,1595995235.343886
PID_08h,-100.0,1595995236.744826
PID_08h,-100.0,1595995239.145039
PID_08h,-100.0,1595995241.942394
PID_08h,-100.0,1595995242.142726
PID_08h,-100.0,1595995242.745085
PID_08h,-100.0,1595995242.945366
PID_08h,-100.0,1595995243.142577
PID_08h,-100.0,1595995244.043391
PID_08h,-100.0,1595995244.244034
PID_08h,-100.0,1595995245.0436249
PID_08h,-100.0,1595995245.1454444
PID_08h,-100.0,1595995246.443507
PID_08h,-100.0,1595995246.844705
PID_08h,-100.0,1595995247.4428608
PID_08h,-100.0,1595995249.9455206
PID_08h,-100.0,1595995250.244448
PID_08h,-100.0,1595995250.3430989
PID_08h,-100.0,1595995252.943583
PID_08h,-100.0,1595995253.1443539
PID_08h,-100.0,1595995253.742527
PID_08h,-100.0,1595995254.143627
PID_08h,-100.0,1595995254.4429598
PID_08h,-100.0,1595995259.345227
PID_08h,-100.0,1595995259.644402
PID_08h,-100.0,1595995259.7428732
PID_08h,-100.0,1595995259.8449461
PID_08h,-100.0,1595995261.544653
PID_08h,-100.0,1595995263.244617
PID_08h,-100.0,1595995264.2440364
PID_08h,-100.0,1595995267.1436338
PID_08h,-100.0,1595995269.6418738
PID_08h,-100.0,1595995272.9433222
PID_08h,-100.0,1595995274.044849
PID_08h,-100.0,1595995274.242031
PID_08h,-100.0,1595995275.3434198
PID_08h,-100.0,1595995277.743582
PID_08h,-100.0,1595995278.145184
PID_08h,-100.0,1595995278.5427024
PID_08h,-100.0,1595995279.2426438
PID_08h,-100.0,1595995279.3412852
PID_08h,-100.0,1595995279.8447
PID_08h,-100.0,1595995282.3431208
PID_08h,-100.0,1595995283.543081
PID_08h,-100.0,1595995285.1408472
PID_08h,-100.0,1595995285.841126
PID_08h,-100.0,1595995286.042516
PID_08h,-100.0,1595995287.24155
PID_08h,-100.0,1595995290.2440221
PID_08h,-100.0,1595995290.743598
PID_08h,-100.0,1595995292.042794
PID_08h,-100.0,1595995292.742368
PID_08h,-100.0,1595995295.4418714
PID_08h,-100.0,1595995295.842916
PID_08h,-100.0,1595995295.9414198
PID_08h,-100.0,1595995299.443086
PID_08h,-100.0,1595995300.4424908
PID_08h,-100.0,1595995302.1423118
PID_08h,-100.0,1595995303.1419868
PID_08h,-100.0,1595995303.2442381
PID_08h,-100.0,1595995303.441024
PID_08h,-100.0,1595995304.6409652
PID_08h,-100.0,1595995305.341366
PID_08h,-100.0,1595995305.542293
PID_08h,-100.0,1595995305.8408806
PID_08h,-100.0,1595995306.844262
PID_08h,-100.0,1595995307.0417528
PID_08h,-100.0,1595995307.942611
PID_08h,-100.0,1595995308.1426609
PID_08h,-100.0,1595995310.743675
PID_08h,-100.0,1595995312.6399732
PID_08h,-100.0,1595995312.943056
PID_08h,-100.0,1595995315.142228
PID_08h,-100.0,1595995315.941205
PID_08h,-100.0,1595995319.2422152
PID_08h,-100.0,1595995320.643136
PID_08h,-100.0,1595995320.843651
PID_08h,-100.0,1595995321.442189
PID_08h,-100.0,1595995321.74087
PID_08h,-100.0,1595995324.5422099
PID_08h,-100.0,1595995325.242613
PID_08h,-100.0,1595995325.341158
PID_08h,-100.0,1595995326.143611
PID_08h,-100.0,1595995328.543712
PID_08h,-100.0,1595995330.9439151
PID_08h,-100.0,1595995331.04229
PID_08h,-100.0,1595995331.443601
PID_08h,-100.0,1595995332.5417678
PID_08h,-100.0,1595995334.540336
PID_08h,-100.0,1595995336.342329
PID_08h,-100.0,1595995337.542413
PID_08h,-100.0,1595995338.4433382
PID_08h,-100.0,1595995338.742327
PID_08h,-100.0,1595995341.3430982
PID_08h,-100.0,1595995342.7400472
PID_08h,-100.0,1595995343.440473
PID_08h,-100.0,1595995344.042231
PID_08h,-100.0,1595995344.8414302
PID_08h,-100.0,1595995345.340679
PID_08h,-100.0,1595995345.742054
PID_08h,-100.0,1595995346.9420972
PID_08h,-100.0,1595995347.540308
PID_08h,-100.0,1595995347.7406561
PID_08h,-100.0,1595995348.5435572
PID_08h,-100.0,1595995349.841834
PID_08h,-100.0,1595995350.341551
PID_08h,-100.0,1595995351.943223
PID_08h,-100.0,1595995352.242066
PID_08h,-100.0,1595995352.340626
PID_08h,-100.0,1595995352.8402288
PID_08h,-100.0,1595995353.2414188
PID_08h,-100.0,1595995353.839645
PID_08h,-100.0,1595995355.74025
PID_08h,-100.0,1595995356.239944
PID_08h,-100.0,1595995357.943509
PID_08h,-100.0,1595995359.041207
PID_08h,-100.0,1595995359.2417881
PID_08h,-100.0,1595995359.442741
PID_08h,-100.0,1595995360.1427948
PID_08h,-100.0,1595995360.241081
PID_08h,-100.0,1595995360.6426966
PID_08h,-100.0,1595995361.7406466
PID_08h,-100.0,1595995367.142695
PID_08h,-100.0,1595995369.1415448
PID_08h,-100.0,1595995369.440758
PID_08h,-100.0,1595995370.9396858
PID_08h,-100.0,1595995371.640089
PID_08h,-100.0,1595995372.839732
PID_08h,-100.0,1595995373.2412279
PID_08h,-100.0,1595995373.642617
PID_08h,-100.0,1595995374.040831
PID_08h,-100.0,1595995375.641356
PID_08h,-100.0,1595995377.7425802
PID_08h,-100.0,1595995378.041333
PID_08h,-100.0,1595995378.242322
PID_08h,-100.0,1595995378.442948
PID_08h,-100.0,1595995379.139331
PID_08h,-100.0,1595995380.0410671
PID_08h,-100.0,1595995380.441638
PID_08h,-100.0,1595995384.242475
PID_08h,-100.0,1595995384.3408034
PID_08h,-100.0,1595995387.842806
PID_08h,-100.0,1595995389.739346
PID_08h,-100.0,1595995391.2422662
PID_08h,-100.0,1595995392.2418401
PID_08h,-100.0,1595995392.839835
PID_08h,-100.0,1595995392.942066
PID_08h,-100.0,1595995393.040523
PID_08h,-100.0,1595995393.5403721
PID_08h,-100.0,1595995393.6423562
PID_08h,-100.0,1595995394.441068
PID_08h,-100.0,1595995397.24265
PID_08h,-100.0,1595995397.840621
PID_08h,-100.0,1595995398.139868
PID_08h,-100.0,1595995399.639016
PID_08h,-100.0,1595995399.9419782
PID_08h,-100.0,1595995400.540065
PID_08h,-100.0,1595995400.740206
PID_08h,-100.0,1595995401.3425226
PID_08h,-100.0,1595995402.1411731
PID_08h,-100.0,1595995402.841661
PID_08h,-100.0,1595995403.140646
PID_08h,-100.0,1595995404.3405912
PID_08h,-100.0,1595995404.439088
PID_08h,-100.0,1595995406.0404038
PID_08h,-100.0,1595995406.441935
PID_08h,-100.0,1595995406.7407832
PID_08h,-100.0,1595995408.440423
PID_08h,-100.0,1595995408.842126
PID_08h,-100.0,1595995409.337815
PID_08h,-100.0,1595995409.6405828
PID_08h,-100.0,1595995410.4395056
PID_08h,-100.0,1595995410.7384992
PID_08h,-100.0,1595995414.73996
PID_08h,-100.0,1595995415.342123
PID_08h,-100.0,1595995417.14002
PID_08h,-100.0,1595995418.237906
PID_08h,-100.0,1595995418.639395
PID_08h,-100.0,1595995419.040411
PID_08h,-100.0,1595995419.138974
PID_08h,-100.0,1595995420.240601
PID_08h,-100.0,1595995421.641543
PID_08h,-100.0,1595995421.8419662
PID_08h,-100.0,1595995422.140942
PID_08h,-100.0,1595995422.341723
PID_08h,-100.0,1595995422.439975
PID_08h,-100.0,1595995423.439661
PID_08h,-100.0,1595995425.941854
PID_08h,-100.0,1595995426.441548
PID_08h,-100.0,1595995426.638452
PID_08h,-100.0,1595995426.941239
PID_08h,-100.0,1595995430.238612
PID_08h,-100.0,1595995430.340653
PID_08h,-100.0,1595995431.7416642
PID_08h,-100.0,1595995432.741108
PID_08h,-100.0,1595995434.3385248
PID_08h,-100.0,1595995434.739622
PID_08h,-100.0,1595995434.9403589
PID_08h,-100.0,1595995435.6406558
PID_08h,-100.0,1595995435.939716
PID_08h,-100.0,1595995437.041307
PID_08h,-100.0,1595995439.941281
PID_08h,-100.0,1595995441.141536
PID_08h,-100.0,1595995441.33819
PID_08h,-100.0,1595995441.4403784
PID_08h,-100.0,1595995442.239417
PID_08h,-100.0,1595995443.4389892
PID_08h,-100.0,1595995444.639428
PID_08h,-100.0,1595995445.040544
PID_08h,-100.0,1595995445.2412949
PID_08h,-100.0,1595995445.339509
PID_08h,-100.0,1595995448.141123
PID_08h,-100.0,1595995448.939497
PID_08h,-100.0,1595995449.840889
PID_08h,-100.0,1595995450.3407428
PID_08h,-100.0,1595995453.3390012
PID_08h,-100.0,1595995454.73928
PID_08h,-100.0,1595995455.538383
PID_08h,-100.0,1595995456.2387376
PID_08h,-100.0,1595995457.639238
PID_08h,-100.0,1595995459.33884
PID_08h,-100.0,1595995460.637583
PID_08h,-100.0,1595995460.8383842
PID_08h,-100.0,1595995464.737565
PID_08h,-100.0,1595995465.437838
PID_08h,-100.0,1595995468.3377519
PID_08h,-100.0,1595995473.440856
PID_08h,-100.0,1595995473.739786
PID_08h,-100.0,1595995473.940502
PID_08h,-100.0,1595995474.3380866
PID_08h,-100.0,1595995475.640355
PID_08h,-100.0,1595995476.4389741
PID_08h,-100.0,1595995477.839822
PID_08h,-100.0,1595995478.6382961
PID_08h,-100.0,1595995479.838408
PID_08h,-100.0,1595995480.5388858
PID_08h,-100.0,1595995482.43935
PID_08h,-100.0,1595995483.13977
PID_08h,-100.0,1595995484.9376268
PID_08h,-100.0,1595995485.24073
PID_08h,-100.0,1595995485.437763
PID_08h,-100.0,1595995485.638438
PID_08h,-100.0,1595995488.7387269
PID_08h,-100.0,1595995488.8372538
PID_08h,-100.0,1595995489.4389539
PID_08h,-100.0,1595995490.6389902
PID_08h,-100.0,1595995491.937751
PID_08h,-100.0,1595995494.440011
PID_08h,-100.0,1595995496.4388108
PID_08h,-100.0,1595995497.6388528
PID_08h,-100.0,1595995497.839652
PID_08h,-100.0,1595995498.240889
PID_08h,-100.0,1595995498.638742
PID_08h,-100.0,1595995500.837601
PID_08h,-100.0,1595995501.136993
PID_08h,-100.0,1595995501.2390752
PID_08h,-100.0,1595995501.640448
PID_08h,-100.0,1595995503.1397374
PID_08h,-100.0,1595995503.3401618
PID_08h,-100.0,1595995503.737946
PID_08h,-100.0,1595995503.9382331
PID_08h,-100.0,1595995505.4375448
PID_08h,-100.0,1595995506.63756
PID_08h,-100.0,1595995508.038176
PID_08h,-100.0,1595995508.8369322
PID_08h,-100.0,1595995510.737494
PID_08h,-100.0,1595995511.6382332
PID_08h,-100.0,1595995512.039438
PID_08h,-100.0,1595995515.7381449
PID_08h,-100.0,1595995516.438472
PID_08h,-100.0,1595995516.737784
PID_08h,-100.0,1595995517.037771
PID_08h,-100.0,1595995518.437502
PID_08h,-100.0,1595995520.038869
PID_08h,-100.0,1595995520.3379476
PID_08h,-100.0,1595995520.939826
PID_08h,-100.0,1595995521.2390046
PID_08h,-100.0,1595995521.6364858
PID_08h,-100.0,1595995522.336782
PID_08h,-100.0,1595995524.7368731
PID_08h,-100.0,1595995525.838366
PID_08h,-100.0,1595995526.5387962
PID_08h,-100.0,1595995527.738805
PID_08h,-100.0,1595995528.037636
PID_08h,-100.0,1595995528.4392211
PID_08h,-100.0,1595995528.738233
PID_08h,-100.0,1595995529.0381286
PID_08h,-100.0,1595995529.3365288
PID_08h,-100.0,1595995530.639008
PID_08h,-100.0,1595995531.2370088
PID_08h,-100.0,1595995534.9391966
PID_08h,-100.0,1595995536.4383461
PID_08h,-100.0,1595995536.537058
PID_08h,-100.0,1595995536.7375958
PID_08h,-100.0,1595995538.5396216
PID_08h,-100.0,1595995539.038955
PID_08h,-100.0,1595995543.6388962
PID_08h,-100.0,1595995544.839002
PID_08h,-100.0,1595995545.039572
PID_08h,-100.0,1595995546.3379061
PID_08h,-100.0,1595995548.439134
PID_08h,-100.0,1595995548.836499
PID_08h,-100.0,1595995552.4367619
PID_08h,-100.0,1595995552.637964
PID_08h,-100.0,1595995553.4362118
PID_08h,-100.0,1595995553.636468
PID_08h,-100.0,1595995554.23857
PID_08h,-100.0,1595995554.3372471
PID_08h,-100.0,1595995554.939044
PID_08h,-100.0,1595995555.2378838
PID_08h,-100.0,1595995557.638109
PID_08h,-100.0,1595995558.236351
PID_08h,-100.0,1595995558.4370546
PID_08h,-100.0,1595995559.5387032
PID_08h,-100.0,1595995560.136868
PID_08h,-100.0,1595995561.1362052
PID_08h,-100.0,1595995562.537104
PID_08h,-100.0,1595995565.4368806
PID_08h,-100.0,1595995565.6372402
PID_08h,-100.0,1595995566.038445
PID_08h,-100.0,1595995567.738412
PID_08h,-100.0,1595995568.135869
PID_08h,-100.0,1595995568.938345
PID_08h,-100.0,1595995571.137894
PID_08h,-100.0,1595995571.838209
PID_08h,-100.0,1595995572.936162
PID_08h,-100.0,1595995574.2386088
PID_08h,-100.0,1595995574.5374668
PID_08h,-100.0,1595995574.93891
PID_08h,-100.0,1595995576.437886
PID_08h,-100.0,1595995577.138391
PID_08h,-100.0,1595995578.137717
PID_08h,-100.0,1595995578.9367206
PID_08h,-100.0,1595995580.439605
PID_08h,-100.0,1595995581.4389694
PID_08h,-100.0,1595995582.13929
PID_08h,-100.0,1595995582.737107
PID_08h,-100.0,1595995585.436954
PID_08h,-100.0,1595995588.037251
PID_08h,-100.0,1595995589.736942
PID_08h,-100.0,1595995590.138348
PID_08h,-100.0,1595995590.736186
PID_08h,-100.0,1595995591.437232
PID_08h,-100.0,1595995593.038226
PID_08h,-100.0,1595995593.136393
PID_08h,-100.0,1595995593.239059
PID_08h,-100.0,1595995596.4377294
PID_08h,-100.0,1595995597.036526
PID_08h,-100.0,1595995599.4359946
PID_08h,-100.0,1595995602.937709
PID_08h,-100.0,1595995603.335258
PID_08h,-100.0,1595995605.038847
PID_08h,-100.0,1595995606.43572
PID_08h,-100.0,1595995606.636693
PID_08h,-100.0,1595995606.836905
PID_08h,-100.0,1595995606.935634
PID_08h,-100.0,1595995607.439014
PID_08h,-100.0,1595995611.035382
PID_08h,-100.0,1595995612.337661
PID_08h,-100.0,1595995612.93589
PID_08h,-100.0,1595995613.1362321
PID_08h,-100.0,1595995617.7361448
PID_08h,-100.0,1595995618.6368034
PID_08h,-100.0,1595995620.635956
PID_08h,-100.0,1595995623.1343288
PID_08h,-100.0,1595995624.235729
PID_08h,-100.0,1595995625.337812
PID_08h,-100.0,1595995627.0374231
PID_08h,-100.0,1595995629.2368488
PID_08h,-100.0,1595995632.4359748
PID_08h,-100.0,1595995632.8372989
PID_08h,-100.0,1595995633.734302
PID_08h,-100.0,1595995634.438525
PID_08h,-100.0,1595995636.736243
PID_08h,-100.0,1595995638.334425
PID_08h,-100.0,1595995638.538481
PID_08h,-100.0,1595995638.73524
PID_08h,-100.0,1595995639.7346802
PID_08h,-100.0,1595995639.8366132
PID_08h,-100.0,1595995640.435035
PID_08h,-100.0,1595995640.5372329
PID_08h,-100.0,1595995643.735873
PID_08h,-100.0,1595995644.837915
PID_08h,-100.0,1595995645.837068
PID_08h,-100.0,1595995646.435457
PID_08h,-100.0,1595995646.6357088
PID_08h,-100.0,1595995647.434721
PID_08h,-100.0,1595995650.535218
PID_08h,-100.0,1595995650.7356632
PID_08h,-100.0,1595995651.235672
PID_08h,-100.0,1595995651.534854
PID_08h,-100.0,1595995653.4350069
PID_08h,-100.0,1595995654.4345381
PID_08h,-100.0,1595995655.134757
PID_08h,-100.0,1595995655.237109
PID_08h,-100.0,1595995655.3356519
PID_08h,-100.0,1595995655.535998
PID_08h,-100.0,1595995656.736053
PID_08h,-100.0,1595995658.534385
PID_08h,-100.0,1595995659.635821
PID_08h,-100.0,1595995659.935165
PID_08h,-100.0,1595995660.6354966
PID_08h,-100.0,1595995660.934505
PID_08h,-100.0,1595995661.3355699
PID_08h,-100.0,1595995663.1338828
PID_08h,-100.0,1595995664.035548
PID_08h,-100.0,1595995666.738006
PID_08h,-100.0,1595995667.2378528
PID_08h,-100.0,1595995667.6348732
PID_08h,-100.0,1595995667.9382908
PID_08h,-100.0,1595995670.334273
PID_08h,-100.0,1595995672.0351038
PID_08h,-100.0,1595995672.136244
PID_08h,-100.0,1595995673.4349961
PID_08h,-100.0,1595995673.537211
PID_08h,-100.0,1595995673.7337382
PID_08h,-100.0,1595995678.235302
PID_08h,-100.0,1595995679.234609
PID_08h,-100.0,1595995680.6352901
PID_08h,-100.0,1595995680.835632
PID_08h,-100.0,1595995681.4338932
PID_08h,-100.0,1595995681.634648
PID_08h,-100.0,1595995683.436809
PID_08h,-100.0,1595995684.235284
PID_08h,-100.0,1595995684.837374
PID_08h,-100.0,1595995685.537392
PID_08h,-100.0,1595995686.435023
PID_08h,-100.0,1595995687.335664
PID_08h,-100.0,1595995687.737355
PID_08h,-100.0,1595995688.035871
PID_08h,-100.0,1595995688.933415
PID_08h,-100.0,1595995689.936759
PID_08h,-100.0,1595995690.436318
PID_08h,-100.0,1595995692.4355571
PID_08h,-100.0,1595995693.5329762
PID_08h,-100.0,1595995694.933681
PID_08h,-100.0,1595995695.5355806
PID_08h,-100.0,1595995696.834346
PID_08h,-100.0,1595995697.534693
PID_08h,-100.0,1595995697.6366868
PID_08h,-100.0,1595995700.036727
PID_08h,-100.0,1595995700.434058
PID_08h,-100.0,1595995700.536445
PID_08h,-100.0,1595995702.1343179
PID_08h,-100.0,1595995702.437002
PID_08h,-100.0,1595995704.0352268
PID_08h,-100.0,1595995704.435725
PID_08h,-100.0,1595995704.735311
PID_08h,-100.0,1595995707.6351712
PID_08h,-100.0,1595995709.236115
PID_08h,-100.0,1595995709.334132
PID_08h,-100.0,1595995711.136503
PID_08h,-100.0,1595995714.934382
PID_08h,-100.0,1595995716.436136
PID_08h,-100.0,1595995716.936161
PID_08h,-100.0,1595995717.935361
PID_08h,-100.0,1595995718.934877
PID_08h,-100.0,1595995720.036331
PID_08h,-100.0,1595995721.3351471
PID_08h,-100.0,1595995722.535106
PID_08h,-100.0,1595995724.636268
PID_08h,-100.0,1595995725.934558
PID_08h,-100.0,1595995726.135416
PID_08h,-100.0,1595995727.036152
PID_08h,-100.0,1595995729.1332214
PID_08h,-100.0,1595995729.334378
PID_08h,-100.0,1595995730.6326964
PID_08h,-100.0,1595995733.733171
PID_08h,-100.0,1595995734.233202
PID_08h,-100.0,1595995734.433496
PID_08h,-100.0,1595995735.9325922
PID_08h,-100.0,1595995738.6357222
PID_08h,-100.0,1595995739.234008
PID_08h,-100.0,1595995741.736184
PID_08h,-100.0,1595995741.834474
PID_08h,-100.0,1595995745.135894
PID_08h,-100.0,1595995745.8362288
PID_08h,-100.0,1595995747.134305
PID_08h,-100.0,1595995748.735814
PID_08h,-100.0,1595995752.034215
PID_08h,-100.0,1595995753.2333212
PID_08h,-100.0,1595995753.433671
PID_08h,-100.0,1595995753.733119
PID_08h,-100.0,1595995754.035671
PID_08h,-100.0,1595995756.735062
PID_08h,-100.0,1595995757.832901
PID_08h,-100.0,1595995760.3351831
PID_08h,-100.0,1595995762.7353456
PID_08h,-100.0,1595995763.734874
PID_08h,-100.0,1595995764.3330278
PID_08h,-100.0,1595995765.4345222
PID_08h,-100.0,1595995765.533026
PID_08h,-100.0,1595995766.233543
PID_08h,-100.0,1595995767.5356019
PID_08h,-100.0,1595995768.334241
PID_08h,-100.0,1595995768.43287
PID_08h,-100.0,1595995770.9354172
PID_08h,-100.0,1595995771.234045
PID_08h,-100.0,1595995772.2333481
PID_08h,-100.0,1595995772.532716
PID_08h,-100.0,1595995773.634204
PID_08h,-100.0,1595995775.034944
PID_08h,-100.0,1595995776.333775
PID_08h,-100.0,1595995776.833453
PID_08h,-100.0,1595995777.033643
PID_08h,-100.0,1595995777.1325262
PID_08h,-100.0,1595995778.733616
PID_08h,-100.0,1595995780.8346179
PID_08h,-100.0,1595995785.332108
PID_08h,-100.0,1595995789.5341132
PID_08h,-100.0,1595995789.931654
PID_08h,-100.0,1595995790.734324
PID_08h,-100.0,1595995791.0331151
PID_08h,-100.0,1595995793.232904
PID_08h,-100.0,1595995794.2325811
PID_08h,-100.0,1595995794.433113
PID_08h,-100.0,1595995794.7319539
PID_08h,-100.0,1595995795.43243
PID_08h,-100.0,1595995797.234664
PID_08h,-100.0,1595995797.4310699
PID_08h,-100.0,1595995798.233525
PID_08h,-100.0,1595995799.331601
PID_08h,-100.0,1595995799.7332392
PID_08h,-100.0,1595995800.933235
PID_08h,-100.0,1595995801.534873
PID_08h,-100.0,1595995801.633142
PID_08h,-100.0,1595995801.932605
PID_08h,-100.0,1595995802.8331466
PID_08h,-100.0,1595995803.3335118
PID_08h,-100.0,1595995803.8329742
PID_08h,-100.0,1595995804.131882
PID_08h,-100.0,1595995804.73341
PID_08h,-100.0,1595995804.832292
PID_08h,-100.0,1595995805.331916
PID_08h,-100.0,1595995806.335084
PID_08h,-100.0,1595995807.133743
PID_08h,-100.0,1595995807.932694
PID_08h,-100.0,1595995808.0351179
PID_08h,-100.0,1595995808.6333492
PID_08h,-100.0,1595995808.8334348
PID_08h,-100.0,1595995810.6318429
PID_08h,-100.0,1595995810.83247
PID_08h,-100.0,1595995812.634541
PID_08h,-100.0,1595995812.835168
PID_08h,-100.0,1595995814.932307
PID_08h,-100.0,1595995815.132781
PID_08h,-100.0,1595995816.234698
PID_08h,-100.0,1595995816.431479
PID_08h,-100.0,1595995816.6321812
PID_08h,-100.0,1595995817.832264
PID_08h,-100.0,1595995818.6346722
PID_08h,-100.0,1595995819.03316
PID_08h,-100.0,1595995819.433307
PID_08h,-100.0,1595995819.834808
PID_08h,-100.0,1595995821.0348082
PID_08h,-100.0,1595995821.231693
PID_08h,-100.0,1595995821.534655
PID_08h,-100.0,1595995822.3332758
PID_08h,-100.0,1595995823.332994
PID_08h,-100.0,1595995824.331899
PID_08h,-100.0,1595995824.9345038
PID_08h,-100.0,1595995826.1340814
PID_08h,-100.0,1595995826.3348649
PID_08h,-100.0,1595995827.833845
PID_08h,-100.0,1595995828.8332758
PID_08h,-100.0,1595995830.131948
PID_08h,-100.0,1595995830.434792
PID_08h,-100.0,1595995831.332103
PID_08h,-100.0,1595995831.6309626
PID_08h,-100.0,1595995831.9340842
PID_08h,-100.0,1595995832.531709
PID_08h,-100.0,1595995832.732525
PID_08h,-100.0,1595995832.8312056
PID_08h,-100.0,1595995836.431244
PID_08h,-100.0,1595995838.6346571
PID_08h,-100.0,1595995839.032298
PID_08h,-100.0,1595995840.2323039
PID_08h,-100.0,1595995840.731499
PID_08h,-100.0,1595995842.333051
PID_08h,-100.0,1595995842.7345226
PID_08h,-100.0,1595995844.831902
PID_08h,-100.0,1595995845.5317981
PID_08h,-100.0,1595995845.7326238
PID_08h,-100.0,1595995845.831197
PID_08h,-100.0,1595995846.5315251
PID_08h,-100.0,1595995847.931898
PID_08h,-100.0,1595995848.2312992
PID_08h,-100.0,1595995848.632375
PID_08h,-100.0,1595995848.9316561
PID_08h,-100.0,1595995850.1316528
PID_08h,-100.0,1595995850.7336726
PID_08h,-100.0,1595995851.13098
PID_08h,-100.0,1595995851.5321538
PID_08h,-100.0,1595995853.633375
PID_08h,-100.0,1595995854.534384
PID_08h,-100.0,1595995854.6327648
PID_08h,-100.0,1595995855.2310472
PID_08h,-100.0,1595995856.2343302
PID_08h,-100.0,1595995857.233717
PID_08h,-100.0,1595995857.933999
PID_08h,-100.0,1595995860.731308
PID_08h,-100.0,1595995861.333529
PID_08h,-100.0,1595995863.1314206
PID_08h,-100.0,1595995863.5330172
PID_08h,-100.0,1595995864.233506
PID_08h,-100.0,1595995865.33084
PID_08h,-100.0,1595995866.334444
PID_08h,-100.0,1595995867.231211
PID_08h,-100.0,1595995867.932248
PID_08h,-100.0,1595995868.3333
PID_08h,-100.0,1595995868.530071
PID_08h,-100.0,1595995869.631386
PID_08h,-100.0,1595995871.933426
PID_08h,-100.0,1595995872.134379
PID_08h,-100.0,1595995873.530978
PID_08h,-100.0,1595995874.333636
PID_08h,-100.0,1595995876.332351
PID_08h,-100.0,1595995876.533012
PID_08h,-100.0,1595995876.9306731
PID_08h,-100.0,1595995877.03288
PID_08h,-100.0,1595995877.430228
PID_08h,-100.0,1595995878.3310258
PID_08h,-100.0,1595995879.4329002
PID_08h,-100.0,1595995880.1334732
PID_08h,-100.0,1595995882.631582
PID_08h,-100.0,1595995883.332033
PID_08h,-100.0,1595995885.2326348
PID_08h,-100.0,1595995886.129815
PID_08h,-100.0,1595995888.431639
PID_08h,-100.0,1595995888.7344608
PID_08h,-100.0,1595995890.831379
PID_08h,-100.0,1595995891.9331672
PID_08h,-100.0,1595995892.03164
PID_08h,-100.0,1595995896.1313338
PID_08h,-100.0,1595995896.230017
PID_08h,-100.0,1595995896.930496
PID_08h,-100.0,1595995898.031857
PID_08h,-100.0,1595995899.6293812
PID_08h,-100.0,1595995900.7314231
PID_08h,-100.0,1595995900.83355
PID_08h,-100.0,1595995901.132303
PID_08h,-100.0,1595995901.53375
PID_08h,-100.0,1595995903.1316788
PID_08h,-100.0,1595995903.532444
PID_08h,-100.0,1595995904.732828
PID_08h,-100.0,1595995904.8307061
PID_08h,-100.0,1595995905.232275
PID_08h,-100.0,1595995906.932013
PID_08h,-100.0,1595995907.0315359
PID_08h,-100.0,1595995907.132936
PID_08h,-100.0,1595995910.131207
PID_08h,-100.0,1595995910.630837
PID_08h,-100.0,1595995913.329962
PID_08h,-100.0,1595995914.931227
PID_08h,-100.0,1595995922.032921
PID_08h,-100.0,1595995922.532916
PID_08h,-100.0,1595995925.330521
PID_08h,-100.0,1595995925.4327
PID_08h,-100.0,1595995925.633451
PID_08h,-100.0,1595995926.432236
PID_08h,-100.0,1595995927.1326768
PID_08h,-100.0,1595995929.1311932
PID_08h,-100.0,1595995930.9295971
PID_08h,-100.0,1595995931.031824
PID_08h,-100.0,1595995931.830997
PID_08h,-100.0,1595995931.932767
PID_08h,-100.0,1595995932.530776
PID_08h,-100.0,1595995933.632493
PID_08h,-100.0,1595995934.832583
PID_08h,-100.0,1595995939.231701
PID_08h,-100.0,1595995939.432382
PID_08h,-100.0,1595995939.530431
PID_08h,-100.0,1595995939.8296711
PID_08h,-100.0,1595995939.931849
PID_08h,-100.0,1595995941.93071
PID_08h,-100.0,1595995944.6300151
PID_08h,-100.0,1595995945.231957
