CF_Clu_WiperHigh,0,1596171368.1767
CF_Clu_WiperHigh,0,1596171368.2764509
CF_Clu_WiperHigh,0,1596171368.3903189
CF_Clu_WiperHigh,0,1596171368.479805
CF_Clu_WiperHigh,0,1596171368.581864
CF_Clu_WiperHigh,0,1596171369.67959
CF_Clu_WiperHigh,0,1596171369.8802538
CF_Clu_WiperHigh,0,1596171371.477855
CF_Clu_WiperHigh,0,1596171371.8789382
CF_Clu_WiperHigh,0,1596171373.7757351
CF_Clu_WiperHigh,0,1596171374.074786
CF_Clu_WiperHigh,0,1596171376.3720438
CF_Clu_WiperHigh,0,1596171377.670328
CF_Clu_WiperHigh,0,1596171378.2684832
CF_Clu_WiperHigh,0,1596171378.370795
CF_Clu_WiperHigh,0,1596171378.4695098
CF_Clu_WiperHigh,0,1596171380.967571
CF_Clu_WiperHigh,0,1596171381.369448
CF_Clu_WiperHigh,0,1596171381.5660448
CF_Clu_WiperHigh,0,1596171382.364388
CF_Clu_WiperHigh,0,1596171382.4629672
CF_Clu_WiperHigh,0,1596171385.4614801
CF_Clu_WiperHigh,0,1596171385.559402
CF_Clu_WiperHigh,0,1596171385.9603589
CF_Clu_WiperHigh,0,1596171388.057778
CF_Clu_WiperHigh,0,1596171388.156218
CF_Clu_WiperHigh,0,1596171389.953823
CF_Clu_WiperHigh,0,1596171390.7534132
CF_Clu_WiperHigh,0,1596171390.854916
CF_Clu_WiperHigh,0,1596171391.452967
CF_Clu_WiperHigh,0,1596171393.349556
CF_Clu_WiperHigh,0,1596171394.749999
CF_Clu_WiperHigh,0,1596171394.8483212
CF_Clu_WiperHigh,0,1596171397.347326
CF_Clu_WiperHigh,0,1596171397.646307
CF_Clu_WiperHigh,0,1596171398.1454134
CF_Clu_WiperHigh,0,1596171398.342468
CF_Clu_WiperHigh,0,1596171400.640126
CF_Clu_WiperHigh,0,1596171401.0412061
CF_Clu_WiperHigh,0,1596171402.040489
CF_Clu_WiperHigh,0,1596171403.338967
CF_Clu_WiperHigh,0,1596171410.0314028
CF_Clu_WiperHigh,0,1596171411.927819
CF_Clu_WiperHigh,0,1596171412.9277275
CF_Clu_WiperHigh,0,1596171413.5293472
CF_Clu_WiperHigh,0,1596171417.8187811
CF_Clu_WiperHigh,0,1596171418.318315
CF_Clu_WiperHigh,0,1596171422.613806
CF_Clu_WiperHigh,0,1596171423.511268
CF_Clu_WiperHigh,0,1596171423.6131024
CF_Clu_WiperHigh,0,1596171424.510203
CF_Clu_WiperHigh,0,1596171425.5095859
CF_Clu_WiperHigh,0,1596171426.009216
CF_Clu_WiperHigh,0,1596171426.3086288
CF_Clu_WiperHigh,0,1596171432.4027278
CF_Clu_WiperHigh,0,1596171433.500685
CF_Clu_WiperHigh,0,1596171433.701513
CF_Clu_WiperHigh,0,1596171433.898166
CF_Clu_WiperHigh,0,1596171435.2984712
CF_Clu_WiperHigh,0,1596171435.597815
CF_Clu_WiperHigh,0,1596171435.696165
CF_Clu_WiperHigh,0,1596171436.0971909
CF_Clu_WiperHigh,0,1596171436.6957598
CF_Clu_WiperHigh,0,1596171437.097087
CF_Clu_WiperHigh,0,1596171437.396075
CF_Clu_WiperHigh,0,1596171437.895385
CF_Clu_WiperHigh,0,1596171438.292886
CF_Clu_WiperHigh,0,1596171438.891111
CF_Clu_WiperHigh,0,1596171439.0916119
CF_Clu_WiperHigh,0,1596171441.3893929
CF_Clu_WiperHigh,0,1596171444.0881114
CF_Clu_WiperHigh,0,1596171444.584684
CF_Clu_WiperHigh,0,1596171446.98402
CF_Clu_WiperHigh,0,1596171447.5819302
CF_Clu_WiperHigh,0,1596171451.177978
CF_Clu_WiperHigh,0,1596171451.9770439
CF_Clu_WiperHigh,0,1596171454.672431
CF_Clu_WiperHigh,0,1596171454.7740932
CF_Clu_WiperHigh,0,1596171455.7699919
CF_Clu_WiperHigh,0,1596171456.3715198
CF_Clu_WiperHigh,0,1596171456.4701688
CF_Clu_WiperHigh,0,1596171457.07176
CF_Clu_WiperHigh,0,1596171457.269057
CF_Clu_WiperHigh,0,1596171460.369052
CF_Clu_WiperHigh,0,1596171461.6675491
CF_Clu_WiperHigh,0,1596171461.9667401
CF_Clu_WiperHigh,0,1596171463.8626206
CF_Clu_WiperHigh,0,1596171465.059041
CF_Clu_WiperHigh,0,1596171465.55877
CF_Clu_WiperHigh,0,1596171466.160417
CF_Clu_WiperHigh,0,1596171466.75844
CF_Clu_WiperHigh,0,1596171467.757751
CF_Clu_WiperHigh,0,1596171467.856214
CF_Clu_WiperHigh,0,1596171467.9551182
CF_Clu_WiperHigh,0,1596171469.155096
CF_Clu_WiperHigh,0,1596171470.3544939
CF_Clu_WiperHigh,0,1596171470.653671
CF_Clu_WiperHigh,0,1596171472.3501801
CF_Clu_WiperHigh,0,1596171473.7502358
CF_Clu_WiperHigh,0,1596171473.9509454
CF_Clu_WiperHigh,0,1596171475.3473382
CF_Clu_WiperHigh,0,1596171476.346771
CF_Clu_WiperHigh,0,1596171477.645458
CF_Clu_WiperHigh,0,1596171478.046489
CF_Clu_WiperHigh,0,1596171480.4386802
CF_Clu_WiperHigh,0,1596171481.139364
CF_Clu_WiperHigh,0,1596171482.138192
CF_Clu_WiperHigh,0,1596171482.5394702
CF_Clu_WiperHigh,0,1596171482.8385954
CF_Clu_WiperHigh,0,1596171483.338469
CF_Clu_WiperHigh,0,1596171483.436584
CF_Clu_WiperHigh,0,1596171484.9357288
CF_Clu_WiperHigh,0,1596171487.233572
CF_Clu_WiperHigh,0,1596171489.2286024
CF_Clu_WiperHigh,0,1596171490.129183
CF_Clu_WiperHigh,0,1596171490.329726
CF_Clu_WiperHigh,0,1596171490.428118
CF_Clu_WiperHigh,0,1596171495.122006
CF_Clu_WiperHigh,0,1596171496.121518
CF_Clu_WiperHigh,0,1596171497.1205368
CF_Clu_WiperHigh,0,1596171498.017947
CF_Clu_WiperHigh,0,1596171498.8172688
CF_Clu_WiperHigh,0,1596171500.917751
CF_Clu_WiperHigh,0,1596171501.1180966
CF_Clu_WiperHigh,0,1596171502.1175551
CF_Clu_WiperHigh,0,1596171505.60755
CF_Clu_WiperHigh,0,1596171505.8083286
CF_Clu_WiperHigh,0,1596171507.007902
CF_Clu_WiperHigh,0,1596171509.0065632
CF_Clu_WiperHigh,0,1596171509.203663
CF_Clu_WiperHigh,0,1596171510.104439
CF_Clu_WiperHigh,0,1596171511.7017071
CF_Clu_WiperHigh,0,1596171513.3978221
CF_Clu_WiperHigh,0,1596171513.89762
CF_Clu_WiperHigh,0,1596171515.2978306
CF_Clu_WiperHigh,0,1596171515.4949892
CF_Clu_WiperHigh,0,1596171516.494275
CF_Clu_WiperHigh,0,1596171517.493231
CF_Clu_WiperHigh,0,1596171517.8946779
CF_Clu_WiperHigh,0,1596171517.996992
CF_Clu_WiperHigh,0,1596171518.5913901
CF_Clu_WiperHigh,0,1596171520.0902722
CF_Clu_WiperHigh,0,1596171521.191674
CF_Clu_WiperHigh,0,1596171521.290015
CF_Clu_WiperHigh,0,1596171521.487073
CF_Clu_WiperHigh,0,1596171523.386975
CF_Clu_WiperHigh,0,1596171523.88691
CF_Clu_WiperHigh,0,1596171524.2845702
CF_Clu_WiperHigh,0,1596171524.485043
CF_Clu_WiperHigh,0,1596171524.9843829
CF_Clu_WiperHigh,0,1596171526.283802
CF_Clu_WiperHigh,0,1596171526.7836714
CF_Clu_WiperHigh,0,1596171527.9788618
CF_Clu_WiperHigh,0,1596171528.7812529
CF_Clu_WiperHigh,0,1596171529.7769802
CF_Clu_WiperHigh,0,1596171529.977317
CF_Clu_WiperHigh,0,1596171530.276552
CF_Clu_WiperHigh,0,1596171531.676962
CF_Clu_WiperHigh,0,1596171532.1767259
CF_Clu_WiperHigh,0,1596171532.676218
CF_Clu_WiperHigh,0,1596171533.774026
CF_Clu_WiperHigh,0,1596171534.474446
CF_Clu_WiperHigh,0,1596171536.669729
CF_Clu_WiperHigh,0,1596171536.8705876
CF_Clu_WiperHigh,0,1596171537.869759
CF_Clu_WiperHigh,0,1596171538.865974
CF_Clu_WiperHigh,0,1596171539.467205
CF_Clu_WiperHigh,0,1596171541.466201
CF_Clu_WiperHigh,0,1596171542.068152
CF_Clu_WiperHigh,0,1596171542.662312
CF_Clu_WiperHigh,0,1596171544.059123
CF_Clu_WiperHigh,0,1596171544.7592962
CF_Clu_WiperHigh,0,1596171546.057588
CF_Clu_WiperHigh,0,1596171547.5563114
CF_Clu_WiperHigh,0,1596171548.154658
CF_Clu_WiperHigh,0,1596171550.6531699
CF_Clu_WiperHigh,0,1596171551.152479
CF_Clu_WiperHigh,0,1596171552.1518981
CF_Clu_WiperHigh,0,1596171552.3493788
CF_Clu_WiperHigh,0,1596171554.2490306
CF_Clu_WiperHigh,0,1596171554.547925
CF_Clu_WiperHigh,0,1596171555.145998
CF_Clu_WiperHigh,0,1596171555.547334
CF_Clu_WiperHigh,0,1596171556.8456476
CF_Clu_WiperHigh,0,1596171559.4424028
CF_Clu_WiperHigh,0,1596171562.1374476
CF_Clu_WiperHigh,0,1596171562.8376641
CF_Clu_WiperHigh,0,1596171564.734216
CF_Clu_WiperHigh,0,1596171565.0372422
CF_Clu_WiperHigh,0,1596171565.7338881
CF_Clu_WiperHigh,0,1596171566.533412
CF_Clu_WiperHigh,0,1596171567.331002
CF_Clu_WiperHigh,0,1596171568.727916
CF_Clu_WiperHigh,0,1596171569.129049
CF_Clu_WiperHigh,0,1596171572.426131
CF_Clu_WiperHigh,0,1596171575.21981
CF_Clu_WiperHigh,0,1596171575.920463
CF_Clu_WiperHigh,0,1596171576.2192726
CF_Clu_WiperHigh,0,1596171576.5217302
CF_Clu_WiperHigh,0,1596171577.718063
CF_Clu_WiperHigh,0,1596171578.816545
CF_Clu_WiperHigh,0,1596171578.9181252
CF_Clu_WiperHigh,0,1596171580.01591
CF_Clu_WiperHigh,0,1596171581.416676
CF_Clu_WiperHigh,0,1596171581.813838
CF_Clu_WiperHigh,0,1596171583.6116982
CF_Clu_WiperHigh,0,1596171584.8082411
CF_Clu_WiperHigh,0,1596171586.0081975
CF_Clu_WiperHigh,0,1596171587.306218
CF_Clu_WiperHigh,0,1596171588.2071161
CF_Clu_WiperHigh,0,1596171588.80512
CF_Clu_WiperHigh,0,1596171589.4036741
CF_Clu_WiperHigh,0,1596171589.8046432
CF_Clu_WiperHigh,0,1596171590.00514
CF_Clu_WiperHigh,0,1596171590.1035466
CF_Clu_WiperHigh,0,1596171591.3002062
CF_Clu_WiperHigh,0,1596171594.396462
CF_Clu_WiperHigh,0,1596171596.497254
CF_Clu_WiperHigh,0,1596171597.795507
CF_Clu_WiperHigh,0,1596171598.19294
CF_Clu_WiperHigh,0,1596171599.9909198
CF_Clu_WiperHigh,0,1596171601.0885632
CF_Clu_WiperHigh,0,1596171601.3880641
CF_Clu_WiperHigh,0,1596171604.283642
CF_Clu_WiperHigh,0,1596171606.0854561
CF_Clu_WiperHigh,0,1596171606.7858472
CF_Clu_WiperHigh,0,1596171607.183203
CF_Clu_WiperHigh,0,1596171608.5798821
CF_Clu_WiperHigh,0,1596171608.6785128
CF_Clu_WiperHigh,0,1596171608.7806098
CF_Clu_WiperHigh,0,1596171609.0794814
CF_Clu_WiperHigh,0,1596171609.5791311
CF_Clu_WiperHigh,0,1596171610.877423
CF_Clu_WiperHigh,0,1596171613.27368
CF_Clu_WiperHigh,0,1596171613.6749172
CF_Clu_WiperHigh,0,1596171613.8718588
CF_Clu_WiperHigh,0,1596171615.571239
CF_Clu_WiperHigh,0,1596171616.1696398
CF_Clu_WiperHigh,0,1596171616.5706394
CF_Clu_WiperHigh,0,1596171618.3687232
CF_Clu_WiperHigh,0,1596171618.766486
CF_Clu_WiperHigh,0,1596171619.864769
CF_Clu_WiperHigh,0,1596171621.563692
CF_Clu_WiperHigh,0,1596171621.9650474
CF_Clu_WiperHigh,0,1596171622.264204
CF_Clu_WiperHigh,0,1596171623.259528
CF_Clu_WiperHigh,0,1596171623.759204
CF_Clu_WiperHigh,0,1596171624.36093
CF_Clu_WiperHigh,0,1596171626.8557296
CF_Clu_WiperHigh,0,1596171628.4566069
CF_Clu_WiperHigh,0,1596171629.0546649
CF_Clu_WiperHigh,0,1596171629.3537762
CF_Clu_WiperHigh,0,1596171629.4523392
CF_Clu_WiperHigh,0,1596171632.049293
CF_Clu_WiperHigh,0,1596171632.650856
CF_Clu_WiperHigh,0,1596171633.949182
CF_Clu_WiperHigh,0,1596171635.047164
CF_Clu_WiperHigh,0,1596171637.1439626
CF_Clu_WiperHigh,0,1596171638.245718
CF_Clu_WiperHigh,0,1596171638.9424028
CF_Clu_WiperHigh,0,1596171642.7387311
CF_Clu_WiperHigh,0,1596171642.8371134
CF_Clu_WiperHigh,0,1596171644.8359082
CF_Clu_WiperHigh,0,1596171645.733217
CF_Clu_WiperHigh,0,1596171649.0301068
CF_Clu_WiperHigh,0,1596171649.526044
CF_Clu_WiperHigh,0,1596171650.328293
CF_Clu_WiperHigh,0,1596171651.028615
CF_Clu_WiperHigh,0,1596171653.224401
CF_Clu_WiperHigh,0,1596171654.223346
CF_Clu_WiperHigh,0,1596171654.9238288
CF_Clu_WiperHigh,0,1596171657.819616
CF_Clu_WiperHigh,0,1596171659.117792
CF_Clu_WiperHigh,0,1596171659.5155652
CF_Clu_WiperHigh,0,1596171659.9166179
CF_Clu_WiperHigh,0,1596171662.2146306
CF_Clu_WiperHigh,0,1596171663.513303
CF_Clu_WiperHigh,0,1596171666.0074098
CF_Clu_WiperHigh,0,1596171666.1057222
CF_Clu_WiperHigh,0,1596171667.7067919
CF_Clu_WiperHigh,0,1596171667.805112
CF_Clu_WiperHigh,0,1596171669.1035476
CF_Clu_WiperHigh,0,1596171669.803833
CF_Clu_WiperHigh,0,1596171670.401848
CF_Clu_WiperHigh,0,1596171670.803338
CF_Clu_WiperHigh,0,1596171671.003858
CF_Clu_WiperHigh,0,1596171671.7005188
CF_Clu_WiperHigh,0,1596171673.6989481
CF_Clu_WiperHigh,0,1596171674.198692
CF_Clu_WiperHigh,0,1596171674.69831
CF_Clu_WiperHigh,0,1596171674.895251
CF_Clu_WiperHigh,0,1596171675.796292
CF_Clu_WiperHigh,0,1596171675.8944461
CF_Clu_WiperHigh,0,1596171677.295029
CF_Clu_WiperHigh,0,1596171678.294413
CF_Clu_WiperHigh,0,1596171678.7940962
CF_Clu_WiperHigh,0,1596171679.49088
CF_Clu_WiperHigh,0,1596171679.592932
CF_Clu_WiperHigh,0,1596171682.18585
CF_Clu_WiperHigh,0,1596171682.988235
CF_Clu_WiperHigh,0,1596171683.385535
CF_Clu_WiperHigh,0,1596171683.88531
CF_Clu_WiperHigh,0,1596171685.0852132
CF_Clu_WiperHigh,0,1596171685.48265
CF_Clu_WiperHigh,0,1596171685.6833222
CF_Clu_WiperHigh,0,1596171686.183039
CF_Clu_WiperHigh,0,1596171690.774955
CF_Clu_WiperHigh,0,1596171691.475456
CF_Clu_WiperHigh,0,1596171691.7742288
CF_Clu_WiperHigh,0,1596171693.371554
CF_Clu_WiperHigh,0,1596171693.871367
CF_Clu_WiperHigh,0,1596171697.06958
CF_Clu_WiperHigh,0,1596171697.1682231
CF_Clu_WiperHigh,0,1596171697.668119
CF_Clu_WiperHigh,0,1596171698.266003
CF_Clu_WiperHigh,0,1596171698.7659829
CF_Clu_WiperHigh,0,1596171701.1617658
CF_Clu_WiperHigh,0,1596171701.2640266
CF_Clu_WiperHigh,0,1596171701.7637134
CF_Clu_WiperHigh,0,1596171701.8629491
CF_Clu_WiperHigh,0,1596171702.6608589
CF_Clu_WiperHigh,0,1596171704.761573
CF_Clu_WiperHigh,0,1596171705.5564241
CF_Clu_WiperHigh,0,1596171705.6584811
CF_Clu_WiperHigh,0,1596171706.1583
CF_Clu_WiperHigh,0,1596171706.556013
CF_Clu_WiperHigh,0,1596171707.1576
CF_Clu_WiperHigh,0,1596171707.255932
CF_Clu_WiperHigh,0,1596171707.456579
CF_Clu_WiperHigh,0,1596171707.5550456
CF_Clu_WiperHigh,0,1596171708.354039
CF_Clu_WiperHigh,0,1596171708.4558878
CF_Clu_WiperHigh,0,1596171708.8536491
CF_Clu_WiperHigh,0,1596171708.9557388
CF_Clu_WiperHigh,0,1596171710.2540698
CF_Clu_WiperHigh,0,1596171710.553091
CF_Clu_WiperHigh,0,1596171710.9506211
CF_Clu_WiperHigh,0,1596171711.5528288
CF_Clu_WiperHigh,0,1596171711.6509259
CF_Clu_WiperHigh,0,1596171712.547803
CF_Clu_WiperHigh,0,1596171712.650239
CF_Clu_WiperHigh,0,1596171714.145803
CF_Clu_WiperHigh,0,1596171714.546973
CF_Clu_WiperHigh,0,1596171714.645574
CF_Clu_WiperHigh,0,1596171716.545383
CF_Clu_WiperHigh,0,1596171717.2459161
CF_Clu_WiperHigh,0,1596171717.343821
CF_Clu_WiperHigh,0,1596171718.4417126
CF_Clu_WiperHigh,0,1596171722.238348
CF_Clu_WiperHigh,0,1596171722.7379632
CF_Clu_WiperHigh,0,1596171722.9350119
CF_Clu_WiperHigh,0,1596171723.135492
CF_Clu_WiperHigh,0,1596171723.23773
CF_Clu_WiperHigh,0,1596171723.336124
CF_Clu_WiperHigh,0,1596171724.036445
CF_Clu_WiperHigh,0,1596171724.335335
CF_Clu_WiperHigh,0,1596171725.1343126
CF_Clu_WiperHigh,0,1596171725.331076
CF_Clu_WiperHigh,0,1596171725.830913
CF_Clu_WiperHigh,0,1596171725.9329126
CF_Clu_WiperHigh,0,1596171726.630081
CF_Clu_WiperHigh,0,1596171727.632737
CF_Clu_WiperHigh,0,1596171729.127998
CF_Clu_WiperHigh,0,1596171729.5291038
CF_Clu_WiperHigh,0,1596171730.12692
CF_Clu_WiperHigh,0,1596171731.4253962
CF_Clu_WiperHigh,0,1596171732.023833
CF_Clu_WiperHigh,0,1596171733.023191
CF_Clu_WiperHigh,0,1596171735.320755
CF_Clu_WiperHigh,0,1596171735.623455
CF_Clu_WiperHigh,0,1596171736.0211046
CF_Clu_WiperHigh,0,1596171737.020041
CF_Clu_WiperHigh,0,1596171737.516159
CF_Clu_WiperHigh,0,1596171739.015359
CF_Clu_WiperHigh,0,1596171741.612431
CF_Clu_WiperHigh,0,1596171742.8119051
CF_Clu_WiperHigh,0,1596171744.114177
CF_Clu_WiperHigh,0,1596171746.2070642
CF_Clu_WiperHigh,0,1596171746.305756
CF_Clu_WiperHigh,0,1596171747.903031
CF_Clu_WiperHigh,0,1596171749.004895
CF_Clu_WiperHigh,0,1596171749.504102
CF_Clu_WiperHigh,0,1596171749.803118
CF_Clu_WiperHigh,0,1596171750.2008529
CF_Clu_WiperHigh,0,1596171750.3028214
CF_Clu_WiperHigh,0,1596171751.302291
CF_Clu_WiperHigh,0,1596171753.1985471
CF_Clu_WiperHigh,0,1596171753.3991401
CF_Clu_WiperHigh,0,1596171754.096653
CF_Clu_WiperHigh,0,1596171754.996568
CF_Clu_WiperHigh,0,1596171756.192967
CF_Clu_WiperHigh,0,1596171757.4915051
CF_Clu_WiperHigh,0,1596171757.5934432
CF_Clu_WiperHigh,0,1596171758.691255
CF_Clu_WiperHigh,0,1596171759.4902759
CF_Clu_WiperHigh,0,1596171759.592119
CF_Clu_WiperHigh,0,1596171760.689896
CF_Clu_WiperHigh,0,1596171761.98823
CF_Clu_WiperHigh,0,1596171762.5861552
CF_Clu_WiperHigh,0,1596171762.8856268
CF_Clu_WiperHigh,0,1596171763.9834628
CF_Clu_WiperHigh,0,1596171764.7856061
CF_Clu_WiperHigh,0,1596171765.8832881
CF_Clu_WiperHigh,0,1596171766.083915
CF_Clu_WiperHigh,0,1596171766.4813821
CF_Clu_WiperHigh,0,1596171767.382391
CF_Clu_WiperHigh,0,1596171767.68174
CF_Clu_WiperHigh,0,1596171767.9807339
CF_Clu_WiperHigh,0,1596171768.181106
CF_Clu_WiperHigh,0,1596171768.377944
CF_Clu_WiperHigh,0,1596171768.680641
CF_Clu_WiperHigh,0,1596171769.778558
CF_Clu_WiperHigh,0,1596171770.777791
CF_Clu_WiperHigh,0,1596171771.1751502
CF_Clu_WiperHigh,0,1596171772.4737976
CF_Clu_WiperHigh,0,1596171773.571556
CF_Clu_WiperHigh,0,1596171773.6734774
CF_Clu_WiperHigh,0,1596171773.870548
CF_Clu_WiperHigh,0,1596171775.471841
CF_Clu_WiperHigh,0,1596171776.9668226
CF_Clu_WiperHigh,0,1596171777.2695289
CF_Clu_WiperHigh,0,1596171777.368006
CF_Clu_WiperHigh,0,1596171777.5685382
CF_Clu_WiperHigh,0,1596171778.16661
CF_Clu_WiperHigh,0,1596171778.2653275
CF_Clu_WiperHigh,0,1596171779.6658502
CF_Clu_WiperHigh,0,1596171780.165335
CF_Clu_WiperHigh,0,1596171780.263799
CF_Clu_WiperHigh,0,1596171782.6604419
CF_Clu_WiperHigh,0,1596171783.458901
CF_Clu_WiperHigh,0,1596171783.560925
CF_Clu_WiperHigh,0,1596171785.256993
CF_Clu_WiperHigh,0,1596171786.956347
CF_Clu_WiperHigh,0,1596171790.552288
CF_Clu_WiperHigh,0,1596171791.55162
CF_Clu_WiperHigh,0,1596171791.8507829
CF_Clu_WiperHigh,0,1596171793.448125
CF_Clu_WiperHigh,0,1596171794.2467618
CF_Clu_WiperHigh,0,1596171795.046584
CF_Clu_WiperHigh,0,1596171796.245909
CF_Clu_WiperHigh,0,1596171798.043607
CF_Clu_WiperHigh,0,1596171800.8409688
CF_Clu_WiperHigh,0,1596171801.7379992
CF_Clu_WiperHigh,0,1596171801.93869
CF_Clu_WiperHigh,0,1596171802.037013
CF_Clu_WiperHigh,0,1596171803.3353279
CF_Clu_WiperHigh,0,1596171805.7317948
CF_Clu_WiperHigh,0,1596171808.7295141
CF_Clu_WiperHigh,0,1596171808.9304278
CF_Clu_WiperHigh,0,1596171810.027812
CF_Clu_WiperHigh,0,1596171811.0272038
CF_Clu_WiperHigh,0,1596171811.3263216
CF_Clu_WiperHigh,0,1596171811.424899
CF_Clu_WiperHigh,0,1596171811.723904
CF_Clu_WiperHigh,0,1596171812.72299
CF_Clu_WiperHigh,0,1596171813.522159
CF_Clu_WiperHigh,0,1596171814.321045
CF_Clu_WiperHigh,0,1596171814.52101
CF_Clu_WiperHigh,0,1596171814.820087
CF_Clu_WiperHigh,0,1596171815.02074
CF_Clu_WiperHigh,0,1596171815.619168
CF_Clu_WiperHigh,0,1596171819.2150571
CF_Clu_WiperHigh,0,1596171820.914521
CF_Clu_WiperHigh,0,1596171821.315968
CF_Clu_WiperHigh,0,1596171821.91384
CF_Clu_WiperHigh,0,1596171823.1107981
CF_Clu_WiperHigh,0,1596171823.3109179
CF_Clu_WiperHigh,0,1596171824.2080722
CF_Clu_WiperHigh,0,1596171825.006756
CF_Clu_WiperHigh,0,1596171827.3043962
CF_Clu_WiperHigh,0,1596171829.302794
CF_Clu_WiperHigh,0,1596171829.802408
CF_Clu_WiperHigh,0,1596171831.600373
CF_Clu_WiperHigh,0,1596171832.1002636
CF_Clu_WiperHigh,0,1596171835.4957788
CF_Clu_WiperHigh,0,1596171836.3933241
CF_Clu_WiperHigh,0,1596171838.48999
CF_Clu_WiperHigh,0,1596171838.5922089
CF_Clu_WiperHigh,0,1596171838.6904142
CF_Clu_WiperHigh,0,1596171838.891001
CF_Clu_WiperHigh,0,1596171839.8904538
CF_Clu_WiperHigh,0,1596171839.9927502
CF_Clu_WiperHigh,0,1596171843.384417
CF_Clu_WiperHigh,0,1596171845.78414
CF_Clu_WiperHigh,0,1596171846.280206
CF_Clu_WiperHigh,0,1596171847.279788
CF_Clu_WiperHigh,0,1596171847.6805608
CF_Clu_WiperHigh,0,1596171848.180414
CF_Clu_WiperHigh,0,1596171848.4793198
CF_Clu_WiperHigh,0,1596171851.273008
CF_Clu_WiperHigh,0,1596171851.6740608
CF_Clu_WiperHigh,0,1596171852.374388
CF_Clu_WiperHigh,0,1596171853.7715778
CF_Clu_WiperHigh,0,1596171855.470942
CF_Clu_WiperHigh,0,1596171856.06884
CF_Clu_WiperHigh,0,1596171856.171278
CF_Clu_WiperHigh,0,1596171856.568973
CF_Clu_WiperHigh,0,1596171857.866912
CF_Clu_WiperHigh,0,1596171859.3659468
CF_Clu_WiperHigh,0,1596171861.1641688
CF_Clu_WiperHigh,0,1596171862.659806
CF_Clu_WiperHigh,0,1596171863.560331
CF_Clu_WiperHigh,0,1596171866.554628
CF_Clu_WiperHigh,0,1596171866.65645
CF_Clu_WiperHigh,0,1596171868.454567
CF_Clu_WiperHigh,0,1596171870.3509474
CF_Clu_WiperHigh,0,1596171871.649303
CF_Clu_WiperHigh,0,1596171871.948859
CF_Clu_WiperHigh,0,1596171872.6486886
CF_Clu_WiperHigh,0,1596171873.6480892
CF_Clu_WiperHigh,0,1596171874.147899
CF_Clu_WiperHigh,0,1596171874.246151
CF_Clu_WiperHigh,0,1596171874.647369
CF_Clu_WiperHigh,0,1596171875.044766
CF_Clu_WiperHigh,0,1596171875.544769
CF_Clu_WiperHigh,0,1596171875.9457114
CF_Clu_WiperHigh,0,1596171876.945193
CF_Clu_WiperHigh,0,1596171877.0437539
CF_Clu_WiperHigh,0,1596171877.34256
CF_Clu_WiperHigh,0,1596171880.7379572
CF_Clu_WiperHigh,0,1596171883.535299
CF_Clu_WiperHigh,0,1596171883.8342972
CF_Clu_WiperHigh,0,1596171884.932251
CF_Clu_WiperHigh,0,1596171886.431042
CF_Clu_WiperHigh,0,1596171886.930767
CF_Clu_WiperHigh,0,1596171887.131466
CF_Clu_WiperHigh,0,1596171887.63103
CF_Clu_WiperHigh,0,1596171888.7292259
CF_Clu_WiperHigh,0,1596171890.2278662
CF_Clu_WiperHigh,0,1596171891.223579
CF_Clu_WiperHigh,0,1596171892.423262
CF_Clu_WiperHigh,0,1596171893.521465
CF_Clu_WiperHigh,0,1596171894.520853
CF_Clu_WiperHigh,0,1596171897.3176448
CF_Clu_WiperHigh,0,1596171898.21516
CF_Clu_WiperHigh,0,1596171898.317044
CF_Clu_WiperHigh,0,1596171898.514508
CF_Clu_WiperHigh,0,1596171899.2143269
CF_Clu_WiperHigh,0,1596171899.8124511
CF_Clu_WiperHigh,0,1596171901.9132009
CF_Clu_WiperHigh,0,1596171902.711787
CF_Clu_WiperHigh,0,1596171904.109442
CF_Clu_WiperHigh,0,1596171905.8084102
CF_Clu_WiperHigh,0,1596171908.503582
CF_Clu_WiperHigh,0,1596171909.801794
CF_Clu_WiperHigh,0,1596171910.899884
CF_Clu_WiperHigh,0,1596171911.8003519
CF_Clu_WiperHigh,0,1596171912.300122
CF_Clu_WiperHigh,0,1596171914.098134
CF_Clu_WiperHigh,0,1596171914.196615
CF_Clu_WiperHigh,0,1596171915.5934982
CF_Clu_WiperHigh,0,1596171918.091719
CF_Clu_WiperHigh,0,1596171918.988956
CF_Clu_WiperHigh,0,1596171919.288108
CF_Clu_WiperHigh,0,1596171923.285135
CF_Clu_WiperHigh,0,1596171925.8819606
CF_Clu_WiperHigh,0,1596171925.9807732
CF_Clu_WiperHigh,0,1596171926.0826292
CF_Clu_WiperHigh,0,1596171928.87989
CF_Clu_WiperHigh,0,1596171930.375776
CF_Clu_WiperHigh,0,1596171930.477469
CF_Clu_WiperHigh,0,1596171932.173114
CF_Clu_WiperHigh,0,1596171932.2755618
CF_Clu_WiperHigh,0,1596171935.1711721
CF_Clu_WiperHigh,0,1596171935.769144
CF_Clu_WiperHigh,0,1596171935.969871
CF_Clu_WiperHigh,0,1596171936.068285
CF_Clu_WiperHigh,0,1596171936.670223
CF_Clu_WiperHigh,0,1596171937.06795
CF_Clu_WiperHigh,0,1596171937.2682428
CF_Clu_WiperHigh,0,1596171939.2633028
CF_Clu_WiperHigh,0,1596171939.463972
CF_Clu_WiperHigh,0,1596171939.76655
CF_Clu_WiperHigh,0,1596171940.0655284
CF_Clu_WiperHigh,0,1596171941.064935
CF_Clu_WiperHigh,0,1596171941.4624062
CF_Clu_WiperHigh,0,1596171944.4566588
CF_Clu_WiperHigh,0,1596171944.559007
CF_Clu_WiperHigh,0,1596171944.9601114
CF_Clu_WiperHigh,0,1596171947.454499
CF_Clu_WiperHigh,0,1596171947.6551142
CF_Clu_WiperHigh,0,1596171948.351815
CF_Clu_WiperHigh,0,1596171948.4538789
CF_Clu_WiperHigh,0,1596171949.453321
CF_Clu_WiperHigh,0,1596171949.850869
CF_Clu_WiperHigh,0,1596171950.150028
CF_Clu_WiperHigh,0,1596171952.5496619
