PIC_Unlock,0,1598160376.495986
PIC_Unlock,0,1598160376.8932204
PIC_Unlock,0,1598160378.093539
PIC_Unlock,0,1598160381.98842
PIC_Unlock,0,1598160382.087384
PIC_Unlock,0,1598160382.2875721
PIC_Unlock,0,1598160383.6844642
PIC_Unlock,0,1598160384.683893
PIC_Unlock,0,1598160385.084938
PIC_Unlock,0,1598160385.3842182
PIC_Unlock,0,1598160385.785177
PIC_Unlock,0,1598160386.383241
PIC_Unlock,0,1598160387.083593
PIC_Unlock,0,1598160388.082921
PIC_Unlock,0,1598160388.283674
PIC_Unlock,0,1598160389.9793382
PIC_Unlock,0,1598160391.8758678
PIC_Unlock,0,1598160392.7767284
PIC_Unlock,0,1598160392.875326
PIC_Unlock,0,1598160394.0715892
PIC_Unlock,0,1598160395.570545
PIC_Unlock,0,1598160396.4712489
PIC_Unlock,0,1598160396.5735931
PIC_Unlock,0,1598160397.470463
PIC_Unlock,0,1598160397.569107
PIC_Unlock,0,1598160399.8667068
PIC_Unlock,0,1598160402.0625901
PIC_Unlock,0,1598160403.061924
PIC_Unlock,0,1598160403.163958
PIC_Unlock,0,1598160403.663597
PIC_Unlock,0,1598160404.0612
PIC_Unlock,0,1598160404.261847
PIC_Unlock,0,1598160404.3641136
PIC_Unlock,0,1598160404.462194
PIC_Unlock,0,1598160405.359189
PIC_Unlock,0,1598160406.059686
PIC_Unlock,0,1598160406.358515
PIC_Unlock,0,1598160408.156548
PIC_Unlock,0,1598160409.652077
PIC_Unlock,0,1598160410.753393
PIC_Unlock,0,1598160413.649084
PIC_Unlock,0,1598160414.4480221
PIC_Unlock,0,1598160415.9469779
PIC_Unlock,0,1598160416.844238
PIC_Unlock,0,1598160417.9419286
PIC_Unlock,0,1598160418.244481
PIC_Unlock,0,1598160420.6407552
PIC_Unlock,0,1598160421.1403034
PIC_Unlock,0,1598160421.938967
PIC_Unlock,0,1598160422.438751
PIC_Unlock,0,1598160423.434482
PIC_Unlock,0,1598160423.737084
PIC_Unlock,0,1598160426.232372
PIC_Unlock,0,1598160426.53184
PIC_Unlock,0,1598160426.8335106
PIC_Unlock,0,1598160427.2312694
PIC_Unlock,0,1598160429.6272142
PIC_Unlock,0,1598160433.522339
PIC_Unlock,0,1598160434.1239738
PIC_Unlock,0,1598160434.72243
PIC_Unlock,0,1598160435.021075
PIC_Unlock,0,1598160435.5208352
PIC_Unlock,0,1598160435.6197278
PIC_Unlock,0,1598160436.421803
PIC_Unlock,0,1598160439.018573
PIC_Unlock,0,1598160439.616707
PIC_Unlock,0,1598160439.8173869
PIC_Unlock,0,1598160441.013969
PIC_Unlock,0,1598160442.012626
PIC_Unlock,0,1598160442.312057
PIC_Unlock,0,1598160443.21293
PIC_Unlock,0,1598160445.3096519
PIC_Unlock,0,1598160446.309092
PIC_Unlock,0,1598160446.907109
PIC_Unlock,0,1598160447.2061381
PIC_Unlock,0,1598160448.406152
PIC_Unlock,0,1598160448.6069386
PIC_Unlock,0,1598160449.402156
PIC_Unlock,0,1598160449.802819
PIC_Unlock,0,1598160450.703833
PIC_Unlock,0,1598160451.601366
PIC_Unlock,0,1598160452.600963
PIC_Unlock,0,1598160452.899668
PIC_Unlock,0,1598160454.796511
PIC_Unlock,0,1598160454.9965286
PIC_Unlock,0,1598160456.294796
PIC_Unlock,0,1598160456.3973448
PIC_Unlock,0,1598160456.892996
PIC_Unlock,0,1598160457.593055
PIC_Unlock,0,1598160458.1915786
PIC_Unlock,0,1598160460.091603
PIC_Unlock,0,1598160460.689646
PIC_Unlock,0,1598160461.389879
PIC_Unlock,0,1598160461.688899
PIC_Unlock,0,1598160462.5862432
PIC_Unlock,0,1598160462.688187
PIC_Unlock,0,1598160463.085966
PIC_Unlock,0,1598160463.3850222
PIC_Unlock,0,1598160464.3840618
PIC_Unlock,0,1598160464.785356
PIC_Unlock,0,1598160464.9860392
PIC_Unlock,0,1598160465.883038
PIC_Unlock,0,1598160465.985496
PIC_Unlock,0,1598160466.281085
PIC_Unlock,0,1598160467.181484
PIC_Unlock,0,1598160468.3814518
PIC_Unlock,0,1598160472.5755339
PIC_Unlock,0,1598160473.9722738
PIC_Unlock,0,1598160475.668333
PIC_Unlock,0,1598160476.5693178
PIC_Unlock,0,1598160477.66676
PIC_Unlock,0,1598160478.4657712
PIC_Unlock,0,1598160478.768448
PIC_Unlock,0,1598160478.8668294
PIC_Unlock,0,1598160480.964191
PIC_Unlock,0,1598160481.2641618
PIC_Unlock,0,1598160482.061943
PIC_Unlock,0,1598160484.2614381
PIC_Unlock,0,1598160485.059957
PIC_Unlock,0,1598160485.657708
PIC_Unlock,0,1598160486.157461
PIC_Unlock,0,1598160486.558578
PIC_Unlock,0,1598160488.455106
PIC_Unlock,0,1598160489.651683
PIC_Unlock,0,1598160490.4502342
PIC_Unlock,0,1598160490.6510668
PIC_Unlock,0,1598160490.75283
PIC_Unlock,0,1598160491.252424
PIC_Unlock,0,1598160492.751434
PIC_Unlock,0,1598160495.1479301
PIC_Unlock,0,1598160495.844359
PIC_Unlock,0,1598160497.543689
PIC_Unlock,0,1598160499.538641
PIC_Unlock,0,1598160500.439476
PIC_Unlock,0,1598160503.43736
PIC_Unlock,0,1598160504.236148
PIC_Unlock,0,1598160506.833058
PIC_Unlock,0,1598160507.529752
PIC_Unlock,0,1598160508.9302812
PIC_Unlock,0,1598160509.4300199
PIC_Unlock,0,1598160514.422461
PIC_Unlock,0,1598160514.62316
PIC_Unlock,0,1598160514.820016
PIC_Unlock,0,1598160516.118474
PIC_Unlock,0,1598160517.322211
PIC_Unlock,0,1598160517.6172
PIC_Unlock,0,1598160517.817933
PIC_Unlock,0,1598160519.2149591
PIC_Unlock,0,1598160519.616122
PIC_Unlock,0,1598160519.816652
PIC_Unlock,0,1598160521.0129158
PIC_Unlock,0,1598160522.1106648
PIC_Unlock,0,1598160522.9093306
PIC_Unlock,0,1598160523.110018
PIC_Unlock,0,1598160525.907213
PIC_Unlock,0,1598160526.0058694
PIC_Unlock,0,1598160526.906474
PIC_Unlock,0,1598160528.806973
PIC_Unlock,0,1598160528.9052842
PIC_Unlock,0,1598160529.003509
PIC_Unlock,0,1598160533.4974382
PIC_Unlock,0,1598160534.696981
PIC_Unlock,0,1598160534.795886
PIC_Unlock,0,1598160536.89652
PIC_Unlock,0,1598160538.6906931
PIC_Unlock,0,1598160538.890958
PIC_Unlock,0,1598160539.689632
PIC_Unlock,0,1598160540.389931
PIC_Unlock,0,1598160541.7867231
PIC_Unlock,0,1598160542.7860081
PIC_Unlock,0,1598160543.584665
PIC_Unlock,0,1598160543.884015
PIC_Unlock,0,1598160544.2850251
PIC_Unlock,0,1598160544.883751
PIC_Unlock,0,1598160546.1814024
PIC_Unlock,0,1598160546.780388
PIC_Unlock,0,1598160547.881116
PIC_Unlock,0,1598160548.078696
PIC_Unlock,0,1598160548.180466
PIC_Unlock,0,1598160548.979219
PIC_Unlock,0,1598160549.47949
PIC_Unlock,0,1598160549.7775948
PIC_Unlock,0,1598160550.1751628
PIC_Unlock,0,1598160551.772553
PIC_Unlock,0,1598160552.574904
PIC_Unlock,0,1598160554.471349
PIC_Unlock,0,1598160557.1667821
PIC_Unlock,0,1598160558.7640462
PIC_Unlock,0,1598160560.164444
PIC_Unlock,0,1598160561.9627829
PIC_Unlock,0,1598160562.360379
PIC_Unlock,0,1598160565.059341
PIC_Unlock,0,1598160566.15679
PIC_Unlock,0,1598160567.054063
PIC_Unlock,0,1598160567.65569
PIC_Unlock,0,1598160571.149503
PIC_Unlock,0,1598160573.647902
PIC_Unlock,0,1598160574.046484
PIC_Unlock,0,1598160574.2470534
PIC_Unlock,0,1598160574.54601
PIC_Unlock,0,1598160576.441542
PIC_Unlock,0,1598160576.6423318
PIC_Unlock,0,1598160578.640706
PIC_Unlock,0,1598160580.139915
PIC_Unlock,0,1598160580.340439
PIC_Unlock,0,1598160581.139154
PIC_Unlock,0,1598160581.540462
PIC_Unlock,0,1598160582.134827
PIC_Unlock,0,1598160583.134162
PIC_Unlock,0,1598160583.33505
PIC_Unlock,0,1598160586.332625
PIC_Unlock,0,1598160586.431217
PIC_Unlock,0,1598160589.2286391
PIC_Unlock,0,1598160589.7282062
PIC_Unlock,0,1598160590.924356
PIC_Unlock,0,1598160593.123997
PIC_Unlock,0,1598160594.2211359
PIC_Unlock,0,1598160594.819476
PIC_Unlock,0,1598160595.1222339
PIC_Unlock,0,1598160595.3193214
PIC_Unlock,0,1598160595.818641
PIC_Unlock,0,1598160596.5189538
PIC_Unlock,0,1598160598.616023
PIC_Unlock,0,1598160599.0172546
PIC_Unlock,0,1598160599.513859
PIC_Unlock,0,1598160600.6149
PIC_Unlock,0,1598160601.5119274
PIC_Unlock,0,1598160602.011533
PIC_Unlock,0,1598160603.3098462
PIC_Unlock,0,1598160603.8094964
PIC_Unlock,0,1598160604.2072868
PIC_Unlock,0,1598160604.4077704
PIC_Unlock,0,1598160604.808893
PIC_Unlock,0,1598160605.3084428
PIC_Unlock,0,1598160605.509182
PIC_Unlock,0,1598160605.709874
PIC_Unlock,0,1598160606.107174
PIC_Unlock,0,1598160607.303616
PIC_Unlock,0,1598160607.504019
PIC_Unlock,0,1598160611.1988132
PIC_Unlock,0,1598160612.1981928
PIC_Unlock,0,1598160614.8967881
PIC_Unlock,0,1598160615.2944689
PIC_Unlock,0,1598160618.390579
PIC_Unlock,0,1598160619.09089
PIC_Unlock,0,1598160621.187979
PIC_Unlock,0,1598160627.2796881
PIC_Unlock,0,1598160627.581661
PIC_Unlock,0,1598160630.1746109
PIC_Unlock,0,1598160630.575634
PIC_Unlock,0,1598160632.275733
PIC_Unlock,0,1598160632.475987
PIC_Unlock,0,1598160632.5743089
PIC_Unlock,0,1598160632.7713618
PIC_Unlock,0,1598160635.867868
PIC_Unlock,0,1598160636.367415
PIC_Unlock,0,1598160637.3668132
PIC_Unlock,0,1598160637.767831
PIC_Unlock,0,1598160642.060789
PIC_Unlock,0,1598160644.559217
PIC_Unlock,0,1598160646.361047
PIC_Unlock,0,1598160652.746547
PIC_Unlock,0,1598160653.447026
PIC_Unlock,0,1598160654.847393
PIC_Unlock,0,1598160654.945685
PIC_Unlock,0,1598160656.043659
PIC_Unlock,0,1598160657.9399838
PIC_Unlock,0,1598160658.1407628
PIC_Unlock,0,1598160659.840141
PIC_Unlock,0,1598160659.938545
PIC_Unlock,0,1598160665.832313
PIC_Unlock,0,1598160665.9312391
PIC_Unlock,0,1598160666.430465
PIC_Unlock,0,1598160667.229065
PIC_Unlock,0,1598160669.5277374
PIC_Unlock,0,1598160669.728339
PIC_Unlock,0,1598160670.3294148
PIC_Unlock,0,1598160671.324785
PIC_Unlock,0,1598160671.623749
PIC_Unlock,0,1598160672.623162
PIC_Unlock,0,1598160676.616703
PIC_Unlock,0,1598160678.115633
PIC_Unlock,0,1598160678.41474
PIC_Unlock,0,1598160678.914689
PIC_Unlock,0,1598160679.9137769
PIC_Unlock,0,1598160680.012459
PIC_Unlock,0,1598160681.9125
PIC_Unlock,0,1598160685.307934
PIC_Unlock,0,1598160685.906178
PIC_Unlock,0,1598160688.904126
PIC_Unlock,0,1598160689.501986
PIC_Unlock,0,1598160689.8010108
PIC_Unlock,0,1598160690.8990872
PIC_Unlock,0,1598160691.500692
PIC_Unlock,0,1598160692.098711
PIC_Unlock,0,1598160692.2994292
PIC_Unlock,0,1598160692.79568
PIC_Unlock,0,1598160694.3969429
PIC_Unlock,0,1598160695.9941869
PIC_Unlock,0,1598160696.292969
PIC_Unlock,0,1598160696.395464
PIC_Unlock,0,1598160698.488665
PIC_Unlock,0,1598160698.6892226
PIC_Unlock,0,1598160700.589324
PIC_Unlock,0,1598160701.088983
PIC_Unlock,0,1598160702.784767
PIC_Unlock,0,1598160706.0819874
PIC_Unlock,0,1598160706.279145
PIC_Unlock,0,1598160706.679944
PIC_Unlock,0,1598160708.179007
PIC_Unlock,0,1598160708.477969
PIC_Unlock,0,1598160709.4774554
PIC_Unlock,0,1598160709.977603
PIC_Unlock,0,1598160710.378355
PIC_Unlock,0,1598160710.6735609
PIC_Unlock,0,1598160711.9720662
PIC_Unlock,0,1598160713.372363
PIC_Unlock,0,1598160714.769166
PIC_Unlock,0,1598160715.0685642
PIC_Unlock,0,1598160716.2684119
PIC_Unlock,0,1598160716.9685106
PIC_Unlock,0,1598160719.762227
PIC_Unlock,0,1598160719.8643632
PIC_Unlock,0,1598160719.9629009
PIC_Unlock,0,1598160720.3639624
PIC_Unlock,0,1598160722.260596
PIC_Unlock,0,1598160722.359453
PIC_Unlock,0,1598160724.955785
PIC_Unlock,0,1598160725.160408
PIC_Unlock,0,1598160725.357434
PIC_Unlock,0,1598160725.7590811
PIC_Unlock,0,1598160726.7539892
PIC_Unlock,0,1598160727.453944
PIC_Unlock,0,1598160728.154349
PIC_Unlock,0,1598160729.0512311
PIC_Unlock,0,1598160730.6490922
PIC_Unlock,0,1598160731.247009
PIC_Unlock,0,1598160731.4478939
PIC_Unlock,0,1598160731.549603
PIC_Unlock,0,1598160731.7502544
PIC_Unlock,0,1598160732.2462568
PIC_Unlock,0,1598160734.244875
PIC_Unlock,0,1598160734.347073
PIC_Unlock,0,1598160735.444957
PIC_Unlock,0,1598160735.543374
PIC_Unlock,0,1598160736.24454
PIC_Unlock,0,1598160737.840987
PIC_Unlock,0,1598160738.840163
PIC_Unlock,0,1598160739.3397849
PIC_Unlock,0,1598160742.4362009
PIC_Unlock,0,1598160742.9324546
PIC_Unlock,0,1598160743.1330206
PIC_Unlock,0,1598160743.931564
PIC_Unlock,0,1598160744.7305212
PIC_Unlock,0,1598160745.729951
PIC_Unlock,0,1598160747.4292789
PIC_Unlock,0,1598160748.126588
PIC_Unlock,0,1598160748.327426
PIC_Unlock,0,1598160749.62869
PIC_Unlock,0,1598160750.7263849
PIC_Unlock,0,1598160754.4206882
PIC_Unlock,0,1598160755.1172931
PIC_Unlock,0,1598160756.4156392
PIC_Unlock,0,1598160758.017107
PIC_Unlock,0,1598160758.913814
PIC_Unlock,0,1598160759.212852
PIC_Unlock,0,1598160760.01195
PIC_Unlock,0,1598160760.4127119
PIC_Unlock,0,1598160764.308068
PIC_Unlock,0,1598160765.0084534
PIC_Unlock,0,1598160765.909569
PIC_Unlock,0,1598160767.503031
PIC_Unlock,0,1598160767.703487
PIC_Unlock,0,1598160768.104656
PIC_Unlock,0,1598160768.600702
PIC_Unlock,0,1598160770.300191
PIC_Unlock,0,1598160773.8962932
PIC_Unlock,0,1598160774.895699
PIC_Unlock,0,1598160775.79325
PIC_Unlock,0,1598160776.6899161
PIC_Unlock,0,1598160777.791569
PIC_Unlock,0,1598160778.987608
PIC_Unlock,0,1598160779.286848
PIC_Unlock,0,1598160779.9868858
PIC_Unlock,0,1598160782.1861632
PIC_Unlock,0,1598160782.9811802
PIC_Unlock,0,1598160783.480772
PIC_Unlock,0,1598160785.2788868
PIC_Unlock,0,1598160785.581556
PIC_Unlock,0,1598160785.6799374
PIC_Unlock,0,1598160785.778839
PIC_Unlock,0,1598160786.8799274
PIC_Unlock,0,1598160786.978358
PIC_Unlock,0,1598160788.776456
PIC_Unlock,0,1598160788.9770508
PIC_Unlock,0,1598160791.872797
PIC_Unlock,0,1598160792.372376
PIC_Unlock,0,1598160792.9707232
PIC_Unlock,0,1598160793.371687
PIC_Unlock,0,1598160793.969847
PIC_Unlock,0,1598160794.96914
PIC_Unlock,0,1598160796.464658
PIC_Unlock,0,1598160797.266906
PIC_Unlock,0,1598160797.7666054
PIC_Unlock,0,1598160798.962695
PIC_Unlock,0,1598160799.1633546
PIC_Unlock,0,1598160799.863726
PIC_Unlock,0,1598160801.7600908
PIC_Unlock,0,1598160803.456067
PIC_Unlock,0,1598160803.558393
PIC_Unlock,0,1598160803.8571029
PIC_Unlock,0,1598160804.15656
PIC_Unlock,0,1598160805.958648
PIC_Unlock,0,1598160806.056596
PIC_Unlock,0,1598160806.654377
PIC_Unlock,0,1598160806.8514938
PIC_Unlock,0,1598160809.25122
PIC_Unlock,0,1598160809.5503402
PIC_Unlock,0,1598160811.848018
PIC_Unlock,0,1598160812.945749
PIC_Unlock,0,1598160813.044416
PIC_Unlock,0,1598160814.642415
PIC_Unlock,0,1598160815.1450298
PIC_Unlock,0,1598160815.6411119
PIC_Unlock,0,1598160819.23715
PIC_Unlock,0,1598160819.7370071
PIC_Unlock,0,1598160820.637558
PIC_Unlock,0,1598160820.936558
PIC_Unlock,0,1598160822.1366882
PIC_Unlock,0,1598160822.431914
PIC_Unlock,0,1598160822.931693
PIC_Unlock,0,1598160824.4303539
PIC_Unlock,0,1598160824.631032
PIC_Unlock,0,1598160825.028877
PIC_Unlock,0,1598160829.8250449
PIC_Unlock,0,1598160830.124398
PIC_Unlock,0,1598160830.922304
PIC_Unlock,0,1598160831.221592
PIC_Unlock,0,1598160832.9209678
PIC_Unlock,0,1598160833.31875
PIC_Unlock,0,1598160834.018951
PIC_Unlock,0,1598160834.5184052
PIC_Unlock,0,1598160837.0168018
PIC_Unlock,0,1598160837.5164359
PIC_Unlock,0,1598160837.9144099
PIC_Unlock,0,1598160838.2131534
PIC_Unlock,0,1598160839.712189
PIC_Unlock,0,1598160841.5098839
PIC_Unlock,0,1598160841.60899
PIC_Unlock,0,1598160841.7106318
PIC_Unlock,0,1598160842.90725
PIC_Unlock,0,1598160843.508873
PIC_Unlock,0,1598160843.807822
PIC_Unlock,0,1598160844.1066408
PIC_Unlock,0,1598160844.3074956
PIC_Unlock,0,1598160844.705026
PIC_Unlock,0,1598160845.003948
PIC_Unlock,0,1598160851.7984529
PIC_Unlock,0,1598160853.4946592
PIC_Unlock,0,1598160853.596735
PIC_Unlock,0,1598160853.99445
PIC_Unlock,0,1598160857.590044
PIC_Unlock,0,1598160857.7909448
PIC_Unlock,0,1598160858.589441
PIC_Unlock,0,1598160858.888342
PIC_Unlock,0,1598160859.089077
PIC_Unlock,0,1598160859.18736
PIC_Unlock,0,1598160859.9861221
PIC_Unlock,0,1598160860.084758
PIC_Unlock,0,1598160860.68644
PIC_Unlock,0,1598160861.583959
PIC_Unlock,0,1598160862.881839
PIC_Unlock,0,1598160863.484266
PIC_Unlock,0,1598160863.881541
PIC_Unlock,0,1598160864.380943
PIC_Unlock,0,1598160865.8799329
PIC_Unlock,0,1598160866.2776349
PIC_Unlock,0,1598160866.678617
PIC_Unlock,0,1598160866.977851
PIC_Unlock,0,1598160869.57484
PIC_Unlock,0,1598160869.975777
PIC_Unlock,0,1598160870.672647
PIC_Unlock,0,1598160870.971421
PIC_Unlock,0,1598160873.9691858
PIC_Unlock,0,1598160874.4688811
PIC_Unlock,0,1598160874.9686024
PIC_Unlock,0,1598160877.9667811
PIC_Unlock,0,1598160878.065069
PIC_Unlock,0,1598160880.4610689
PIC_Unlock,0,1598160881.059084
PIC_Unlock,0,1598160881.2598028
PIC_Unlock,0,1598160884.257868
PIC_Unlock,0,1598160885.855368
PIC_Unlock,0,1598160886.2569098
PIC_Unlock,0,1598160886.653874
PIC_Unlock,0,1598160888.251275
PIC_Unlock,0,1598160890.946713
PIC_Unlock,0,1598160892.048115
PIC_Unlock,0,1598160892.245269
PIC_Unlock,0,1598160893.145741
PIC_Unlock,0,1598160894.546409
PIC_Unlock,0,1598160898.43769
PIC_Unlock,0,1598160898.838969
PIC_Unlock,0,1598160899.7359211
PIC_Unlock,0,1598160900.137247
PIC_Unlock,0,1598160900.834202
PIC_Unlock,0,1598160901.8370502
PIC_Unlock,0,1598160902.832355
PIC_Unlock,0,1598160904.8310509
PIC_Unlock,0,1598160905.7281768
PIC_Unlock,0,1598160906.129552
PIC_Unlock,0,1598160906.227941
PIC_Unlock,0,1598160906.3263848
PIC_Unlock,0,1598160906.4285364
PIC_Unlock,0,1598160907.7270482
PIC_Unlock,0,1598160908.4270444
PIC_Unlock,0,1598160909.026144
PIC_Unlock,0,1598160909.1248019
PIC_Unlock,0,1598160909.2258232
PIC_Unlock,0,1598160911.324127
PIC_Unlock,0,1598160912.81865
PIC_Unlock,0,1598160913.5184321
PIC_Unlock,0,1598160915.615797
PIC_Unlock,0,1598160917.0161881
PIC_Unlock,0,1598160917.213042
PIC_Unlock,0,1598160918.0155132
PIC_Unlock,0,1598160919.6135108
PIC_Unlock,0,1598160919.7114182
PIC_Unlock,0,1598160921.210409
PIC_Unlock,0,1598160923.807133
PIC_Unlock,0,1598160924.507828
PIC_Unlock,0,1598160925.2041051
PIC_Unlock,0,1598160925.605192
PIC_Unlock,0,1598160926.0027552
PIC_Unlock,0,1598160927.104222
PIC_Unlock,0,1598160928.2017438
PIC_Unlock,0,1598160929.1974888
PIC_Unlock,0,1598160930.3972216
PIC_Unlock,0,1598160931.0975802
PIC_Unlock,0,1598160933.096441
PIC_Unlock,0,1598160933.694975
PIC_Unlock,0,1598160936.79082
PIC_Unlock,0,1598160937.0900712
PIC_Unlock,0,1598160938.486876
PIC_Unlock,0,1598160939.18682
PIC_Unlock,0,1598160939.985656
PIC_Unlock,0,1598160940.784756
PIC_Unlock,0,1598160941.6852
PIC_Unlock,0,1598160945.179122
PIC_Unlock,0,1598160945.678689
PIC_Unlock,0,1598160947.276142
PIC_Unlock,0,1598160948.174032
PIC_Unlock,0,1598160949.274802
PIC_Unlock,0,1598160949.3773284
PIC_Unlock,0,1598160950.373357
PIC_Unlock,0,1598160953.567682
PIC_Unlock,0,1598160955.766685
PIC_Unlock,0,1598160957.462667
PIC_Unlock,0,1598160957.9660099
PIC_Unlock,0,1598160959.960796
PIC_Unlock,0,1598160962.2586071
PIC_Unlock,0,1598160964.8556302
PIC_Unlock,0,1598160965.0562649
PIC_Unlock,0,1598160965.9573274
PIC_Unlock,0,1598160966.751738
PIC_Unlock,0,1598160967.157023
PIC_Unlock,0,1598160967.7510734
PIC_Unlock,0,1598160968.050108
PIC_Unlock,0,1598160968.947338
PIC_Unlock,0,1598160969.049514
PIC_Unlock,0,1598160971.74501
PIC_Unlock,0,1598160972.74381
PIC_Unlock,0,1598160973.3458269
PIC_Unlock,0,1598160977.237582
PIC_Unlock,0,1598160978.0359411
PIC_Unlock,0,1598160978.5356126
PIC_Unlock,0,1598160978.735997
PIC_Unlock,0,1598160979.4363992
PIC_Unlock,0,1598160979.735323
PIC_Unlock,0,1598160980.533976
PIC_Unlock,0,1598160981.632243
PIC_Unlock,0,1598160983.4338226
PIC_Unlock,0,1598160984.728671
PIC_Unlock,0,1598160988.324267
PIC_Unlock,0,1598160988.525044
PIC_Unlock,0,1598160989.0248818
PIC_Unlock,0,1598160989.524308
PIC_Unlock,0,1598160990.1232939
PIC_Unlock,0,1598160990.425524
PIC_Unlock,0,1598160990.925313
PIC_Unlock,0,1598160991.424826
PIC_Unlock,0,1598160991.719729
PIC_Unlock,0,1598160992.620806
PIC_Unlock,0,1598160992.9197788
PIC_Unlock,0,1598160997.3145552
PIC_Unlock,0,1598160998.609291
PIC_Unlock,0,1598161000.108365
PIC_Unlock,0,1598161002.406643
PIC_Unlock,0,1598161002.705544
PIC_Unlock,0,1598161004.105828
PIC_Unlock,0,1598161005.7032928
PIC_Unlock,0,1598161006.50584
PIC_Unlock,0,1598161006.903481
PIC_Unlock,0,1598161009.298871
PIC_Unlock,0,1598161009.598022
PIC_Unlock,0,1598161011.793577
PIC_Unlock,0,1598161012.395265
PIC_Unlock,0,1598161012.596004
PIC_Unlock,0,1598161012.694307
PIC_Unlock,0,1598161012.79308
PIC_Unlock,0,1598161015.094458
PIC_Unlock,0,1598161016.0897126
PIC_Unlock,0,1598161016.987277
PIC_Unlock,0,1598161018.6865609
PIC_Unlock,0,1598161023.5809221
PIC_Unlock,0,1598161025.379033
PIC_Unlock,0,1598161025.9771242
PIC_Unlock,0,1598161026.2763364
PIC_Unlock,0,1598161028.074136
PIC_Unlock,0,1598161028.475438
PIC_Unlock,0,1598161028.873392
PIC_Unlock,0,1598161030.5737472
PIC_Unlock,0,1598161030.6719198
PIC_Unlock,0,1598161034.266943
PIC_Unlock,0,1598161035.364744
PIC_Unlock,0,1598161036.761729
PIC_Unlock,0,1598161037.064405
PIC_Unlock,0,1598161037.163139
PIC_Unlock,0,1598161038.0600529
PIC_Unlock,0,1598161038.2644658
PIC_Unlock,0,1598161039.858407
PIC_Unlock,0,1598161044.953639
PIC_Unlock,0,1598161045.354754
PIC_Unlock,0,1598161047.1564832
PIC_Unlock,0,1598161047.8488429
PIC_Unlock,0,1598161048.5490394
PIC_Unlock,0,1598161050.245265
PIC_Unlock,0,1598161050.4457462
PIC_Unlock,0,1598161051.645484
PIC_Unlock,0,1598161054.0456152
PIC_Unlock,0,1598161054.1440039
PIC_Unlock,0,1598161054.344598
PIC_Unlock,0,1598161057.3388786
PIC_Unlock,0,1598161059.534441
PIC_Unlock,0,1598161063.629865
PIC_Unlock,0,1598161065.7269151
PIC_Unlock,0,1598161066.1281786
PIC_Unlock,0,1598161066.22661
PIC_Unlock,0,1598161067.324401
PIC_Unlock,0,1598161067.72561
PIC_Unlock,0,1598161068.722047
PIC_Unlock,0,1598161069.523752
PIC_Unlock,0,1598161073.2181509
PIC_Unlock,0,1598161074.1155949
PIC_Unlock,0,1598161074.4145448
PIC_Unlock,0,1598161074.815658
PIC_Unlock,0,1598161076.2125592
PIC_Unlock,0,1598161077.01139
PIC_Unlock,0,1598161078.01436
PIC_Unlock,0,1598161078.3134449
PIC_Unlock,0,1598161079.5094302
PIC_Unlock,0,1598161081.406229
PIC_Unlock,0,1598161082.5075321
PIC_Unlock,0,1598161082.8064618
PIC_Unlock,0,1598161084.3056881
PIC_Unlock,0,1598161084.502607
PIC_Unlock,0,1598161085.305131
PIC_Unlock,0,1598161085.403344
PIC_Unlock,0,1598161085.8050652
PIC_Unlock,0,1598161086.103925
PIC_Unlock,0,1598161086.7056751
PIC_Unlock,0,1598161087.897932
PIC_Unlock,0,1598161088.897419
PIC_Unlock,0,1598161092.194058
PIC_Unlock,0,1598161092.595415
PIC_Unlock,0,1598161092.693707
PIC_Unlock,0,1598161093.49296
PIC_Unlock,0,1598161095.9877882
PIC_Unlock,0,1598161097.4866428
PIC_Unlock,0,1598161098.284933
PIC_Unlock,0,1598161099.685239
PIC_Unlock,0,1598161099.8824372
PIC_Unlock,0,1598161100.382167
PIC_Unlock,0,1598161102.482666
PIC_Unlock,0,1598161103.3797581
PIC_Unlock,0,1598161104.2770278
PIC_Unlock,0,1598161104.6780832
PIC_Unlock,0,1598161104.977066
PIC_Unlock,0,1598161106.476167
PIC_Unlock,0,1598161106.5750868
PIC_Unlock,0,1598161107.874073
PIC_Unlock,0,1598161108.671844
PIC_Unlock,0,1598161109.773385
PIC_Unlock,0,1598161110.171275
PIC_Unlock,0,1598161110.3753989
PIC_Unlock,0,1598161110.6745448
PIC_Unlock,0,1598161110.9694972
PIC_Unlock,0,1598161111.6697881
PIC_Unlock,0,1598161116.761137
PIC_Unlock,0,1598161117.461473
PIC_Unlock,0,1598161117.8629801
PIC_Unlock,0,1598161119.4598448
PIC_Unlock,0,1598161119.959525
PIC_Unlock,0,1598161120.7581859
PIC_Unlock,0,1598161121.5569658
PIC_Unlock,0,1598161122.257281
PIC_Unlock,0,1598161123.555578
PIC_Unlock,0,1598161124.3544679
PIC_Unlock,0,1598161124.653843
PIC_Unlock,0,1598161124.854141
PIC_Unlock,0,1598161125.153106
PIC_Unlock,0,1598161126.853198
PIC_Unlock,0,1598161126.951835
PIC_Unlock,0,1598161128.0487368
PIC_Unlock,0,1598161128.347906
PIC_Unlock,0,1598161128.7490518
PIC_Unlock,0,1598161128.9462821
PIC_Unlock,0,1598161129.547888
PIC_Unlock,0,1598161130.2445529
PIC_Unlock,0,1598161132.443555
PIC_Unlock,0,1598161132.742527
PIC_Unlock,0,1598161133.140349
PIC_Unlock,0,1598161133.341187
PIC_Unlock,0,1598161135.240875
PIC_Unlock,0,1598161135.3394716
PIC_Unlock,0,1598161136.0369039
PIC_Unlock,0,1598161137.735533
PIC_Unlock,0,1598161140.430934
PIC_Unlock,0,1598161141.532223
PIC_Unlock,0,1598161141.8351882
PIC_Unlock,0,1598161143.031286
PIC_Unlock,0,1598161143.13357
PIC_Unlock,0,1598161146.8240874
PIC_Unlock,0,1598161148.122675
PIC_Unlock,0,1598161148.323296
PIC_Unlock,0,1598161148.421708
PIC_Unlock,0,1598161149.921165
PIC_Unlock,0,1598161150.522684
PIC_Unlock,0,1598161151.919376
PIC_Unlock,0,1598161152.4189868
PIC_Unlock,0,1598161152.9185688
PIC_Unlock,0,1598161153.717155
PIC_Unlock,0,1598161153.81555
PIC_Unlock,0,1598161154.515876
PIC_Unlock,0,1598161156.715328
PIC_Unlock,0,1598161157.211284
PIC_Unlock,0,1598161157.4119294
PIC_Unlock,0,1598161161.1063669
PIC_Unlock,0,1598161161.20473
PIC_Unlock,0,1598161161.306769
PIC_Unlock,0,1598161162.704284
PIC_Unlock,0,1598161163.5032902
PIC_Unlock,0,1598161163.801748
PIC_Unlock,0,1598161165.2021391
PIC_Unlock,0,1598161168.798006
PIC_Unlock,0,1598161168.8962922
PIC_Unlock,0,1598161170.395421
PIC_Unlock,0,1598161171.0957296
PIC_Unlock,0,1598161171.4931672
PIC_Unlock,0,1598161172.693089
PIC_Unlock,0,1598161173.790797
PIC_Unlock,0,1598161174.392821
PIC_Unlock,0,1598161175.5929954
PIC_Unlock,0,1598161177.1866212
PIC_Unlock,0,1598161178.6853712
PIC_Unlock,0,1598161178.783631
PIC_Unlock,0,1598161179.1851811
PIC_Unlock,0,1598161179.4839349
PIC_Unlock,0,1598161179.58262
PIC_Unlock,0,1598161180.282642
PIC_Unlock,0,1598161182.5809882
PIC_Unlock,0,1598161183.579804
PIC_Unlock,0,1598161186.1764538
PIC_Unlock,0,1598161187.372798
PIC_Unlock,0,1598161187.773889
PIC_Unlock,0,1598161187.872362
PIC_Unlock,0,1598161191.268054
PIC_Unlock,0,1598161193.864696
PIC_Unlock,0,1598161197.063273
PIC_Unlock,0,1598161197.362164
PIC_Unlock,0,1598161197.6611528
PIC_Unlock,0,1598161198.861313
PIC_Unlock,0,1598161200.356549
PIC_Unlock,0,1598161200.757482
PIC_Unlock,0,1598161201.556271
PIC_Unlock,0,1598161203.1536908
PIC_Unlock,0,1598161204.652838
PIC_Unlock,0,1598161204.7518868
PIC_Unlock,0,1598161205.15255
PIC_Unlock,0,1598161205.4516964
PIC_Unlock,0,1598161207.3478348
PIC_Unlock,0,1598161207.847491
PIC_Unlock,0,1598161209.8462589
PIC_Unlock,0,1598161211.144522
PIC_Unlock,0,1598161211.2432609
PIC_Unlock,0,1598161212.5414732
PIC_Unlock,0,1598161214.741067
PIC_Unlock,0,1598161214.84304
PIC_Unlock,0,1598161215.04015
PIC_Unlock,0,1598161215.1421828
PIC_Unlock,0,1598161217.5349991
PIC_Unlock,0,1598161217.734875
PIC_Unlock,0,1598161218.333245
PIC_Unlock,0,1598161220.233124
PIC_Unlock,0,1598161224.427298
PIC_Unlock,0,1598161225.2259948
PIC_Unlock,0,1598161225.426718
PIC_Unlock,0,1598161225.725694
PIC_Unlock,0,1598161228.5231822
PIC_Unlock,0,1598161232.016842
PIC_Unlock,0,1598161232.717269
PIC_Unlock,0,1598161233.315276
PIC_Unlock,0,1598161233.913573
PIC_Unlock,0,1598161234.9130561
PIC_Unlock,0,1598161235.8099148
PIC_Unlock,0,1598161236.8130279
PIC_Unlock,0,1598161237.61174
PIC_Unlock,0,1598161237.8087294
PIC_Unlock,0,1598161239.6064794
PIC_Unlock,0,1598161240.806525
PIC_Unlock,0,1598161242.506285
PIC_Unlock,0,1598161244.701684
PIC_Unlock,0,1598161245.20158
PIC_Unlock,0,1598161245.500849
PIC_Unlock,0,1598161246.2010398
PIC_Unlock,0,1598161249.596152
PIC_Unlock,0,1598161249.7967901
PIC_Unlock,0,1598161251.091414
PIC_Unlock,0,1598161253.192226
PIC_Unlock,0,1598161253.990895
PIC_Unlock,0,1598161254.093132
PIC_Unlock,0,1598161254.9903538
PIC_Unlock,0,1598161256.084808
PIC_Unlock,0,1598161257.6855009
PIC_Unlock,0,1598161258.6848829
PIC_Unlock,0,1598161259.0823636
PIC_Unlock,0,1598161261.0808392
PIC_Unlock,0,1598161263.976649
PIC_Unlock,0,1598161264.177122
PIC_Unlock,0,1598161265.873201
PIC_Unlock,0,1598161268.371468
PIC_Unlock,0,1598161271.566433
PIC_Unlock,0,1598161272.864395
PIC_Unlock,0,1598161273.5647511
PIC_Unlock,0,1598161274.462089
PIC_Unlock,0,1598161275.162375
PIC_Unlock,0,1598161276.960325
PIC_Unlock,0,1598161277.758883
PIC_Unlock,0,1598161278.160768
PIC_Unlock,0,1598161278.2588868
PIC_Unlock,0,1598161279.1596632
PIC_Unlock,0,1598161280.457984
PIC_Unlock,0,1598161280.85554
PIC_Unlock,0,1598161283.3537438
PIC_Unlock,0,1598161286.352053
PIC_Unlock,0,1598161286.5488472
PIC_Unlock,0,1598161288.3465018
PIC_Unlock,0,1598161289.2438989
PIC_Unlock,0,1598161292.938325
PIC_Unlock,0,1598161293.638397
PIC_Unlock,0,1598161294.2403948
PIC_Unlock,0,1598161295.4364932
PIC_Unlock,0,1598161296.136791
PIC_Unlock,0,1598161297.234829
PIC_Unlock,0,1598161299.7330296
PIC_Unlock,0,1598161300.1308491
PIC_Unlock,0,1598161300.929217
PIC_Unlock,0,1598161301.429151
PIC_Unlock,0,1598161301.727953
PIC_Unlock,0,1598161303.9269671
PIC_Unlock,0,1598161304.525032
PIC_Unlock,0,1598161305.2252991
PIC_Unlock,0,1598161307.023337
PIC_Unlock,0,1598161307.12576
PIC_Unlock,0,1598161309.21915
PIC_Unlock,0,1598161313.0155454
PIC_Unlock,0,1598161314.113278
PIC_Unlock,0,1598161315.612324
PIC_Unlock,0,1598161316.3090029
PIC_Unlock,0,1598161318.008775
PIC_Unlock,0,1598161318.110733
PIC_Unlock,0,1598161318.610485
PIC_Unlock,0,1598161318.8073652
PIC_Unlock,0,1598161318.909982
PIC_Unlock,0,1598161321.104828
PIC_Unlock,0,1598161321.604544
PIC_Unlock,0,1598161325.700751
PIC_Unlock,0,1598161325.9010289
PIC_Unlock,0,1598161326.29872
PIC_Unlock,0,1598161327.5967028
PIC_Unlock,0,1598161327.7973306
PIC_Unlock,0,1598161329.796066
PIC_Unlock,0,1598161331.4918609
PIC_Unlock,0,1598161332.192099
PIC_Unlock,0,1598161333.588942
PIC_Unlock,0,1598161334.391552
PIC_Unlock,0,1598161335.088607
PIC_Unlock,0,1598161337.582484
PIC_Unlock,0,1598161338.2829401
PIC_Unlock,0,1598161340.978224
PIC_Unlock,0,1598161341.47787
PIC_Unlock,0,1598161342.178008
PIC_Unlock,0,1598161342.4767966
PIC_Unlock,0,1598161345.1758964
PIC_Unlock,0,1598161345.773952
PIC_Unlock,0,1598161345.87244
PIC_Unlock,0,1598161345.974548
PIC_Unlock,0,1598161346.0729618
PIC_Unlock,0,1598161347.272856
PIC_Unlock,0,1598161348.0716472
PIC_Unlock,0,1598161348.8704052
PIC_Unlock,0,1598161349.968321
PIC_Unlock,0,1598161350.2677052
PIC_Unlock,0,1598161350.369386
PIC_Unlock,0,1598161352.065131
PIC_Unlock,0,1598161353.265341
PIC_Unlock,0,1598161353.564112
PIC_Unlock,0,1598161353.662452
PIC_Unlock,0,1598161354.5635011
PIC_Unlock,0,1598161357.4594374
PIC_Unlock,0,1598161357.5579631
PIC_Unlock,0,1598161360.055905
PIC_Unlock,0,1598161360.2606962
PIC_Unlock,0,1598161360.453758
PIC_Unlock,0,1598161360.7561429
PIC_Unlock,0,1598161361.255945
PIC_Unlock,0,1598161361.452941
PIC_Unlock,0,1598161362.9517539
PIC_Unlock,0,1598161363.0508852
PIC_Unlock,0,1598161364.050748
PIC_Unlock,0,1598161364.4511259
PIC_Unlock,0,1598161364.5499609
PIC_Unlock,0,1598161365.348362
PIC_Unlock,0,1598161365.7500968
PIC_Unlock,0,1598161366.248984
PIC_Unlock,0,1598161366.351202
PIC_Unlock,0,1598161366.449614
PIC_Unlock,0,1598161368.644924
PIC_Unlock,0,1598161369.841335
PIC_Unlock,0,1598161371.540707
PIC_Unlock,0,1598161373.138389
PIC_Unlock,0,1598161373.6379552
PIC_Unlock,0,1598161375.640481
PIC_Unlock,0,1598161378.033675
PIC_Unlock,0,1598161378.433995
PIC_Unlock,0,1598161379.830594
PIC_Unlock,0,1598161380.129927
PIC_Unlock,0,1598161380.530913
PIC_Unlock,0,1598161383.926347
PIC_Unlock,0,1598161384.823997
PIC_Unlock,0,1598161386.0234132
PIC_Unlock,0,1598161386.822183
PIC_Unlock,0,1598161388.022092
PIC_Unlock,0,1598161388.1204731
PIC_Unlock,0,1598161389.51756
PIC_Unlock,0,1598161390.2177858
PIC_Unlock,0,1598161391.3196099
PIC_Unlock,0,1598161392.413255
PIC_Unlock,0,1598161392.515564
PIC_Unlock,0,1598161393.813654
PIC_Unlock,0,1598161393.9120119
PIC_Unlock,0,1598161394.612344
PIC_Unlock,0,1598161395.2108958
PIC_Unlock,0,1598161396.111371
PIC_Unlock,0,1598161398.9089012
PIC_Unlock,0,1598161399.007125
PIC_Unlock,0,1598161401.7025511
PIC_Unlock,0,1598161401.90292
PIC_Unlock,0,1598161402.8005779
PIC_Unlock,0,1598161403.10288
PIC_Unlock,0,1598161403.3009949
PIC_Unlock,0,1598161403.4021301
PIC_Unlock,0,1598161403.800776
PIC_Unlock,0,1598161405.200119
PIC_Unlock,0,1598161406.9980092
PIC_Unlock,0,1598161407.7975054
PIC_Unlock,0,1598161409.0950189
PIC_Unlock,0,1598161411.888642
PIC_Unlock,0,1598161412.9901571
PIC_Unlock,0,1598161415.386683
PIC_Unlock,0,1598161415.485016
PIC_Unlock,0,1598161416.3858306
PIC_Unlock,0,1598161416.5827909
PIC_Unlock,0,1598161418.483108
PIC_Unlock,0,1598161419.17941
PIC_Unlock,0,1598161419.9821386
PIC_Unlock,0,1598161423.676277
PIC_Unlock,0,1598161424.6755302
PIC_Unlock,0,1598161427.071661
PIC_Unlock,0,1598161427.5713556
PIC_Unlock,0,1598161428.1694114
PIC_Unlock,0,1598161429.2674408
PIC_Unlock,0,1598161430.4675672
PIC_Unlock,0,1598161430.8657
PIC_Unlock,0,1598161431.2658591
PIC_Unlock,0,1598161432.6625519
PIC_Unlock,0,1598161433.662294
PIC_Unlock,0,1598161435.062521
PIC_Unlock,0,1598161438.457928
PIC_Unlock,0,1598161440.2523448
PIC_Unlock,0,1598161440.354306
PIC_Unlock,0,1598161441.0545762
PIC_Unlock,0,1598161442.750832
PIC_Unlock,0,1598161442.951103
PIC_Unlock,0,1598161443.1518874
PIC_Unlock,0,1598161443.450817
PIC_Unlock,0,1598161443.9507134
PIC_Unlock,0,1598161444.249496
PIC_Unlock,0,1598161446.7483652
PIC_Unlock,0,1598161447.349958
PIC_Unlock,0,1598161448.1445801
PIC_Unlock,0,1598161449.541728
PIC_Unlock,0,1598161450.041043
PIC_Unlock,0,1598161450.540786
PIC_Unlock,0,1598161450.643167
PIC_Unlock,0,1598161451.6386838
PIC_Unlock,0,1598161451.941355
PIC_Unlock,0,1598161454.235741
PIC_Unlock,0,1598161455.435462
PIC_Unlock,0,1598161455.8369114
PIC_Unlock,0,1598161457.2332008
PIC_Unlock,0,1598161458.630337
PIC_Unlock,0,1598161459.0314631
PIC_Unlock,0,1598161460.329657
PIC_Unlock,0,1598161461.227057
PIC_Unlock,0,1598161461.628403
PIC_Unlock,0,1598161461.7268882
PIC_Unlock,0,1598161462.427171
PIC_Unlock,0,1598161465.22409
PIC_Unlock,0,1598161465.5231206
PIC_Unlock,0,1598161466.42051
PIC_Unlock,0,1598161468.1198618
PIC_Unlock,0,1598161470.6154912
PIC_Unlock,0,1598161471.2168806
PIC_Unlock,0,1598161471.818381
PIC_Unlock,0,1598161472.015143
PIC_Unlock,0,1598161474.910795
PIC_Unlock,0,1598161475.8080919
PIC_Unlock,0,1598161477.9088619
PIC_Unlock,0,1598161478.408558
PIC_Unlock,0,1598161480.104248
PIC_Unlock,0,1598161480.902967
PIC_Unlock,0,1598161481.005194
PIC_Unlock,0,1598161484.298668
PIC_Unlock,0,1598161484.699661
PIC_Unlock,0,1598161484.798357
PIC_Unlock,0,1598161485.899758
PIC_Unlock,0,1598161486.297209
PIC_Unlock,0,1598161486.6985226
PIC_Unlock,0,1598161487.296559
PIC_Unlock,0,1598161487.8947961
PIC_Unlock,0,1598161489.393502
PIC_Unlock,0,1598161489.69259
PIC_Unlock,0,1598161490.1922839
PIC_Unlock,0,1598161491.4907124
PIC_Unlock,0,1598161493.489331
PIC_Unlock,0,1598161494.988449
PIC_Unlock,0,1598161495.385695
PIC_Unlock,0,1598161496.0860212
PIC_Unlock,0,1598161496.6840222
PIC_Unlock,0,1598161497.48301
PIC_Unlock,0,1598161499.0814168
PIC_Unlock,0,1598161499.1788092
PIC_Unlock,0,1598161500.976916
PIC_Unlock,0,1598161501.578603
PIC_Unlock,0,1598161501.775578
PIC_Unlock,0,1598161503.5737052
PIC_Unlock,0,1598161503.978618
PIC_Unlock,0,1598161504.372215
PIC_Unlock,0,1598161504.7733374
PIC_Unlock,0,1598161504.872184
PIC_Unlock,0,1598161505.371335
PIC_Unlock,0,1598161505.8709671
PIC_Unlock,0,1598161506.771987
PIC_Unlock,0,1598161507.2716491
PIC_Unlock,0,1598161507.8697538
PIC_Unlock,0,1598161508.267515
PIC_Unlock,0,1598161508.8691778
PIC_Unlock,0,1598161509.86569
PIC_Unlock,0,1598161510.065196
PIC_Unlock,0,1598161510.1674778
PIC_Unlock,0,1598161510.5653381
PIC_Unlock,0,1598161511.465961
PIC_Unlock,0,1598161512.4615211
PIC_Unlock,0,1598161512.563672
PIC_Unlock,0,1598161513.362284
PIC_Unlock,0,1598161513.46101
PIC_Unlock,0,1598161516.4586391
PIC_Unlock,0,1598161517.057119
PIC_Unlock,0,1598161519.055334
PIC_Unlock,0,1598161519.2561214
PIC_Unlock,0,1598161519.559124
PIC_Unlock,0,1598161520.4527528
PIC_Unlock,0,1598161523.151338
PIC_Unlock,0,1598161523.651052
PIC_Unlock,0,1598161524.248781
PIC_Unlock,0,1598161525.4490054
PIC_Unlock,0,1598161526.248039
PIC_Unlock,0,1598161526.5470061
PIC_Unlock,0,1598161527.349441
PIC_Unlock,0,1598161527.746897
PIC_Unlock,0,1598161528.6436448
PIC_Unlock,0,1598161528.74205
PIC_Unlock,0,1598161530.8392901
PIC_Unlock,0,1598161530.941451
PIC_Unlock,0,1598161531.937002
PIC_Unlock,0,1598161532.637443
PIC_Unlock,0,1598161533.436343
PIC_Unlock,0,1598161533.538133
PIC_Unlock,0,1598161534.2347949
PIC_Unlock,0,1598161534.3368056
PIC_Unlock,0,1598161534.435178
PIC_Unlock,0,1598161537.8311698
PIC_Unlock,0,1598161539.231232
PIC_Unlock,0,1598161539.4283571
PIC_Unlock,0,1598161539.52658
PIC_Unlock,0,1598161539.628633
PIC_Unlock,0,1598161540.227056
PIC_Unlock,0,1598161540.9269838
PIC_Unlock,0,1598161542.92574
PIC_Unlock,0,1598161545.121073
PIC_Unlock,0,1598161547.218542
PIC_Unlock,0,1598161547.5179489
PIC_Unlock,0,1598161549.515897
PIC_Unlock,0,1598161552.1169126
PIC_Unlock,0,1598161552.6125169
PIC_Unlock,0,1598161552.911468
PIC_Unlock,0,1598161555.00878
PIC_Unlock,0,1598161555.2091134
PIC_Unlock,0,1598161555.308023
PIC_Unlock,0,1598161555.909549
PIC_Unlock,0,1598161556.3071306
PIC_Unlock,0,1598161556.708129
PIC_Unlock,0,1598161557.207983
PIC_Unlock,0,1598161557.605511
PIC_Unlock,0,1598161558.0065126
PIC_Unlock,0,1598161558.2071788
PIC_Unlock,0,1598161559.5055842
PIC_Unlock,0,1598161559.603909
PIC_Unlock,0,1598161560.1039274
PIC_Unlock,0,1598161561.701201
PIC_Unlock,0,1598161563.2984169
PIC_Unlock,0,1598161563.798068
PIC_Unlock,0,1598161564.8997838
PIC_Unlock,0,1598161566.194512
PIC_Unlock,0,1598161566.4971552
PIC_Unlock,0,1598161569.090184
PIC_Unlock,0,1598161569.4912598
PIC_Unlock,0,1598161572.985107
PIC_Unlock,0,1598161573.685748
PIC_Unlock,0,1598161573.984742
PIC_Unlock,0,1598161575.286647
PIC_Unlock,0,1598161576.286176
PIC_Unlock,0,1598161577.981751
PIC_Unlock,0,1598161579.181874
PIC_Unlock,0,1598161580.7791789
PIC_Unlock,0,1598161582.3729868
PIC_Unlock,0,1598161582.4749398
PIC_Unlock,0,1598161583.175335
PIC_Unlock,0,1598161583.4744241
PIC_Unlock,0,1598161585.1705391
PIC_Unlock,0,1598161585.571309
PIC_Unlock,0,1598161588.967246
PIC_Unlock,0,1598161590.6664572
PIC_Unlock,0,1598161590.8646011
PIC_Unlock,0,1598161591.363782
PIC_Unlock,0,1598161592.06404
PIC_Unlock,0,1598161594.958956
PIC_Unlock,0,1598161597.756407
PIC_Unlock,0,1598161599.7550712
PIC_Unlock,0,1598161600.1529038
PIC_Unlock,0,1598161600.251146
PIC_Unlock,0,1598161601.2504694
PIC_Unlock,0,1598161601.450947
PIC_Unlock,0,1598161602.84804
PIC_Unlock,0,1598161603.748615
PIC_Unlock,0,1598161605.047085
PIC_Unlock,0,1598161605.3469439
PIC_Unlock,0,1598161606.0464141
PIC_Unlock,0,1598161606.144844
PIC_Unlock,0,1598161606.644924
PIC_Unlock,0,1598161607.344783
PIC_Unlock,0,1598161607.746342
PIC_Unlock,0,1598161608.7413602
PIC_Unlock,0,1598161609.040867
PIC_Unlock,0,1598161610.338719
PIC_Unlock,0,1598161611.338066
PIC_Unlock,0,1598161613.037854
PIC_Unlock,0,1598161614.733728
PIC_Unlock,0,1598161616.035935
PIC_Unlock,0,1598161616.634342
PIC_Unlock,0,1598161617.731539
PIC_Unlock,0,1598161618.129133
PIC_Unlock,0,1598161618.628852
PIC_Unlock,0,1598161619.9270024
PIC_Unlock,0,1598161623.625448
PIC_Unlock,0,1598161623.826166
PIC_Unlock,0,1598161627.918039
PIC_Unlock,0,1598161628.118509
PIC_Unlock,0,1598161628.618269
PIC_Unlock,0,1598161629.016122
PIC_Unlock,0,1598161629.5154262
PIC_Unlock,0,1598161630.613101
PIC_Unlock,0,1598161630.8136792
PIC_Unlock,0,1598161631.5140269
PIC_Unlock,0,1598161631.8134189
PIC_Unlock,0,1598161633.9101171
PIC_Unlock,0,1598161636.105828
PIC_Unlock,0,1598161636.605578
PIC_Unlock,0,1598161637.105372
PIC_Unlock,0,1598161637.9039161
PIC_Unlock,0,1598161640.2053368
PIC_Unlock,0,1598161640.3037028
PIC_Unlock,0,1598161641.6019044
PIC_Unlock,0,1598161641.99933
PIC_Unlock,0,1598161647.192888
PIC_Unlock,0,1598161647.2914329
PIC_Unlock,0,1598161648.790625
PIC_Unlock,0,1598161649.589254
PIC_Unlock,0,1598161649.888392
PIC_Unlock,0,1598161649.990255
PIC_Unlock,0,1598161650.489957
PIC_Unlock,0,1598161655.4827561
PIC_Unlock,0,1598161655.585097
PIC_Unlock,0,1598161656.1831832
PIC_Unlock,0,1598161656.380502
PIC_Unlock,0,1598161657.67926
PIC_Unlock,0,1598161658.878207
PIC_Unlock,0,1598161659.5787706
PIC_Unlock,0,1598161660.27484
PIC_Unlock,0,1598161660.4755242
PIC_Unlock,0,1598161661.274563
PIC_Unlock,0,1598161663.371537
PIC_Unlock,0,1598161663.6742706
PIC_Unlock,0,1598161664.969075
PIC_Unlock,0,1598161666.569969
PIC_Unlock,0,1598161669.166836
PIC_Unlock,0,1598161669.465962
PIC_Unlock,0,1598161670.063863
PIC_Unlock,0,1598161670.665879
PIC_Unlock,0,1598161671.862734
PIC_Unlock,0,1598161673.0621278
PIC_Unlock,0,1598161675.3561769
PIC_Unlock,0,1598161676.256703
PIC_Unlock,0,1598161677.5550342
PIC_Unlock,0,1598161679.6521866
PIC_Unlock,0,1598161681.3484194
PIC_Unlock,0,1598161681.549108
PIC_Unlock,0,1598161682.4494238
PIC_Unlock,0,1598161682.646616
PIC_Unlock,0,1598161683.54723
PIC_Unlock,0,1598161683.846304
PIC_Unlock,0,1598161685.046334
PIC_Unlock,0,1598161686.5455961
PIC_Unlock,0,1598161687.143491
PIC_Unlock,0,1598161687.3443189
PIC_Unlock,0,1598161688.83912
PIC_Unlock,0,1598161689.9371488
PIC_Unlock,0,1598161690.436713
PIC_Unlock,0,1598161693.733533
PIC_Unlock,0,1598161693.9341364
PIC_Unlock,0,1598161694.335568
PIC_Unlock,0,1598161695.4296381
PIC_Unlock,0,1598161695.7324991
PIC_Unlock,0,1598161696.133698
PIC_Unlock,0,1598161696.5350046
PIC_Unlock,0,1598161698.329132
PIC_Unlock,0,1598161699.029568
PIC_Unlock,0,1598161699.328813
PIC_Unlock,0,1598161701.0244732
PIC_Unlock,0,1598161701.52384
PIC_Unlock,0,1598161703.3219302
PIC_Unlock,0,1598161703.4241114
PIC_Unlock,0,1598161703.522549
PIC_Unlock,0,1598161703.624801
PIC_Unlock,0,1598161706.917964
PIC_Unlock,0,1598161707.9171991
PIC_Unlock,0,1598161708.318618
PIC_Unlock,0,1598161709.31404
PIC_Unlock,0,1598161709.6135461
PIC_Unlock,0,1598161710.514004
PIC_Unlock,0,1598161711.312844
PIC_Unlock,0,1598161711.4118118
PIC_Unlock,0,1598161711.513483
PIC_Unlock,0,1598161712.512798
PIC_Unlock,0,1598161715.105834
PIC_Unlock,0,1598161715.806188
PIC_Unlock,0,1598161716.305634
PIC_Unlock,0,1598161716.9040372
PIC_Unlock,0,1598161717.2028632
PIC_Unlock,0,1598161717.40327
PIC_Unlock,0,1598161718.2024179
PIC_Unlock,0,1598161719.3036249
PIC_Unlock,0,1598161719.401972
PIC_Unlock,0,1598161721.798149
PIC_Unlock,0,1598161722.097611
PIC_Unlock,0,1598161722.4985876
PIC_Unlock,0,1598161723.497809
PIC_Unlock,0,1598161724.796196
PIC_Unlock,0,1598161726.893207
PIC_Unlock,0,1598161726.9914932
PIC_Unlock,0,1598161730.088092
PIC_Unlock,0,1598161730.288687
PIC_Unlock,0,1598161730.886761
PIC_Unlock,0,1598161732.984016
PIC_Unlock,0,1598161734.482753
PIC_Unlock,0,1598161735.48208
PIC_Unlock,0,1598161735.5811222
PIC_Unlock,0,1598161735.9818182
PIC_Unlock,0,1598161736.981148
PIC_Unlock,0,1598161737.4811552
PIC_Unlock,0,1598161740.4753811
PIC_Unlock,0,1598161741.0731869
PIC_Unlock,0,1598161741.1753302
PIC_Unlock,0,1598161743.0717359
PIC_Unlock,0,1598161745.86901
PIC_Unlock,0,1598161746.168101
PIC_Unlock,0,1598161746.5656981
PIC_Unlock,0,1598161748.1668658
PIC_Unlock,0,1598161749.563529
PIC_Unlock,0,1598161750.661551
PIC_Unlock,0,1598161751.8654025
PIC_Unlock,0,1598161752.262641
PIC_Unlock,0,1598161752.459287
PIC_Unlock,0,1598161752.7587452
PIC_Unlock,0,1598161753.36042
PIC_Unlock,0,1598161754.159163
PIC_Unlock,0,1598161755.855233
PIC_Unlock,0,1598161758.9516199
PIC_Unlock,0,1598161759.1517706
PIC_Unlock,0,1598161759.750188
PIC_Unlock,0,1598161759.852161
PIC_Unlock,0,1598161760.454176
PIC_Unlock,0,1598161760.54899
PIC_Unlock,0,1598161760.847991
PIC_Unlock,0,1598161761.646544
PIC_Unlock,0,1598161762.0475461
PIC_Unlock,0,1598161762.1498725
PIC_Unlock,0,1598161764.6443741
PIC_Unlock,0,1598161766.5410519
PIC_Unlock,0,1598161766.8440306
PIC_Unlock,0,1598161767.741091
PIC_Unlock,0,1598161767.843231
PIC_Unlock,0,1598161769.4368849
PIC_Unlock,0,1598161770.837158
PIC_Unlock,0,1598161771.7344868
PIC_Unlock,0,1598161772.7335289
PIC_Unlock,0,1598161774.331209
PIC_Unlock,0,1598161775.0312881
PIC_Unlock,0,1598161776.231414
PIC_Unlock,0,1598161776.530431
PIC_Unlock,0,1598161776.8293211
PIC_Unlock,0,1598161776.9285364
PIC_Unlock,0,1598161777.927485
PIC_Unlock,0,1598161778.029265
PIC_Unlock,0,1598161778.4270039
PIC_Unlock,0,1598161779.327682
PIC_Unlock,0,1598161779.626955
PIC_Unlock,0,1598161781.322755
PIC_Unlock,0,1598161782.723034
PIC_Unlock,0,1598161782.9238489
PIC_Unlock,0,1598161783.321262
PIC_Unlock,0,1598161784.2223194
PIC_Unlock,0,1598161784.6195376
PIC_Unlock,0,1598161785.3198972
PIC_Unlock,0,1598161785.618958
PIC_Unlock,0,1598161792.012616
PIC_Unlock,0,1598161793.0082939
PIC_Unlock,0,1598161793.908993
PIC_Unlock,0,1598161794.306603
PIC_Unlock,0,1598161794.506929
PIC_Unlock,0,1598161800.10168
PIC_Unlock,0,1598161802.3958132
PIC_Unlock,0,1598161803.296457
PIC_Unlock,0,1598161803.697845
PIC_Unlock,0,1598161805.9917119
PIC_Unlock,0,1598161806.790284
PIC_Unlock,0,1598161811.385741
PIC_Unlock,0,1598161812.782753
PIC_Unlock,0,1598161815.379437
PIC_Unlock,0,1598161815.678468
PIC_Unlock,0,1598161816.4772534
PIC_Unlock,0,1598161817.976778
PIC_Unlock,0,1598161818.078341
PIC_Unlock,0,1598161820.175615
PIC_Unlock,0,1598161820.773257
PIC_Unlock,0,1598161821.174577
PIC_Unlock,0,1598161823.169425
PIC_Unlock,0,1598161823.271625
PIC_Unlock,0,1598161823.5707679
PIC_Unlock,0,1598161824.672402
PIC_Unlock,0,1598161825.667874
PIC_Unlock,0,1598161829.661557
PIC_Unlock,0,1598161830.263357
PIC_Unlock,0,1598161830.7593231
PIC_Unlock,0,1598161831.860631
PIC_Unlock,0,1598161831.9598188
PIC_Unlock,0,1598161832.561003
PIC_Unlock,0,1598161832.757757
PIC_Unlock,0,1598161833.257377
PIC_Unlock,0,1598161833.6587741
PIC_Unlock,0,1598161834.956988
PIC_Unlock,0,1598161835.456748
PIC_Unlock,0,1598161836.5543551
PIC_Unlock,0,1598161837.1528661
PIC_Unlock,0,1598161839.151264
PIC_Unlock,0,1598161839.4502661
PIC_Unlock,0,1598161840.150508
PIC_Unlock,0,1598161841.047607
PIC_Unlock,0,1598161841.8465786
PIC_Unlock,0,1598161842.046836
PIC_Unlock,0,1598161845.3442528
PIC_Unlock,0,1598161846.740818
PIC_Unlock,0,1598161848.441256
PIC_Unlock,0,1598161849.239056
PIC_Unlock,0,1598161850.6357918
PIC_Unlock,0,1598161850.934891
PIC_Unlock,0,1598161851.3362222
PIC_Unlock,0,1598161853.63025
PIC_Unlock,0,1598161853.732242
PIC_Unlock,0,1598161853.831192
PIC_Unlock,0,1598161854.9287071
PIC_Unlock,0,1598161855.1329482
PIC_Unlock,0,1598161855.731038
PIC_Unlock,0,1598161856.3296928
PIC_Unlock,0,1598161856.6282492
PIC_Unlock,0,1598161857.1276278
PIC_Unlock,0,1598161859.626461
PIC_Unlock,0,1598161860.122135
PIC_Unlock,0,1598161861.92019
PIC_Unlock,0,1598161862.219268
PIC_Unlock,0,1598161862.521775
PIC_Unlock,0,1598161862.92327
PIC_Unlock,0,1598161863.0137641
PIC_Unlock,0,1598161863.128191
