CF_Ems_AAFOpenReq,0,1596169660.111406
CF_Ems_AAFOpenReq,0,1596169660.3902981
CF_Ems_AAFOpenReq,0,1596169660.611705
CF_Ems_AAFOpenReq,0,1596169660.730863
CF_Ems_AAFOpenReq,0,1596169660.8528259
CF_Ems_AAFOpenReq,0,1596169660.9142568
CF_Ems_AAFOpenReq,0,1596169661.1518688
CF_Ems_AAFOpenReq,0,1596169661.2133918
CF_Ems_AAFOpenReq,0,1596169661.2337859
CF_Ems_AAFOpenReq,0,1596169661.512149
CF_Ems_AAFOpenReq,0,1596169662.052948
CF_Ems_AAFOpenReq,0,1596169662.1516721
CF_Ems_AAFOpenReq,0,1596169662.212494
CF_Ems_AAFOpenReq,0,1596169662.233075
CF_Ems_AAFOpenReq,0,1596169662.2704134
CF_Ems_AAFOpenReq,0,1596169662.31091
CF_Ems_AAFOpenReq,0,1596169662.409408
CF_Ems_AAFOpenReq,0,1596169662.7327528
CF_Ems_AAFOpenReq,0,1596169662.75326
CF_Ems_AAFOpenReq,0,1596169662.851624
CF_Ems_AAFOpenReq,0,1596169663.290109
CF_Ems_AAFOpenReq,0,1596169663.453635
CF_Ems_AAFOpenReq,0,1596169663.831239
CF_Ems_AAFOpenReq,0,1596169663.9125054
CF_Ems_AAFOpenReq,0,1596169664.2112641
CF_Ems_AAFOpenReq,0,1596169664.2524102
CF_Ems_AAFOpenReq,0,1596169665.010344
CF_Ems_AAFOpenReq,0,1596169665.452376
CF_Ems_AAFOpenReq,0,1596169665.833236
CF_Ems_AAFOpenReq,0,1596169666.01354
CF_Ems_AAFOpenReq,0,1596169666.1528716
CF_Ems_AAFOpenReq,0,1596169666.410799
CF_Ems_AAFOpenReq,0,1596169666.672844
CF_Ems_AAFOpenReq,0,1596169666.7509089
CF_Ems_AAFOpenReq,0,1596169667.012919
CF_Ems_AAFOpenReq,0,1596169667.193068
CF_Ems_AAFOpenReq,0,1596169667.869548
CF_Ems_AAFOpenReq,0,1596169667.8900852
CF_Ems_AAFOpenReq,0,1596169668.270804
CF_Ems_AAFOpenReq,0,1596169668.389899
CF_Ems_AAFOpenReq,0,1596169668.4714546
CF_Ems_AAFOpenReq,0,1596169668.610553
CF_Ems_AAFOpenReq,0,1596169668.733129
CF_Ems_AAFOpenReq,0,1596169668.8722718
CF_Ems_AAFOpenReq,0,1596169668.930588
CF_Ems_AAFOpenReq,0,1596169669.2123706
CF_Ems_AAFOpenReq,0,1596169669.773433
CF_Ems_AAFOpenReq,0,1596169669.9740472
CF_Ems_AAFOpenReq,0,1596169670.011188
CF_Ems_AAFOpenReq,0,1596169670.293545
CF_Ems_AAFOpenReq,0,1596169670.432926
CF_Ems_AAFOpenReq,0,1596169670.690944
CF_Ems_AAFOpenReq,0,1596169670.8507302
CF_Ems_AAFOpenReq,0,1596169670.932447
CF_Ems_AAFOpenReq,0,1596169671.1332748
CF_Ems_AAFOpenReq,0,1596169671.2110775
CF_Ems_AAFOpenReq,0,1596169671.452693
CF_Ems_AAFOpenReq,0,1596169671.632926
CF_Ems_AAFOpenReq,0,1596169671.7928672
CF_Ems_AAFOpenReq,0,1596169671.952405
CF_Ems_AAFOpenReq,0,1596169671.993267
CF_Ems_AAFOpenReq,0,1596169672.112191
CF_Ems_AAFOpenReq,0,1596169672.370941
CF_Ems_AAFOpenReq,0,1596169673.033692
CF_Ems_AAFOpenReq,0,1596169673.131979
CF_Ems_AAFOpenReq,0,1596169673.2103412
CF_Ems_AAFOpenReq,0,1596169673.869674
CF_Ems_AAFOpenReq,0,1596169673.992265
CF_Ems_AAFOpenReq,0,1596169674.291191
CF_Ems_AAFOpenReq,0,1596169674.5533981
CF_Ems_AAFOpenReq,0,1596169675.090291
CF_Ems_AAFOpenReq,0,1596169675.212639
CF_Ems_AAFOpenReq,0,1596169675.3318322
CF_Ems_AAFOpenReq,0,1596169675.470985
CF_Ems_AAFOpenReq,0,1596169676.269758
CF_Ems_AAFOpenReq,0,1596169676.7900321
CF_Ems_AAFOpenReq,0,1596169676.830883
CF_Ems_AAFOpenReq,0,1596169676.8510768
CF_Ems_AAFOpenReq,0,1596169676.9123619
CF_Ems_AAFOpenReq,0,1596169677.072441
CF_Ems_AAFOpenReq,0,1596169677.252523
CF_Ems_AAFOpenReq,0,1596169678.1123786
CF_Ems_AAFOpenReq,0,1596169678.153367
CF_Ems_AAFOpenReq,0,1596169678.33364
CF_Ems_AAFOpenReq,0,1596169678.649567
CF_Ems_AAFOpenReq,0,1596169679.410816
CF_Ems_AAFOpenReq,0,1596169679.4725869
CF_Ems_AAFOpenReq,0,1596169679.53375
CF_Ems_AAFOpenReq,0,1596169679.611642
CF_Ems_AAFOpenReq,0,1596169679.8495288
CF_Ems_AAFOpenReq,0,1596169679.972373
CF_Ems_AAFOpenReq,0,1596169680.234084
CF_Ems_AAFOpenReq,0,1596169680.5905118
CF_Ems_AAFOpenReq,0,1596169680.651901
CF_Ems_AAFOpenReq,0,1596169680.7337546
CF_Ems_AAFOpenReq,0,1596169680.91034
CF_Ems_AAFOpenReq,0,1596169680.930499
CF_Ems_AAFOpenReq,0,1596169680.9716249
CF_Ems_AAFOpenReq,0,1596169681.110754
CF_Ems_AAFOpenReq,0,1596169681.1516302
CF_Ems_AAFOpenReq,0,1596169681.311459
CF_Ems_AAFOpenReq,0,1596169681.332155
CF_Ems_AAFOpenReq,0,1596169681.709362
CF_Ems_AAFOpenReq,0,1596169681.733275
CF_Ems_AAFOpenReq,0,1596169681.7705991
CF_Ems_AAFOpenReq,0,1596169681.851897
CF_Ems_AAFOpenReq,0,1596169681.8897462
CF_Ems_AAFOpenReq,0,1596169682.110516
CF_Ems_AAFOpenReq,0,1596169682.1716852
CF_Ems_AAFOpenReq,0,1596169682.3107731
CF_Ems_AAFOpenReq,0,1596169682.53195
CF_Ems_AAFOpenReq,0,1596169682.8721752
CF_Ems_AAFOpenReq,0,1596169682.950294
CF_Ems_AAFOpenReq,0,1596169683.130358
CF_Ems_AAFOpenReq,0,1596169683.273226
CF_Ems_AAFOpenReq,0,1596169683.350987
CF_Ems_AAFOpenReq,0,1596169683.3717608
CF_Ems_AAFOpenReq,0,1596169683.432986
CF_Ems_AAFOpenReq,0,1596169683.531445
CF_Ems_AAFOpenReq,0,1596169683.57273
CF_Ems_AAFOpenReq,0,1596169683.8716102
CF_Ems_AAFOpenReq,0,1596169684.0514731
CF_Ems_AAFOpenReq,0,1596169684.0722408
CF_Ems_AAFOpenReq,0,1596169684.2320158
CF_Ems_AAFOpenReq,0,1596169684.330443
CF_Ems_AAFOpenReq,0,1596169684.469619
CF_Ems_AAFOpenReq,0,1596169684.73136
CF_Ems_AAFOpenReq,0,1596169685.1904252
CF_Ems_AAFOpenReq,0,1596169685.370538
CF_Ems_AAFOpenReq,0,1596169685.390846
CF_Ems_AAFOpenReq,0,1596169685.432137
CF_Ems_AAFOpenReq,0,1596169685.550545
CF_Ems_AAFOpenReq,0,1596169685.5915039
CF_Ems_AAFOpenReq,0,1596169685.6324966
CF_Ems_AAFOpenReq,0,1596169685.931477
CF_Ems_AAFOpenReq,0,1596169686.4723618
CF_Ems_AAFOpenReq,0,1596169686.750787
CF_Ems_AAFOpenReq,0,1596169687.213373
CF_Ems_AAFOpenReq,0,1596169687.4104161
CF_Ems_AAFOpenReq,0,1596169687.4311922
CF_Ems_AAFOpenReq,0,1596169687.471838
CF_Ems_AAFOpenReq,0,1596169687.532855
CF_Ems_AAFOpenReq,0,1596169687.689493
CF_Ems_AAFOpenReq,0,1596169687.709717
CF_Ems_AAFOpenReq,0,1596169687.811883
CF_Ems_AAFOpenReq,0,1596169687.90984
CF_Ems_AAFOpenReq,0,1596169688.01213
CF_Ems_AAFOpenReq,0,1596169688.049539
CF_Ems_AAFOpenReq,0,1596169688.1107774
CF_Ems_AAFOpenReq,0,1596169689.191822
CF_Ems_AAFOpenReq,0,1596169689.249461
CF_Ems_AAFOpenReq,0,1596169689.290401
CF_Ems_AAFOpenReq,0,1596169689.330987
CF_Ems_AAFOpenReq,0,1596169689.490861
CF_Ems_AAFOpenReq,0,1596169689.711822
CF_Ems_AAFOpenReq,0,1596169689.7322948
CF_Ems_AAFOpenReq,0,1596169690.0518024
CF_Ems_AAFOpenReq,0,1596169690.109581
CF_Ems_AAFOpenReq,0,1596169690.252508
CF_Ems_AAFOpenReq,0,1596169690.310039
CF_Ems_AAFOpenReq,0,1596169690.793173
CF_Ems_AAFOpenReq,0,1596169690.891572
CF_Ems_AAFOpenReq,0,1596169690.97339
CF_Ems_AAFOpenReq,0,1596169691.571608
CF_Ems_AAFOpenReq,0,1596169692.0341089
CF_Ems_AAFOpenReq,0,1596169692.0915034
CF_Ems_AAFOpenReq,0,1596169692.2512069
CF_Ems_AAFOpenReq,0,1596169692.329511
CF_Ems_AAFOpenReq,0,1596169692.3906794
CF_Ems_AAFOpenReq,0,1596169692.6323452
CF_Ems_AAFOpenReq,0,1596169692.9312801
CF_Ems_AAFOpenReq,0,1596169693.3121061
CF_Ems_AAFOpenReq,0,1596169693.8901582
CF_Ems_AAFOpenReq,0,1596169693.9919622
CF_Ems_AAFOpenReq,0,1596169694.049681
CF_Ems_AAFOpenReq,0,1596169694.114733
CF_Ems_AAFOpenReq,0,1596169694.6104589
CF_Ems_AAFOpenReq,0,1596169694.7296894
CF_Ems_AAFOpenReq,0,1596169694.831672
CF_Ems_AAFOpenReq,0,1596169694.8727226
CF_Ems_AAFOpenReq,0,1596169694.9098802
CF_Ems_AAFOpenReq,0,1596169695.069757
CF_Ems_AAFOpenReq,0,1596169695.130664
CF_Ems_AAFOpenReq,0,1596169695.208897
CF_Ems_AAFOpenReq,0,1596169695.3314614
CF_Ems_AAFOpenReq,0,1596169695.892679
CF_Ems_AAFOpenReq,0,1596169696.449882
CF_Ems_AAFOpenReq,0,1596169696.470759
CF_Ems_AAFOpenReq,0,1596169696.511156
CF_Ems_AAFOpenReq,0,1596169696.531399
CF_Ems_AAFOpenReq,0,1596169696.572476
CF_Ems_AAFOpenReq,0,1596169696.6098912
CF_Ems_AAFOpenReq,0,1596169697.031082
CF_Ems_AAFOpenReq,0,1596169697.309912
CF_Ems_AAFOpenReq,0,1596169697.432595
CF_Ems_AAFOpenReq,0,1596169697.5103052
CF_Ems_AAFOpenReq,0,1596169697.6708732
CF_Ems_AAFOpenReq,0,1596169699.13228
CF_Ems_AAFOpenReq,0,1596169699.2716892
CF_Ems_AAFOpenReq,0,1596169699.291929
CF_Ems_AAFOpenReq,0,1596169699.550147
CF_Ems_AAFOpenReq,0,1596169699.591161
CF_Ems_AAFOpenReq,0,1596169699.890228
CF_Ems_AAFOpenReq,0,1596169699.951374
CF_Ems_AAFOpenReq,0,1596169700.209662
CF_Ems_AAFOpenReq,0,1596169700.332315
CF_Ems_AAFOpenReq,0,1596169700.3695412
CF_Ems_AAFOpenReq,0,1596169700.549494
CF_Ems_AAFOpenReq,0,1596169700.770764
CF_Ems_AAFOpenReq,0,1596169700.869198
CF_Ems_AAFOpenReq,0,1596169701.450562
CF_Ems_AAFOpenReq,0,1596169701.532495
CF_Ems_AAFOpenReq,0,1596169702.6505866
CF_Ems_AAFOpenReq,0,1596169702.691534
CF_Ems_AAFOpenReq,0,1596169702.708395
CF_Ems_AAFOpenReq,0,1596169702.7324939
CF_Ems_AAFOpenReq,0,1596169702.8106759
CF_Ems_AAFOpenReq,0,1596169703.03157
CF_Ems_AAFOpenReq,0,1596169703.15022
CF_Ems_AAFOpenReq,0,1596169703.510983
CF_Ems_AAFOpenReq,0,1596169704.0309794
CF_Ems_AAFOpenReq,0,1596169704.0512726
CF_Ems_AAFOpenReq,0,1596169704.109173
CF_Ems_AAFOpenReq,0,1596169704.411686
CF_Ems_AAFOpenReq,0,1596169704.4489038
CF_Ems_AAFOpenReq,0,1596169705.0098078
CF_Ems_AAFOpenReq,0,1596169705.1084402
CF_Ems_AAFOpenReq,0,1596169706.288802
CF_Ems_AAFOpenReq,0,1596169706.693299
CF_Ems_AAFOpenReq,0,1596169707.090471
CF_Ems_AAFOpenReq,0,1596169707.151836
CF_Ems_AAFOpenReq,0,1596169707.529015
CF_Ems_AAFOpenReq,0,1596169707.5905228
CF_Ems_AAFOpenReq,0,1596169708.0324562
CF_Ems_AAFOpenReq,0,1596169708.069798
CF_Ems_AAFOpenReq,0,1596169708.130836
CF_Ems_AAFOpenReq,0,1596169708.6308851
CF_Ems_AAFOpenReq,0,1596169708.790282
CF_Ems_AAFOpenReq,0,1596169708.851511
CF_Ems_AAFOpenReq,0,1596169709.171341
CF_Ems_AAFOpenReq,0,1596169709.5315619
CF_Ems_AAFOpenReq,0,1596169709.7906716
CF_Ems_AAFOpenReq,0,1596169709.888914
CF_Ems_AAFOpenReq,0,1596169709.9497864
CF_Ems_AAFOpenReq,0,1596169710.231894
CF_Ems_AAFOpenReq,0,1596169710.310018
CF_Ems_AAFOpenReq,0,1596169710.350734
CF_Ems_AAFOpenReq,0,1596169710.752033
CF_Ems_AAFOpenReq,0,1596169710.949203
CF_Ems_AAFOpenReq,0,1596169711.25174
CF_Ems_AAFOpenReq,0,1596169711.4933069
CF_Ems_AAFOpenReq,0,1596169711.550723
CF_Ems_AAFOpenReq,0,1596169711.6700609
CF_Ems_AAFOpenReq,0,1596169711.731016
CF_Ems_AAFOpenReq,0,1596169711.7514722
CF_Ems_AAFOpenReq,0,1596169711.931673
CF_Ems_AAFOpenReq,0,1596169712.0303712
CF_Ems_AAFOpenReq,0,1596169712.108393
CF_Ems_AAFOpenReq,0,1596169712.169544
CF_Ems_AAFOpenReq,0,1596169712.272022
CF_Ems_AAFOpenReq,0,1596169712.329341
CF_Ems_AAFOpenReq,0,1596169712.7304268
CF_Ems_AAFOpenReq,0,1596169712.972322
CF_Ems_AAFOpenReq,0,1596169713.189601
CF_Ems_AAFOpenReq,0,1596169713.311875
CF_Ems_AAFOpenReq,0,1596169714.4100552
CF_Ems_AAFOpenReq,0,1596169714.6511462
CF_Ems_AAFOpenReq,0,1596169714.930275
CF_Ems_AAFOpenReq,0,1596169714.950407
CF_Ems_AAFOpenReq,0,1596169715.1305194
CF_Ems_AAFOpenReq,0,1596169715.589632
CF_Ems_AAFOpenReq,0,1596169715.990597
CF_Ems_AAFOpenReq,0,1596169716.011041
CF_Ems_AAFOpenReq,0,1596169716.249057
CF_Ems_AAFOpenReq,0,1596169716.552031
CF_Ems_AAFOpenReq,0,1596169716.769235
CF_Ems_AAFOpenReq,0,1596169716.83032
CF_Ems_AAFOpenReq,0,1596169716.9120672
CF_Ems_AAFOpenReq,0,1596169717.0721679
CF_Ems_AAFOpenReq,0,1596169718.149632
CF_Ems_AAFOpenReq,0,1596169718.4111722
CF_Ems_AAFOpenReq,0,1596169718.509957
CF_Ems_AAFOpenReq,0,1596169718.64929
CF_Ems_AAFOpenReq,0,1596169718.7921114
CF_Ems_AAFOpenReq,0,1596169719.390181
CF_Ems_AAFOpenReq,0,1596169719.611291
CF_Ems_AAFOpenReq,0,1596169719.9475908
CF_Ems_AAFOpenReq,0,1596169720.029469
CF_Ems_AAFOpenReq,0,1596169720.0909262
CF_Ems_AAFOpenReq,0,1596169720.3694491
CF_Ems_AAFOpenReq,0,1596169720.790848
CF_Ems_AAFOpenReq,0,1596169720.8692698
CF_Ems_AAFOpenReq,0,1596169720.8896158
CF_Ems_AAFOpenReq,0,1596169721.1308851
CF_Ems_AAFOpenReq,0,1596169721.348215
CF_Ems_AAFOpenReq,0,1596169721.430352
CF_Ems_AAFOpenReq,0,1596169721.708834
CF_Ems_AAFOpenReq,0,1596169721.8107
CF_Ems_AAFOpenReq,0,1596169722.031939
CF_Ems_AAFOpenReq,0,1596169722.069149
CF_Ems_AAFOpenReq,0,1596169722.0897136
CF_Ems_AAFOpenReq,0,1596169722.269593
CF_Ems_AAFOpenReq,0,1596169722.851058
CF_Ems_AAFOpenReq,0,1596169722.9088972
CF_Ems_AAFOpenReq,0,1596169723.391941
CF_Ems_AAFOpenReq,0,1596169723.412189
CF_Ems_AAFOpenReq,0,1596169723.8095279
CF_Ems_AAFOpenReq,0,1596169724.1087446
CF_Ems_AAFOpenReq,0,1596169724.7105222
CF_Ems_AAFOpenReq,0,1596169724.8713212
CF_Ems_AAFOpenReq,0,1596169724.969017
CF_Ems_AAFOpenReq,0,1596169725.108333
CF_Ems_AAFOpenReq,0,1596169725.6694221
CF_Ems_AAFOpenReq,0,1596169726.6314726
CF_Ems_AAFOpenReq,0,1596169726.7913148
CF_Ems_AAFOpenReq,0,1596169727.311393
CF_Ems_AAFOpenReq,0,1596169727.389803
CF_Ems_AAFOpenReq,0,1596169727.4714482
CF_Ems_AAFOpenReq,0,1596169727.532555
CF_Ems_AAFOpenReq,0,1596169727.689404
CF_Ems_AAFOpenReq,0,1596169727.749723
CF_Ems_AAFOpenReq,0,1596169728.1888108
CF_Ems_AAFOpenReq,0,1596169728.208859
CF_Ems_AAFOpenReq,0,1596169728.290405
CF_Ems_AAFOpenReq,0,1596169728.5113864
CF_Ems_AAFOpenReq,0,1596169728.6915839
CF_Ems_AAFOpenReq,0,1596169728.9500391
CF_Ems_AAFOpenReq,0,1596169729.0520582
CF_Ems_AAFOpenReq,0,1596169729.470037
CF_Ems_AAFOpenReq,0,1596169729.6716619
CF_Ems_AAFOpenReq,0,1596169729.732042
CF_Ems_AAFOpenReq,0,1596169730.5102348
CF_Ems_AAFOpenReq,0,1596169730.530761
CF_Ems_AAFOpenReq,0,1596169730.60862
CF_Ems_AAFOpenReq,0,1596169730.751829
CF_Ems_AAFOpenReq,0,1596169730.8301039
CF_Ems_AAFOpenReq,0,1596169731.0309172
CF_Ems_AAFOpenReq,0,1596169731.071611
CF_Ems_AAFOpenReq,0,1596169731.2684288
CF_Ems_AAFOpenReq,0,1596169731.3498778
CF_Ems_AAFOpenReq,0,1596169731.591402
CF_Ems_AAFOpenReq,0,1596169732.332798
CF_Ems_AAFOpenReq,0,1596169732.529823
CF_Ems_AAFOpenReq,0,1596169732.5706694
CF_Ems_AAFOpenReq,0,1596169732.869649
CF_Ems_AAFOpenReq,0,1596169733.0497382
CF_Ems_AAFOpenReq,0,1596169733.23029
CF_Ems_AAFOpenReq,0,1596169733.2508051
CF_Ems_AAFOpenReq,0,1596169733.3322446
CF_Ems_AAFOpenReq,0,1596169733.430947
CF_Ems_AAFOpenReq,0,1596169733.451027
CF_Ems_AAFOpenReq,0,1596169733.750008
CF_Ems_AAFOpenReq,0,1596169733.8897002
CF_Ems_AAFOpenReq,0,1596169734.532184
CF_Ems_AAFOpenReq,0,1596169734.950174
CF_Ems_AAFOpenReq,0,1596169735.2326062
CF_Ems_AAFOpenReq,0,1596169735.470531
CF_Ems_AAFOpenReq,0,1596169735.9090052
CF_Ems_AAFOpenReq,0,1596169736.031296
CF_Ems_AAFOpenReq,0,1596169736.2115312
CF_Ems_AAFOpenReq,0,1596169736.232159
CF_Ems_AAFOpenReq,0,1596169736.5310774
CF_Ems_AAFOpenReq,0,1596169736.809727
CF_Ems_AAFOpenReq,0,1596169736.850922
CF_Ems_AAFOpenReq,0,1596169737.051342
CF_Ems_AAFOpenReq,0,1596169737.1295
CF_Ems_AAFOpenReq,0,1596169737.149974
CF_Ems_AAFOpenReq,0,1596169737.432166
CF_Ems_AAFOpenReq,0,1596169738.169577
CF_Ems_AAFOpenReq,0,1596169738.4893398
CF_Ems_AAFOpenReq,0,1596169738.611645
CF_Ems_AAFOpenReq,0,1596169738.849834
CF_Ems_AAFOpenReq,0,1596169739.070851
CF_Ems_AAFOpenReq,0,1596169739.1692839
CF_Ems_AAFOpenReq,0,1596169739.328966
CF_Ems_AAFOpenReq,0,1596169739.4888058
CF_Ems_AAFOpenReq,0,1596169739.529546
CF_Ems_AAFOpenReq,0,1596169739.5500438
CF_Ems_AAFOpenReq,0,1596169739.6893902
CF_Ems_AAFOpenReq,0,1596169740.008826
CF_Ems_AAFOpenReq,0,1596169740.831724
CF_Ems_AAFOpenReq,0,1596169740.9095619
CF_Ems_AAFOpenReq,0,1596169741.1511161
CF_Ems_AAFOpenReq,0,1596169741.310833
CF_Ems_AAFOpenReq,0,1596169741.430037
CF_Ems_AAFOpenReq,0,1596169741.732918
CF_Ems_AAFOpenReq,0,1596169742.3886619
CF_Ems_AAFOpenReq,0,1596169742.409018
CF_Ems_AAFOpenReq,0,1596169742.7116039
CF_Ems_AAFOpenReq,0,1596169742.749048
CF_Ems_AAFOpenReq,0,1596169742.9902134
CF_Ems_AAFOpenReq,0,1596169743.051601
CF_Ems_AAFOpenReq,0,1596169743.150204
CF_Ems_AAFOpenReq,0,1596169743.191128
CF_Ems_AAFOpenReq,0,1596169743.2486668
CF_Ems_AAFOpenReq,0,1596169743.4902651
CF_Ems_AAFOpenReq,0,1596169743.6091142
CF_Ems_AAFOpenReq,0,1596169743.809584
CF_Ems_AAFOpenReq,0,1596169744.10842
CF_Ems_AAFOpenReq,0,1596169744.370764
CF_Ems_AAFOpenReq,0,1596169744.730826
CF_Ems_AAFOpenReq,0,1596169744.8907046
CF_Ems_AAFOpenReq,0,1596169744.9684546
CF_Ems_AAFOpenReq,0,1596169745.2101526
CF_Ems_AAFOpenReq,0,1596169745.648734
CF_Ems_AAFOpenReq,0,1596169745.788832
CF_Ems_AAFOpenReq,0,1596169745.951352
CF_Ems_AAFOpenReq,0,1596169746.267173
CF_Ems_AAFOpenReq,0,1596169746.4306939
CF_Ems_AAFOpenReq,0,1596169746.570158
CF_Ems_AAFOpenReq,0,1596169746.9097972
CF_Ems_AAFOpenReq,0,1596169747.130975
CF_Ems_AAFOpenReq,0,1596169747.610358
CF_Ems_AAFOpenReq,0,1596169748.0283911
CF_Ems_AAFOpenReq,0,1596169748.4092634
CF_Ems_AAFOpenReq,0,1596169748.5318668
CF_Ems_AAFOpenReq,0,1596169748.5894802
CF_Ems_AAFOpenReq,0,1596169748.630207
CF_Ems_AAFOpenReq,0,1596169748.7489762
CF_Ems_AAFOpenReq,0,1596169749.350949
CF_Ems_AAFOpenReq,0,1596169749.453492
CF_Ems_AAFOpenReq,0,1596169750.129524
CF_Ems_AAFOpenReq,0,1596169750.510051
CF_Ems_AAFOpenReq,0,1596169750.53056
CF_Ems_AAFOpenReq,0,1596169750.9319189
CF_Ems_AAFOpenReq,0,1596169751.4893482
CF_Ems_AAFOpenReq,0,1596169751.5300748
CF_Ems_AAFOpenReq,0,1596169751.76789
CF_Ems_AAFOpenReq,0,1596169752.0296252
CF_Ems_AAFOpenReq,0,1596169752.189397
CF_Ems_AAFOpenReq,0,1596169752.2675898
CF_Ems_AAFOpenReq,0,1596169752.431093
CF_Ems_AAFOpenReq,0,1596169753.168779
CF_Ems_AAFOpenReq,0,1596169753.229759
CF_Ems_AAFOpenReq,0,1596169753.270946
CF_Ems_AAFOpenReq,0,1596169753.389562
CF_Ems_AAFOpenReq,0,1596169753.488827
CF_Ems_AAFOpenReq,0,1596169753.590471
CF_Ems_AAFOpenReq,0,1596169753.668391
CF_Ems_AAFOpenReq,0,1596169753.7294168
CF_Ems_AAFOpenReq,0,1596169753.8897939
CF_Ems_AAFOpenReq,0,1596169754.090038
CF_Ems_AAFOpenReq,0,1596169754.2496052
CF_Ems_AAFOpenReq,0,1596169754.532146
CF_Ems_AAFOpenReq,0,1596169754.569141
CF_Ems_AAFOpenReq,0,1596169754.6884954
CF_Ems_AAFOpenReq,0,1596169754.8105578
CF_Ems_AAFOpenReq,0,1596169754.8682911
CF_Ems_AAFOpenReq,0,1596169755.1505976
CF_Ems_AAFOpenReq,0,1596169755.249347
CF_Ems_AAFOpenReq,0,1596169755.4126878
CF_Ems_AAFOpenReq,0,1596169755.4905481
CF_Ems_AAFOpenReq,0,1596169755.629969
CF_Ems_AAFOpenReq,0,1596169756.211377
CF_Ems_AAFOpenReq,0,1596169756.388618
CF_Ems_AAFOpenReq,0,1596169756.871178
CF_Ems_AAFOpenReq,0,1596169756.969397
CF_Ems_AAFOpenReq,0,1596169757.2481556
CF_Ems_AAFOpenReq,0,1596169757.3500302
CF_Ems_AAFOpenReq,0,1596169757.6899352
CF_Ems_AAFOpenReq,0,1596169758.2885408
CF_Ems_AAFOpenReq,0,1596169759.0705788
CF_Ems_AAFOpenReq,0,1596169759.2304056
CF_Ems_AAFOpenReq,0,1596169759.3288732
CF_Ems_AAFOpenReq,0,1596169759.4681392
CF_Ems_AAFOpenReq,0,1596169759.6687472
CF_Ems_AAFOpenReq,0,1596169759.6891448
CF_Ems_AAFOpenReq,0,1596169759.889584
CF_Ems_AAFOpenReq,0,1596169759.9100552
CF_Ems_AAFOpenReq,0,1596169760.610312
CF_Ems_AAFOpenReq,0,1596169760.8483179
CF_Ems_AAFOpenReq,0,1596169761.0491352
CF_Ems_AAFOpenReq,0,1596169761.1304538
CF_Ems_AAFOpenReq,0,1596169761.232836
CF_Ems_AAFOpenReq,0,1596169761.7489939
CF_Ems_AAFOpenReq,0,1596169762.048415
CF_Ems_AAFOpenReq,0,1596169762.1912134
CF_Ems_AAFOpenReq,0,1596169762.3677962
CF_Ems_AAFOpenReq,0,1596169762.6295972
CF_Ems_AAFOpenReq,0,1596169762.650045
CF_Ems_AAFOpenReq,0,1596169762.769408
CF_Ems_AAFOpenReq,0,1596169763.0310152
CF_Ems_AAFOpenReq,0,1596169763.04764
CF_Ems_AAFOpenReq,0,1596169763.1497462
CF_Ems_AAFOpenReq,0,1596169763.469352
CF_Ems_AAFOpenReq,0,1596169763.4897711
CF_Ems_AAFOpenReq,0,1596169763.5102
CF_Ems_AAFOpenReq,0,1596169763.530604
CF_Ems_AAFOpenReq,0,1596169763.568199
CF_Ems_AAFOpenReq,0,1596169763.6701212
CF_Ems_AAFOpenReq,0,1596169763.891084
CF_Ems_AAFOpenReq,0,1596169763.931999
CF_Ems_AAFOpenReq,0,1596169764.4894311
CF_Ems_AAFOpenReq,0,1596169764.550488
CF_Ems_AAFOpenReq,0,1596169764.767982
CF_Ems_AAFOpenReq,0,1596169765.009247
CF_Ems_AAFOpenReq,0,1596169765.18945
CF_Ems_AAFOpenReq,0,1596169765.210068
CF_Ems_AAFOpenReq,0,1596169765.2304242
CF_Ems_AAFOpenReq,0,1596169765.3086221
CF_Ems_AAFOpenReq,0,1596169765.988818
CF_Ems_AAFOpenReq,0,1596169766.229916
CF_Ems_AAFOpenReq,0,1596169766.6311932
CF_Ems_AAFOpenReq,0,1596169767.491217
CF_Ems_AAFOpenReq,0,1596169767.7701359
CF_Ems_AAFOpenReq,0,1596169767.831298
CF_Ems_AAFOpenReq,0,1596169767.929482
CF_Ems_AAFOpenReq,0,1596169768.249067
CF_Ems_AAFOpenReq,0,1596169768.269633
CF_Ems_AAFOpenReq,0,1596169768.708215
CF_Ems_AAFOpenReq,0,1596169768.728589
CF_Ems_AAFOpenReq,0,1596169768.908673
CF_Ems_AAFOpenReq,0,1596169769.048234
CF_Ems_AAFOpenReq,0,1596169769.40878
CF_Ems_AAFOpenReq,0,1596169769.711235
CF_Ems_AAFOpenReq,0,1596169769.8095694
CF_Ems_AAFOpenReq,0,1596169770.0103061
CF_Ems_AAFOpenReq,0,1596169770.088511
CF_Ems_AAFOpenReq,0,1596169770.2891471
CF_Ems_AAFOpenReq,0,1596169770.3501284
CF_Ems_AAFOpenReq,0,1596169771.050591
CF_Ems_AAFOpenReq,0,1596169771.0885231
CF_Ems_AAFOpenReq,0,1596169771.329391
CF_Ems_AAFOpenReq,0,1596169771.4314966
CF_Ems_AAFOpenReq,0,1596169771.771606
CF_Ems_AAFOpenReq,0,1596169771.829163
CF_Ems_AAFOpenReq,0,1596169771.8700411
CF_Ems_AAFOpenReq,0,1596169771.9478972
CF_Ems_AAFOpenReq,0,1596169771.968477
CF_Ems_AAFOpenReq,0,1596169772.250565
CF_Ems_AAFOpenReq,0,1596169772.48914
CF_Ems_AAFOpenReq,0,1596169772.95103
CF_Ems_AAFOpenReq,0,1596169772.971492
CF_Ems_AAFOpenReq,0,1596169773.0493538
CF_Ems_AAFOpenReq,0,1596169773.090194
CF_Ems_AAFOpenReq,0,1596169773.131218
CF_Ems_AAFOpenReq,0,1596169773.369034
CF_Ems_AAFOpenReq,0,1596169773.7296572
CF_Ems_AAFOpenReq,0,1596169773.8724954
CF_Ems_AAFOpenReq,0,1596169773.889007
CF_Ems_AAFOpenReq,0,1596169774.00817
CF_Ems_AAFOpenReq,0,1596169774.270071
CF_Ems_AAFOpenReq,0,1596169774.32755
CF_Ems_AAFOpenReq,0,1596169774.368609
CF_Ems_AAFOpenReq,0,1596169775.109451
CF_Ems_AAFOpenReq,0,1596169775.6501062
CF_Ems_AAFOpenReq,0,1596169775.810208
CF_Ems_AAFOpenReq,0,1596169775.949455
CF_Ems_AAFOpenReq,0,1596169776.408396
CF_Ems_AAFOpenReq,0,1596169776.72767
CF_Ems_AAFOpenReq,0,1596169776.788867
CF_Ems_AAFOpenReq,0,1596169777.009972
CF_Ems_AAFOpenReq,0,1596169777.108881
CF_Ems_AAFOpenReq,0,1596169777.132761
CF_Ems_AAFOpenReq,0,1596169777.210507
CF_Ems_AAFOpenReq,0,1596169778.148624
CF_Ems_AAFOpenReq,0,1596169778.332799
CF_Ems_AAFOpenReq,0,1596169778.730186
CF_Ems_AAFOpenReq,0,1596169778.750617
CF_Ems_AAFOpenReq,0,1596169778.9309711
CF_Ems_AAFOpenReq,0,1596169779.0703359
CF_Ems_AAFOpenReq,0,1596169779.3080869
CF_Ems_AAFOpenReq,0,1596169779.5329614
CF_Ems_AAFOpenReq,0,1596169780.168218
CF_Ems_AAFOpenReq,0,1596169780.488363
CF_Ems_AAFOpenReq,0,1596169780.8682961
CF_Ems_AAFOpenReq,0,1596169780.9912071
CF_Ems_AAFOpenReq,0,1596169781.011518
CF_Ems_AAFOpenReq,0,1596169781.109775
CF_Ems_AAFOpenReq,0,1596169781.1303182
CF_Ems_AAFOpenReq,0,1596169781.490773
CF_Ems_AAFOpenReq,0,1596169781.5686774
CF_Ems_AAFOpenReq,0,1596169782.007338
CF_Ems_AAFOpenReq,0,1596169782.330376
CF_Ems_AAFOpenReq,0,1596169782.371362
CF_Ems_AAFOpenReq,0,1596169782.38826
CF_Ems_AAFOpenReq,0,1596169782.449265
CF_Ems_AAFOpenReq,0,1596169782.748538
CF_Ems_AAFOpenReq,0,1596169783.010198
CF_Ems_AAFOpenReq,0,1596169783.129153
CF_Ems_AAFOpenReq,0,1596169783.4116778
CF_Ems_AAFOpenReq,0,1596169783.7685552
CF_Ems_AAFOpenReq,0,1596169783.9283829
CF_Ems_AAFOpenReq,0,1596169783.989287
CF_Ems_AAFOpenReq,0,1596169784.088247
CF_Ems_AAFOpenReq,0,1596169784.329666
CF_Ems_AAFOpenReq,0,1596169784.3907
CF_Ems_AAFOpenReq,0,1596169784.94815
CF_Ems_AAFOpenReq,0,1596169785.4681609
CF_Ems_AAFOpenReq,0,1596169785.7094061
CF_Ems_AAFOpenReq,0,1596169786.36964
CF_Ems_AAFOpenReq,0,1596169786.590038
CF_Ems_AAFOpenReq,0,1596169786.9504259
CF_Ems_AAFOpenReq,0,1596169787.1306958
CF_Ems_AAFOpenReq,0,1596169787.388829
CF_Ems_AAFOpenReq,0,1596169787.609858
CF_Ems_AAFOpenReq,0,1596169787.7901812
CF_Ems_AAFOpenReq,0,1596169787.8273878
CF_Ems_AAFOpenReq,0,1596169788.129998
CF_Ems_AAFOpenReq,0,1596169788.330879
CF_Ems_AAFOpenReq,0,1596169788.470308
CF_Ems_AAFOpenReq,0,1596169788.490508
CF_Ems_AAFOpenReq,0,1596169788.74892
CF_Ems_AAFOpenReq,0,1596169788.9086199
CF_Ems_AAFOpenReq,0,1596169788.9901881
CF_Ems_AAFOpenReq,0,1596169789.1706612
CF_Ems_AAFOpenReq,0,1596169789.330174
CF_Ems_AAFOpenReq,0,1596169789.64973
CF_Ems_AAFOpenReq,0,1596169789.6905348
CF_Ems_AAFOpenReq,0,1596169789.768602
CF_Ems_AAFOpenReq,0,1596169789.9321349
CF_Ems_AAFOpenReq,0,1596169790.026901
CF_Ems_AAFOpenReq,0,1596169790.489268
CF_Ems_AAFOpenReq,0,1596169790.550646
CF_Ems_AAFOpenReq,0,1596169790.571232
CF_Ems_AAFOpenReq,0,1596169790.7309284
CF_Ems_AAFOpenReq,0,1596169790.968694
CF_Ems_AAFOpenReq,0,1596169791.308519
CF_Ems_AAFOpenReq,0,1596169791.5295749
CF_Ems_AAFOpenReq,0,1596169791.849024
CF_Ems_AAFOpenReq,0,1596169792.4100964
CF_Ems_AAFOpenReq,0,1596169792.688782
CF_Ems_AAFOpenReq,0,1596169792.831994
CF_Ems_AAFOpenReq,0,1596169792.848417
CF_Ems_AAFOpenReq,0,1596169792.9508214
CF_Ems_AAFOpenReq,0,1596169793.4673429
CF_Ems_AAFOpenReq,0,1596169793.651152
CF_Ems_AAFOpenReq,0,1596169793.77031
CF_Ems_AAFOpenReq,0,1596169794.0280151
CF_Ems_AAFOpenReq,0,1596169794.187892
CF_Ems_AAFOpenReq,0,1596169794.33119
CF_Ems_AAFOpenReq,0,1596169794.548686
CF_Ems_AAFOpenReq,0,1596169794.7085671
CF_Ems_AAFOpenReq,0,1596169794.7489438
CF_Ems_AAFOpenReq,0,1596169794.8681102
CF_Ems_AAFOpenReq,0,1596169794.949558
CF_Ems_AAFOpenReq,0,1596169794.9702868
CF_Ems_AAFOpenReq,0,1596169795.02774
CF_Ems_AAFOpenReq,0,1596169795.0684214
CF_Ems_AAFOpenReq,0,1596169795.428876
CF_Ems_AAFOpenReq,0,1596169795.6093369
CF_Ems_AAFOpenReq,0,1596169795.8098462
CF_Ems_AAFOpenReq,0,1596169796.010297
CF_Ems_AAFOpenReq,0,1596169796.489677
CF_Ems_AAFOpenReq,0,1596169796.56748
CF_Ems_AAFOpenReq,0,1596169796.628892
CF_Ems_AAFOpenReq,0,1596169796.748306
CF_Ems_AAFOpenReq,0,1596169796.907948
CF_Ems_AAFOpenReq,0,1596169797.3497038
CF_Ems_AAFOpenReq,0,1596169797.4111328
CF_Ems_AAFOpenReq,0,1596169797.4686801
CF_Ems_AAFOpenReq,0,1596169797.890573
CF_Ems_AAFOpenReq,0,1596169798.128215
CF_Ems_AAFOpenReq,0,1596169798.169128
CF_Ems_AAFOpenReq,0,1596169798.1896071
CF_Ems_AAFOpenReq,0,1596169798.607552
CF_Ems_AAFOpenReq,0,1596169798.66878
CF_Ems_AAFOpenReq,0,1596169798.709612
CF_Ems_AAFOpenReq,0,1596169798.770973
CF_Ems_AAFOpenReq,0,1596169798.9475381
CF_Ems_AAFOpenReq,0,1596169799.1277828
CF_Ems_AAFOpenReq,0,1596169799.5327098
CF_Ems_AAFOpenReq,0,1596169799.9504972
CF_Ems_AAFOpenReq,0,1596169800.028853
CF_Ems_AAFOpenReq,0,1596169800.0900102
CF_Ems_AAFOpenReq,0,1596169800.147614
CF_Ems_AAFOpenReq,0,1596169800.348323
CF_Ems_AAFOpenReq,0,1596169800.429832
CF_Ems_AAFOpenReq,0,1596169800.7491894
CF_Ems_AAFOpenReq,0,1596169800.888535
CF_Ems_AAFOpenReq,0,1596169800.949909
CF_Ems_AAFOpenReq,0,1596169801.208213
CF_Ems_AAFOpenReq,0,1596169801.667252
CF_Ems_AAFOpenReq,0,1596169801.7693179
CF_Ems_AAFOpenReq,0,1596169802.03126
CF_Ems_AAFOpenReq,0,1596169802.408175
CF_Ems_AAFOpenReq,0,1596169802.4900222
CF_Ems_AAFOpenReq,0,1596169802.5682368
CF_Ems_AAFOpenReq,0,1596169802.629227
CF_Ems_AAFOpenReq,0,1596169802.687967
CF_Ems_AAFOpenReq,0,1596169802.707378
CF_Ems_AAFOpenReq,0,1596169802.969383
CF_Ems_AAFOpenReq,0,1596169803.051053
CF_Ems_AAFOpenReq,0,1596169803.1289294
CF_Ems_AAFOpenReq,0,1596169803.927965
CF_Ems_AAFOpenReq,0,1596169804.370364
CF_Ems_AAFOpenReq,0,1596169804.869898
CF_Ems_AAFOpenReq,0,1596169804.9884949
CF_Ems_AAFOpenReq,0,1596169805.230032
CF_Ems_AAFOpenReq,0,1596169805.2672858
CF_Ems_AAFOpenReq,0,1596169805.348883
CF_Ems_AAFOpenReq,0,1596169805.369612
CF_Ems_AAFOpenReq,0,1596169805.4681866
CF_Ems_AAFOpenReq,0,1596169805.587539
CF_Ems_AAFOpenReq,0,1596169805.750201
CF_Ems_AAFOpenReq,0,1596169806.0492
CF_Ems_AAFOpenReq,0,1596169806.127459
CF_Ems_AAFOpenReq,0,1596169806.270565
CF_Ems_AAFOpenReq,0,1596169806.369522
CF_Ems_AAFOpenReq,0,1596169806.409548
CF_Ems_AAFOpenReq,0,1596169806.610193
CF_Ems_AAFOpenReq,0,1596169806.970772
CF_Ems_AAFOpenReq,0,1596169807.007704
CF_Ems_AAFOpenReq,0,1596169807.089608
CF_Ems_AAFOpenReq,0,1596169807.208373
CF_Ems_AAFOpenReq,0,1596169807.748971
CF_Ems_AAFOpenReq,0,1596169808.0278091
CF_Ems_AAFOpenReq,0,1596169808.068567
CF_Ems_AAFOpenReq,0,1596169808.167153
CF_Ems_AAFOpenReq,0,1596169808.510714
CF_Ems_AAFOpenReq,0,1596169808.5313456
CF_Ems_AAFOpenReq,0,1596169809.2481222
CF_Ems_AAFOpenReq,0,1596169809.469464
CF_Ems_AAFOpenReq,0,1596169809.547542
CF_Ems_AAFOpenReq,0,1596169809.588047
CF_Ems_AAFOpenReq,0,1596169809.649389
CF_Ems_AAFOpenReq,0,1596169809.88803
CF_Ems_AAFOpenReq,0,1596169810.34974
CF_Ems_AAFOpenReq,0,1596169810.370558
CF_Ems_AAFOpenReq,0,1596169810.5299711
CF_Ems_AAFOpenReq,0,1596169810.550415
CF_Ems_AAFOpenReq,0,1596169810.570924
CF_Ems_AAFOpenReq,0,1596169810.8085034
CF_Ems_AAFOpenReq,0,1596169810.829129
CF_Ems_AAFOpenReq,0,1596169810.968408
CF_Ems_AAFOpenReq,0,1596169811.607636
CF_Ems_AAFOpenReq,0,1596169811.9308524
CF_Ems_AAFOpenReq,0,1596169812.270761
CF_Ems_AAFOpenReq,0,1596169812.38965
CF_Ems_AAFOpenReq,0,1596169812.48795
CF_Ems_AAFOpenReq,0,1596169812.729482
CF_Ems_AAFOpenReq,0,1596169812.828265
CF_Ems_AAFOpenReq,0,1596169812.8689866
CF_Ems_AAFOpenReq,0,1596169813.127179
CF_Ems_AAFOpenReq,0,1596169813.209012
CF_Ems_AAFOpenReq,0,1596169813.409369
CF_Ems_AAFOpenReq,0,1596169813.6475232
CF_Ems_AAFOpenReq,0,1596169813.869018
CF_Ems_AAFOpenReq,0,1596169813.8886788
CF_Ems_AAFOpenReq,0,1596169813.9667802
CF_Ems_AAFOpenReq,0,1596169814.188268
CF_Ems_AAFOpenReq,0,1596169814.4293768
CF_Ems_AAFOpenReq,0,1596169814.527951
CF_Ems_AAFOpenReq,0,1596169814.8471072
CF_Ems_AAFOpenReq,0,1596169814.928917
CF_Ems_AAFOpenReq,0,1596169815.129628
CF_Ems_AAFOpenReq,0,1596169815.309832
CF_Ems_AAFOpenReq,0,1596169815.5069132
CF_Ems_AAFOpenReq,0,1596169815.870917
CF_Ems_AAFOpenReq,0,1596169815.907924
CF_Ems_AAFOpenReq,0,1596169815.989922
CF_Ems_AAFOpenReq,0,1596169816.149402
CF_Ems_AAFOpenReq,0,1596169816.4284108
CF_Ems_AAFOpenReq,0,1596169816.608595
CF_Ems_AAFOpenReq,0,1596169816.690057
CF_Ems_AAFOpenReq,0,1596169816.849778
CF_Ems_AAFOpenReq,0,1596169817.546578
CF_Ems_AAFOpenReq,0,1596169817.808589
CF_Ems_AAFOpenReq,0,1596169817.90716
CF_Ems_AAFOpenReq,0,1596169818.090849
CF_Ems_AAFOpenReq,0,1596169818.3697839
CF_Ems_AAFOpenReq,0,1596169819.188697
CF_Ems_AAFOpenReq,0,1596169819.34838
CF_Ems_AAFOpenReq,0,1596169819.4675438
CF_Ems_AAFOpenReq,0,1596169819.569675
CF_Ems_AAFOpenReq,0,1596169819.7291572
CF_Ems_AAFOpenReq,0,1596169820.008095
CF_Ems_AAFOpenReq,0,1596169820.089638
CF_Ems_AAFOpenReq,0,1596169820.347748
CF_Ems_AAFOpenReq,0,1596169820.8883488
CF_Ems_AAFOpenReq,0,1596169821.028136
CF_Ems_AAFOpenReq,0,1596169821.1671429
CF_Ems_AAFOpenReq,0,1596169821.347585
CF_Ems_AAFOpenReq,0,1596169821.4085119
CF_Ems_AAFOpenReq,0,1596169821.4875
CF_Ems_AAFOpenReq,0,1596169821.527675
CF_Ems_AAFOpenReq,0,1596169821.6296382
CF_Ems_AAFOpenReq,0,1596169821.769336
CF_Ems_AAFOpenReq,0,1596169821.8097851
CF_Ems_AAFOpenReq,0,1596169822.007124
CF_Ems_AAFOpenReq,0,1596169822.068078
CF_Ems_AAFOpenReq,0,1596169822.108904
CF_Ems_AAFOpenReq,0,1596169822.1293151
CF_Ems_AAFOpenReq,0,1596169822.207546
CF_Ems_AAFOpenReq,0,1596169822.2481768
CF_Ems_AAFOpenReq,0,1596169822.6293359
CF_Ems_AAFOpenReq,0,1596169822.768509
CF_Ems_AAFOpenReq,0,1596169822.788786
CF_Ems_AAFOpenReq,0,1596169822.829686
CF_Ems_AAFOpenReq,0,1596169822.888446
CF_Ems_AAFOpenReq,0,1596169823.0474231
CF_Ems_AAFOpenReq,0,1596169823.088098
CF_Ems_AAFOpenReq,0,1596169823.207065
CF_Ems_AAFOpenReq,0,1596169823.428034
CF_Ems_AAFOpenReq,0,1596169824.3700118
CF_Ems_AAFOpenReq,0,1596169825.107264
CF_Ems_AAFOpenReq,0,1596169825.147927
CF_Ems_AAFOpenReq,0,1596169825.229837
CF_Ems_AAFOpenReq,0,1596169825.369497
CF_Ems_AAFOpenReq,0,1596169825.4064028
CF_Ems_AAFOpenReq,0,1596169825.430584
CF_Ems_AAFOpenReq,0,1596169826.069777
CF_Ems_AAFOpenReq,0,1596169826.127182
CF_Ems_AAFOpenReq,0,1596169826.3074439
CF_Ems_AAFOpenReq,0,1596169826.770132
CF_Ems_AAFOpenReq,0,1596169826.9092221
CF_Ems_AAFOpenReq,0,1596169827.0075786
CF_Ems_AAFOpenReq,0,1596169827.130353
CF_Ems_AAFOpenReq,0,1596169827.167613
CF_Ems_AAFOpenReq,0,1596169827.249066
CF_Ems_AAFOpenReq,0,1596169827.368417
CF_Ems_AAFOpenReq,0,1596169827.6505132
CF_Ems_AAFOpenReq,0,1596169827.8677402
CF_Ems_AAFOpenReq,0,1596169827.888145
CF_Ems_AAFOpenReq,0,1596169828.166982
CF_Ems_AAFOpenReq,0,1596169828.269701
CF_Ems_AAFOpenReq,0,1596169828.428876
CF_Ems_AAFOpenReq,0,1596169828.449269
CF_Ems_AAFOpenReq,0,1596169828.5105288
CF_Ems_AAFOpenReq,0,1596169828.687833
CF_Ems_AAFOpenReq,0,1596169828.986926
CF_Ems_AAFOpenReq,0,1596169829.2069519
CF_Ems_AAFOpenReq,0,1596169829.3502462
CF_Ems_AAFOpenReq,0,1596169829.628885
CF_Ems_AAFOpenReq,0,1596169829.6700008
CF_Ems_AAFOpenReq,0,1596169829.866913
CF_Ems_AAFOpenReq,0,1596169829.88705
CF_Ems_AAFOpenReq,0,1596169830.108016
CF_Ems_AAFOpenReq,0,1596169830.128459
CF_Ems_AAFOpenReq,0,1596169830.230952
CF_Ems_AAFOpenReq,0,1596169830.370518
CF_Ems_AAFOpenReq,0,1596169830.447957
CF_Ems_AAFOpenReq,0,1596169830.509254
CF_Ems_AAFOpenReq,0,1596169830.689652
CF_Ems_AAFOpenReq,0,1596169830.726757
CF_Ems_AAFOpenReq,0,1596169830.8083386
CF_Ems_AAFOpenReq,0,1596169830.9072874
CF_Ems_AAFOpenReq,0,1596169831.0668
CF_Ems_AAFOpenReq,0,1596169831.148314
CF_Ems_AAFOpenReq,0,1596169831.508672
CF_Ems_AAFOpenReq,0,1596169831.628027
CF_Ems_AAFOpenReq,0,1596169831.807994
CF_Ems_AAFOpenReq,0,1596169831.988367
CF_Ems_AAFOpenReq,0,1596169832.131258
CF_Ems_AAFOpenReq,0,1596169832.308052
CF_Ems_AAFOpenReq,0,1596169832.389525
CF_Ems_AAFOpenReq,0,1596169832.4671721
CF_Ems_AAFOpenReq,0,1596169832.5286348
CF_Ems_AAFOpenReq,0,1596169832.88908
CF_Ems_AAFOpenReq,0,1596169832.94679
CF_Ems_AAFOpenReq,0,1596169833.3889651
CF_Ems_AAFOpenReq,0,1596169833.466938
CF_Ems_AAFOpenReq,0,1596169833.5283358
CF_Ems_AAFOpenReq,0,1596169833.8274848
CF_Ems_AAFOpenReq,0,1596169834.0277321
CF_Ems_AAFOpenReq,0,1596169834.0481322
CF_Ems_AAFOpenReq,0,1596169834.208363
CF_Ems_AAFOpenReq,0,1596169834.3475788
CF_Ems_AAFOpenReq,0,1596169834.707966
CF_Ems_AAFOpenReq,0,1596169834.88792
CF_Ems_AAFOpenReq,0,1596169834.928711
CF_Ems_AAFOpenReq,0,1596169834.9871054
CF_Ems_AAFOpenReq,0,1596169835.1089618
CF_Ems_AAFOpenReq,0,1596169835.24822
CF_Ems_AAFOpenReq,0,1596169835.36747
CF_Ems_AAFOpenReq,0,1596169835.387846
CF_Ems_AAFOpenReq,0,1596169835.747935
CF_Ems_AAFOpenReq,0,1596169835.789005
CF_Ems_AAFOpenReq,0,1596169836.2682636
CF_Ems_AAFOpenReq,0,1596169836.489229
CF_Ems_AAFOpenReq,0,1596169836.5470982
CF_Ems_AAFOpenReq,0,1596169836.706712
CF_Ems_AAFOpenReq,0,1596169836.727244
CF_Ems_AAFOpenReq,0,1596169836.968695
CF_Ems_AAFOpenReq,0,1596169837.447784
CF_Ems_AAFOpenReq,0,1596169837.747236
CF_Ems_AAFOpenReq,0,1596169837.8286214
CF_Ems_AAFOpenReq,0,1596169837.869847
CF_Ems_AAFOpenReq,0,1596169838.22997
CF_Ems_AAFOpenReq,0,1596169838.3283381
CF_Ems_AAFOpenReq,0,1596169838.467638
CF_Ems_AAFOpenReq,0,1596169838.566386
CF_Ems_AAFOpenReq,0,1596169838.8279688
CF_Ems_AAFOpenReq,0,1596169838.9677818
CF_Ems_AAFOpenReq,0,1596169839.1884842
CF_Ems_AAFOpenReq,0,1596169839.2088661
CF_Ems_AAFOpenReq,0,1596169839.229288
CF_Ems_AAFOpenReq,0,1596169839.348125
CF_Ems_AAFOpenReq,0,1596169839.7873788
CF_Ems_AAFOpenReq,0,1596169839.9260092
CF_Ems_AAFOpenReq,0,1596169840.408884
CF_Ems_AAFOpenReq,0,1596169840.6300972
CF_Ems_AAFOpenReq,0,1596169840.728482
CF_Ems_AAFOpenReq,0,1596169840.7898722
CF_Ems_AAFOpenReq,0,1596169840.908733
CF_Ems_AAFOpenReq,0,1596169840.929125
CF_Ems_AAFOpenReq,0,1596169841.06866
CF_Ems_AAFOpenReq,0,1596169841.10922
CF_Ems_AAFOpenReq,0,1596169841.129825
CF_Ems_AAFOpenReq,0,1596169841.146559
CF_Ems_AAFOpenReq,0,1596169841.3304539
CF_Ems_AAFOpenReq,0,1596169841.4492204
CF_Ems_AAFOpenReq,0,1596169841.547912
CF_Ems_AAFOpenReq,0,1596169842.0272946
CF_Ems_AAFOpenReq,0,1596169842.088379
CF_Ems_AAFOpenReq,0,1596169842.2889519
CF_Ems_AAFOpenReq,0,1596169842.3466392
CF_Ems_AAFOpenReq,0,1596169842.506582
CF_Ems_AAFOpenReq,0,1596169842.64928
CF_Ems_AAFOpenReq,0,1596169843.148981
CF_Ems_AAFOpenReq,0,1596169843.767689
CF_Ems_AAFOpenReq,0,1596169843.808403
CF_Ems_AAFOpenReq,0,1596169843.8662179
CF_Ems_AAFOpenReq,0,1596169844.2097678
CF_Ems_AAFOpenReq,0,1596169844.5872374
CF_Ems_AAFOpenReq,0,1596169844.6280706
CF_Ems_AAFOpenReq,0,1596169844.7057762
CF_Ems_AAFOpenReq,0,1596169845.328052
CF_Ems_AAFOpenReq,0,1596169845.6476278
CF_Ems_AAFOpenReq,0,1596169846.188142
CF_Ems_AAFOpenReq,0,1596169846.2494311
CF_Ems_AAFOpenReq,0,1596169846.3483572
CF_Ems_AAFOpenReq,0,1596169846.467031
CF_Ems_AAFOpenReq,0,1596169846.528128
CF_Ems_AAFOpenReq,0,1596169846.7901359
CF_Ems_AAFOpenReq,0,1596169847.007603
CF_Ems_AAFOpenReq,0,1596169847.1095822
CF_Ems_AAFOpenReq,0,1596169847.466436
CF_Ems_AAFOpenReq,0,1596169847.6502962
CF_Ems_AAFOpenReq,0,1596169847.728149
CF_Ems_AAFOpenReq,0,1596169848.109041
CF_Ems_AAFOpenReq,0,1596169848.2281768
CF_Ems_AAFOpenReq,0,1596169848.407973
CF_Ems_AAFOpenReq,0,1596169848.4286149
CF_Ems_AAFOpenReq,0,1596169848.53086
CF_Ems_AAFOpenReq,0,1596169848.588224
CF_Ems_AAFOpenReq,0,1596169848.6086938
CF_Ems_AAFOpenReq,0,1596169848.94866
CF_Ems_AAFOpenReq,0,1596169849.0880158
CF_Ems_AAFOpenReq,0,1596169849.187171
CF_Ems_AAFOpenReq,0,1596169849.22725
CF_Ems_AAFOpenReq,0,1596169849.948093
CF_Ems_AAFOpenReq,0,1596169850.329055
CF_Ems_AAFOpenReq,0,1596169851.107559
CF_Ems_AAFOpenReq,0,1596169851.230103
CF_Ems_AAFOpenReq,0,1596169851.467801
CF_Ems_AAFOpenReq,0,1596169851.6072161
CF_Ems_AAFOpenReq,0,1596169852.090074
CF_Ems_AAFOpenReq,0,1596169852.328052
CF_Ems_AAFOpenReq,0,1596169852.3688488
CF_Ems_AAFOpenReq,0,1596169852.5284538
CF_Ems_AAFOpenReq,0,1596169852.7290206
CF_Ems_AAFOpenReq,0,1596169852.745846
CF_Ems_AAFOpenReq,0,1596169852.9261801
CF_Ems_AAFOpenReq,0,1596169853.106441
CF_Ems_AAFOpenReq,0,1596169853.2660294
CF_Ems_AAFOpenReq,0,1596169853.32759
CF_Ems_AAFOpenReq,0,1596169853.667148
CF_Ems_AAFOpenReq,0,1596169854.187755
CF_Ems_AAFOpenReq,0,1596169854.687259
CF_Ems_AAFOpenReq,0,1596169854.8673751
CF_Ems_AAFOpenReq,0,1596169855.346848
CF_Ems_AAFOpenReq,0,1596169855.669919
CF_Ems_AAFOpenReq,0,1596169855.690409
CF_Ems_AAFOpenReq,0,1596169855.7477582
CF_Ems_AAFOpenReq,0,1596169855.8057444
CF_Ems_AAFOpenReq,0,1596169856.58769
CF_Ems_AAFOpenReq,0,1596169856.686626
CF_Ems_AAFOpenReq,0,1596169856.8289368
CF_Ems_AAFOpenReq,0,1596169857.066657
CF_Ems_AAFOpenReq,0,1596169857.2098699
CF_Ems_AAFOpenReq,0,1596169857.267467
CF_Ems_AAFOpenReq,0,1596169857.4688768
CF_Ems_AAFOpenReq,0,1596169857.488575
CF_Ems_AAFOpenReq,0,1596169857.505357
CF_Ems_AAFOpenReq,0,1596169857.8488152
CF_Ems_AAFOpenReq,0,1596169858.049475
CF_Ems_AAFOpenReq,0,1596169858.107457
CF_Ems_AAFOpenReq,0,1596169858.246596
CF_Ems_AAFOpenReq,0,1596169858.406312
CF_Ems_AAFOpenReq,0,1596169858.6274614
CF_Ems_AAFOpenReq,0,1596169858.7498732
CF_Ems_AAFOpenReq,0,1596169858.869173
CF_Ems_AAFOpenReq,0,1596169858.906112
CF_Ems_AAFOpenReq,0,1596169858.987902
CF_Ems_AAFOpenReq,0,1596169859.0079944
CF_Ems_AAFOpenReq,0,1596169859.0284126
CF_Ems_AAFOpenReq,0,1596169859.4298398
CF_Ems_AAFOpenReq,0,1596169859.9464374
CF_Ems_AAFOpenReq,0,1596169860.470152
CF_Ems_AAFOpenReq,0,1596169860.527581
CF_Ems_AAFOpenReq,0,1596169860.7076821
CF_Ems_AAFOpenReq,0,1596169861.085595
CF_Ems_AAFOpenReq,0,1596169861.1089852
CF_Ems_AAFOpenReq,0,1596169861.228283
CF_Ems_AAFOpenReq,0,1596169861.428617
CF_Ems_AAFOpenReq,0,1596169861.465852
CF_Ems_AAFOpenReq,0,1596169861.4868321
CF_Ems_AAFOpenReq,0,1596169861.567853
CF_Ems_AAFOpenReq,0,1596169861.6293938
CF_Ems_AAFOpenReq,0,1596169861.7480938
CF_Ems_AAFOpenReq,0,1596169861.8670762
CF_Ems_AAFOpenReq,0,1596169862.027051
CF_Ems_AAFOpenReq,0,1596169862.3056312
CF_Ems_AAFOpenReq,0,1596169862.329725
CF_Ems_AAFOpenReq,0,1596169862.846122
CF_Ems_AAFOpenReq,0,1596169863.165699
CF_Ems_AAFOpenReq,0,1596169863.3663418
CF_Ems_AAFOpenReq,0,1596169863.6281881
CF_Ems_AAFOpenReq,0,1596169864.066272
CF_Ems_AAFOpenReq,0,1596169864.3285801
CF_Ems_AAFOpenReq,0,1596169864.387089
CF_Ems_AAFOpenReq,0,1596169864.4066381
CF_Ems_AAFOpenReq,0,1596169864.607582
CF_Ems_AAFOpenReq,0,1596169864.631422
CF_Ems_AAFOpenReq,0,1596169864.729857
CF_Ems_AAFOpenReq,0,1596169864.807683
CF_Ems_AAFOpenReq,0,1596169864.848693
CF_Ems_AAFOpenReq,0,1596169864.930439
CF_Ems_AAFOpenReq,0,1596169865.2873142
CF_Ems_AAFOpenReq,0,1596169865.8279881
CF_Ems_AAFOpenReq,0,1596169865.9299529
CF_Ems_AAFOpenReq,0,1596169866.106425
CF_Ems_AAFOpenReq,0,1596169866.2492194
CF_Ems_AAFOpenReq,0,1596169866.2661626
CF_Ems_AAFOpenReq,0,1596169866.306766
CF_Ems_AAFOpenReq,0,1596169866.388887
CF_Ems_AAFOpenReq,0,1596169866.429673
CF_Ems_AAFOpenReq,0,1596169866.507343
CF_Ems_AAFOpenReq,0,1596169866.8474612
CF_Ems_AAFOpenReq,0,1596169866.9877582
CF_Ems_AAFOpenReq,0,1596169867.007491
CF_Ems_AAFOpenReq,0,1596169867.48682
CF_Ems_AAFOpenReq,0,1596169867.5272682
CF_Ems_AAFOpenReq,0,1596169867.928688
CF_Ems_AAFOpenReq,0,1596169867.9490829
CF_Ems_AAFOpenReq,0,1596169868.027401
CF_Ems_AAFOpenReq,0,1596169868.207541
CF_Ems_AAFOpenReq,0,1596169868.227668
CF_Ems_AAFOpenReq,0,1596169868.289047
CF_Ems_AAFOpenReq,0,1596169868.387428
CF_Ems_AAFOpenReq,0,1596169868.7069151
CF_Ems_AAFOpenReq,0,1596169868.887224
CF_Ems_AAFOpenReq,0,1596169869.0878909
CF_Ems_AAFOpenReq,0,1596169869.227453
CF_Ems_AAFOpenReq,0,1596169869.448148
CF_Ems_AAFOpenReq,0,1596169869.747252
CF_Ems_AAFOpenReq,0,1596169869.7881954
CF_Ems_AAFOpenReq,0,1596169869.886793
CF_Ems_AAFOpenReq,0,1596169870.288173
CF_Ems_AAFOpenReq,0,1596169870.5876126
CF_Ems_AAFOpenReq,0,1596169870.96793
CF_Ems_AAFOpenReq,0,1596169871.3486214
CF_Ems_AAFOpenReq,0,1596169871.5084689
CF_Ems_AAFOpenReq,0,1596169871.528754
CF_Ems_AAFOpenReq,0,1596169871.5873551
CF_Ems_AAFOpenReq,0,1596169872.0285306
CF_Ems_AAFOpenReq,0,1596169872.126911
CF_Ems_AAFOpenReq,0,1596169872.1882956
CF_Ems_AAFOpenReq,0,1596169872.647312
CF_Ems_AAFOpenReq,0,1596169872.929612
CF_Ems_AAFOpenReq,0,1596169872.946542
CF_Ems_AAFOpenReq,0,1596169873.606074
CF_Ems_AAFOpenReq,0,1596169873.806419
CF_Ems_AAFOpenReq,0,1596169873.9868171
CF_Ems_AAFOpenReq,0,1596169874.068458
CF_Ems_AAFOpenReq,0,1596169874.347101
CF_Ems_AAFOpenReq,0,1596169874.367321
CF_Ems_AAFOpenReq,0,1596169874.408308
CF_Ems_AAFOpenReq,0,1596169874.5681472
CF_Ems_AAFOpenReq,0,1596169875.2685301
CF_Ems_AAFOpenReq,0,1596169875.448457
CF_Ems_AAFOpenReq,0,1596169875.4867141
CF_Ems_AAFOpenReq,0,1596169875.9689422
CF_Ems_AAFOpenReq,0,1596169876.0059779
CF_Ems_AAFOpenReq,0,1596169876.206934
CF_Ems_AAFOpenReq,0,1596169876.4072802
CF_Ems_AAFOpenReq,0,1596169876.4890661
CF_Ems_AAFOpenReq,0,1596169876.7675722
CF_Ems_AAFOpenReq,0,1596169876.8866231
CF_Ems_AAFOpenReq,0,1596169877.168868
CF_Ems_AAFOpenReq,0,1596169877.566537
CF_Ems_AAFOpenReq,0,1596169877.668676
CF_Ems_AAFOpenReq,0,1596169877.6888509
CF_Ems_AAFOpenReq,0,1596169878.0493162
CF_Ems_AAFOpenReq,0,1596169878.188641
CF_Ems_AAFOpenReq,0,1596169878.2463539
CF_Ems_AAFOpenReq,0,1596169878.405953
CF_Ems_AAFOpenReq,0,1596169878.487644
CF_Ems_AAFOpenReq,0,1596169878.508131
CF_Ems_AAFOpenReq,0,1596169878.827616
CF_Ems_AAFOpenReq,0,1596169879.188001
CF_Ems_AAFOpenReq,0,1596169879.466959
CF_Ems_AAFOpenReq,0,1596169879.606316
CF_Ems_AAFOpenReq,0,1596169879.847462
CF_Ems_AAFOpenReq,0,1596169879.868129
CF_Ems_AAFOpenReq,0,1596169880.0076852
CF_Ems_AAFOpenReq,0,1596169880.2657018
CF_Ems_AAFOpenReq,0,1596169880.769046
CF_Ems_AAFOpenReq,0,1596169880.8878772
CF_Ems_AAFOpenReq,0,1596169880.9491048
CF_Ems_AAFOpenReq,0,1596169881.04777
CF_Ems_AAFOpenReq,0,1596169881.1087732
CF_Ems_AAFOpenReq,0,1596169881.1463661
CF_Ems_AAFOpenReq,0,1596169881.33013
CF_Ems_AAFOpenReq,0,1596169881.387548
CF_Ems_AAFOpenReq,0,1596169881.5066
CF_Ems_AAFOpenReq,0,1596169881.666372
CF_Ems_AAFOpenReq,0,1596169881.846646
CF_Ems_AAFOpenReq,0,1596169881.948475
CF_Ems_AAFOpenReq,0,1596169882.067416
CF_Ems_AAFOpenReq,0,1596169882.087916
CF_Ems_AAFOpenReq,0,1596169882.14555
CF_Ems_AAFOpenReq,0,1596169882.5875268
CF_Ems_AAFOpenReq,0,1596169882.7473938
CF_Ems_AAFOpenReq,0,1596169882.8867214
CF_Ems_AAFOpenReq,0,1596169882.947988
CF_Ems_AAFOpenReq,0,1596169882.968718
CF_Ems_AAFOpenReq,0,1596169883.3865669
CF_Ems_AAFOpenReq,0,1596169883.447592
CF_Ems_AAFOpenReq,0,1596169883.4886036
CF_Ems_AAFOpenReq,0,1596169883.845279
CF_Ems_AAFOpenReq,0,1596169883.886542
CF_Ems_AAFOpenReq,0,1596169884.1070552
CF_Ems_AAFOpenReq,0,1596169884.3865018
CF_Ems_AAFOpenReq,0,1596169884.426882
CF_Ems_AAFOpenReq,0,1596169884.467754
CF_Ems_AAFOpenReq,0,1596169885.008091
CF_Ems_AAFOpenReq,0,1596169885.229342
CF_Ems_AAFOpenReq,0,1596169885.4878619
CF_Ems_AAFOpenReq,0,1596169885.507749
CF_Ems_AAFOpenReq,0,1596169885.6065931
CF_Ems_AAFOpenReq,0,1596169885.92607
CF_Ems_AAFOpenReq,0,1596169886.0280056
CF_Ems_AAFOpenReq,0,1596169886.327102
CF_Ems_AAFOpenReq,0,1596169886.5863152
CF_Ems_AAFOpenReq,0,1596169886.707893
CF_Ems_AAFOpenReq,0,1596169887.0070279
CF_Ems_AAFOpenReq,0,1596169887.088956
CF_Ems_AAFOpenReq,0,1596169887.1466384
CF_Ems_AAFOpenReq,0,1596169887.3879502
CF_Ems_AAFOpenReq,0,1596169887.629448
CF_Ems_AAFOpenReq,0,1596169887.8676422
CF_Ems_AAFOpenReq,0,1596169888.047411
CF_Ems_AAFOpenReq,0,1596169888.247911
CF_Ems_AAFOpenReq,0,1596169888.588075
CF_Ems_AAFOpenReq,0,1596169888.645605
CF_Ems_AAFOpenReq,0,1596169888.706808
CF_Ems_AAFOpenReq,0,1596169888.866585
CF_Ems_AAFOpenReq,0,1596169888.94832
CF_Ems_AAFOpenReq,0,1596169889.165942
CF_Ems_AAFOpenReq,0,1596169889.288337
CF_Ems_AAFOpenReq,0,1596169889.329222
CF_Ems_AAFOpenReq,0,1596169889.427551
CF_Ems_AAFOpenReq,0,1596169889.505798
CF_Ems_AAFOpenReq,0,1596169889.628165
CF_Ems_AAFOpenReq,0,1596169889.648675
CF_Ems_AAFOpenReq,0,1596169889.8457222
CF_Ems_AAFOpenReq,0,1596169890.046706
CF_Ems_AAFOpenReq,0,1596169890.308063
CF_Ems_AAFOpenReq,0,1596169890.4884748
CF_Ems_AAFOpenReq,0,1596169890.648078
CF_Ems_AAFOpenReq,0,1596169890.767097
CF_Ems_AAFOpenReq,0,1596169890.8282912
CF_Ems_AAFOpenReq,0,1596169891.3652241
CF_Ems_AAFOpenReq,0,1596169891.545483
CF_Ems_AAFOpenReq,0,1596169892.0862331
CF_Ems_AAFOpenReq,0,1596169892.229089
CF_Ems_AAFOpenReq,0,1596169892.327809
CF_Ems_AAFOpenReq,0,1596169892.426305
CF_Ems_AAFOpenReq,0,1596169892.4872231
CF_Ems_AAFOpenReq,0,1596169892.9867
CF_Ems_AAFOpenReq,0,1596169893.0482302
CF_Ems_AAFOpenReq,0,1596169893.466312
CF_Ems_AAFOpenReq,0,1596169893.888027
CF_Ems_AAFOpenReq,0,1596169893.9082448
CF_Ems_AAFOpenReq,0,1596169893.9866118
CF_Ems_AAFOpenReq,0,1596169894.108992
CF_Ems_AAFOpenReq,0,1596169894.2689831
CF_Ems_AAFOpenReq,0,1596169894.289247
CF_Ems_AAFOpenReq,0,1596169895.0064251
CF_Ems_AAFOpenReq,0,1596169895.067648
CF_Ems_AAFOpenReq,0,1596169895.1662009
CF_Ems_AAFOpenReq,0,1596169895.44828
CF_Ems_AAFOpenReq,0,1596169895.727332
CF_Ems_AAFOpenReq,0,1596169895.968876
CF_Ems_AAFOpenReq,0,1596169896.107742
CF_Ems_AAFOpenReq,0,1596169896.2880409
CF_Ems_AAFOpenReq,0,1596169896.5296881
CF_Ems_AAFOpenReq,0,1596169896.5869598
CF_Ems_AAFOpenReq,0,1596169896.7057471
CF_Ems_AAFOpenReq,0,1596169896.9269302
CF_Ems_AAFOpenReq,0,1596169896.947371
CF_Ems_AAFOpenReq,0,1596169897.185784
CF_Ems_AAFOpenReq,0,1596169897.3248024
CF_Ems_AAFOpenReq,0,1596169897.529124
CF_Ems_AAFOpenReq,0,1596169897.8280132
CF_Ems_AAFOpenReq,0,1596169897.88644
CF_Ems_AAFOpenReq,0,1596169898.008354
CF_Ems_AAFOpenReq,0,1596169898.0659046
CF_Ems_AAFOpenReq,0,1596169898.3690088
CF_Ems_AAFOpenReq,0,1596169898.5451438
CF_Ems_AAFOpenReq,0,1596169898.6067688
CF_Ems_AAFOpenReq,0,1596169898.667903
CF_Ems_AAFOpenReq,0,1596169899.586167
CF_Ems_AAFOpenReq,0,1596169899.7693892
CF_Ems_AAFOpenReq,0,1596169899.847226
CF_Ems_AAFOpenReq,0,1596169899.966312
CF_Ems_AAFOpenReq,0,1596169900.187267
CF_Ems_AAFOpenReq,0,1596169900.40486
CF_Ems_AAFOpenReq,0,1596169900.527235
CF_Ems_AAFOpenReq,0,1596169900.605571
CF_Ems_AAFOpenReq,0,1596169900.6258318
CF_Ems_AAFOpenReq,0,1596169900.646379
CF_Ems_AAFOpenReq,0,1596169900.8265758
CF_Ems_AAFOpenReq,0,1596169901.2888386
CF_Ems_AAFOpenReq,0,1596169901.407884
CF_Ems_AAFOpenReq,0,1596169901.6664364
CF_Ems_AAFOpenReq,0,1596169901.867295
CF_Ems_AAFOpenReq,0,1596169901.96519
CF_Ems_AAFOpenReq,0,1596169902.3292758
CF_Ems_AAFOpenReq,0,1596169902.346281
CF_Ems_AAFOpenReq,0,1596169902.4892929
CF_Ems_AAFOpenReq,0,1596169902.607892
CF_Ems_AAFOpenReq,0,1596169902.8664262
CF_Ems_AAFOpenReq,0,1596169902.906788
CF_Ems_AAFOpenReq,0,1596169903.2471561
CF_Ems_AAFOpenReq,0,1596169903.349098
CF_Ems_AAFOpenReq,0,1596169903.566345
CF_Ems_AAFOpenReq,0,1596169903.72642
CF_Ems_AAFOpenReq,0,1596169903.767115
CF_Ems_AAFOpenReq,0,1596169903.8451211
CF_Ems_AAFOpenReq,0,1596169904.56625
CF_Ems_AAFOpenReq,0,1596169904.668315
CF_Ems_AAFOpenReq,0,1596169904.848187
CF_Ems_AAFOpenReq,0,1596169904.9264839
CF_Ems_AAFOpenReq,0,1596169905.327553
CF_Ems_AAFOpenReq,0,1596169905.487205
CF_Ems_AAFOpenReq,0,1596169905.786268
CF_Ems_AAFOpenReq,0,1596169905.946456
CF_Ems_AAFOpenReq,0,1596169905.9869812
CF_Ems_AAFOpenReq,0,1596169906.146612
CF_Ems_AAFOpenReq,0,1596169906.466142
CF_Ems_AAFOpenReq,0,1596169906.666742
CF_Ems_AAFOpenReq,0,1596169906.9289238
CF_Ems_AAFOpenReq,0,1596169906.949323
CF_Ems_AAFOpenReq,0,1596169907.146157
CF_Ems_AAFOpenReq,0,1596169907.2689269
CF_Ems_AAFOpenReq,0,1596169907.48609
CF_Ems_AAFOpenReq,0,1596169907.547369
CF_Ems_AAFOpenReq,0,1596169907.646116
CF_Ems_AAFOpenReq,0,1596169907.6868212
CF_Ems_AAFOpenReq,0,1596169908.104865
CF_Ems_AAFOpenReq,0,1596169908.227251
CF_Ems_AAFOpenReq,0,1596169908.268468
CF_Ems_AAFOpenReq,0,1596169908.325976
CF_Ems_AAFOpenReq,0,1596169908.686115
CF_Ems_AAFOpenReq,0,1596169908.886702
CF_Ems_AAFOpenReq,0,1596169909.005777
CF_Ems_AAFOpenReq,0,1596169909.06714
CF_Ems_AAFOpenReq,0,1596169909.505671
CF_Ems_AAFOpenReq,0,1596169909.546274
CF_Ems_AAFOpenReq,0,1596169910.1481721
CF_Ems_AAFOpenReq,0,1596169910.205931
CF_Ems_AAFOpenReq,0,1596169910.328393
CF_Ems_AAFOpenReq,0,1596169910.488239
CF_Ems_AAFOpenReq,0,1596169910.668575
CF_Ems_AAFOpenReq,0,1596169910.705699
CF_Ems_AAFOpenReq,0,1596169910.828075
CF_Ems_AAFOpenReq,0,1596169910.848562
CF_Ems_AAFOpenReq,0,1596169911.1475134
CF_Ems_AAFOpenReq,0,1596169911.185811
CF_Ems_AAFOpenReq,0,1596169911.545248
CF_Ems_AAFOpenReq,0,1596169911.745991
CF_Ems_AAFOpenReq,0,1596169911.766506
CF_Ems_AAFOpenReq,0,1596169911.8889241
CF_Ems_AAFOpenReq,0,1596169912.167639
CF_Ems_AAFOpenReq,0,1596169912.507387
CF_Ems_AAFOpenReq,0,1596169912.72864
CF_Ems_AAFOpenReq,0,1596169912.765857
CF_Ems_AAFOpenReq,0,1596169912.786324
CF_Ems_AAFOpenReq,0,1596169913.0479512
CF_Ems_AAFOpenReq,0,1596169913.2862122
CF_Ems_AAFOpenReq,0,1596169913.884764
CF_Ems_AAFOpenReq,0,1596169914.32624
CF_Ems_AAFOpenReq,0,1596169914.727423
CF_Ems_AAFOpenReq,0,1596169914.866678
CF_Ems_AAFOpenReq,0,1596169914.8871412
CF_Ems_AAFOpenReq,0,1596169914.927983
CF_Ems_AAFOpenReq,0,1596169915.006217
CF_Ems_AAFOpenReq,0,1596169915.0877721
CF_Ems_AAFOpenReq,0,1596169915.288384
CF_Ems_AAFOpenReq,0,1596169915.4276538
CF_Ems_AAFOpenReq,0,1596169915.448164
CF_Ems_AAFOpenReq,0,1596169916.566454
CF_Ems_AAFOpenReq,0,1596169916.6073148
CF_Ems_AAFOpenReq,0,1596169916.705844
CF_Ems_AAFOpenReq,0,1596169916.726387
CF_Ems_AAFOpenReq,0,1596169916.9062731
CF_Ems_AAFOpenReq,0,1596169916.9680052
CF_Ems_AAFOpenReq,0,1596169917.1647599
CF_Ems_AAFOpenReq,0,1596169917.426851
CF_Ems_AAFOpenReq,0,1596169917.4878778
CF_Ems_AAFOpenReq,0,1596169917.885847
CF_Ems_AAFOpenReq,0,1596169917.946675
CF_Ems_AAFOpenReq,0,1596169918.0285869
CF_Ems_AAFOpenReq,0,1596169918.2255082
CF_Ems_AAFOpenReq,0,1596169918.286625
CF_Ems_AAFOpenReq,0,1596169918.446312
CF_Ems_AAFOpenReq,0,1596169918.90906
CF_Ems_AAFOpenReq,0,1596169919.027895
CF_Ems_AAFOpenReq,0,1596169919.527935
CF_Ems_AAFOpenReq,0,1596169919.7078788
CF_Ems_AAFOpenReq,0,1596169920.0684779
CF_Ems_AAFOpenReq,0,1596169920.109132
CF_Ems_AAFOpenReq,0,1596169920.1665974
CF_Ems_AAFOpenReq,0,1596169920.326601
CF_Ems_AAFOpenReq,0,1596169920.928343
CF_Ems_AAFOpenReq,0,1596169921.3055658
CF_Ems_AAFOpenReq,0,1596169921.325927
CF_Ems_AAFOpenReq,0,1596169921.448424
CF_Ems_AAFOpenReq,0,1596169921.526356
CF_Ems_AAFOpenReq,0,1596169922.128468
CF_Ems_AAFOpenReq,0,1596169922.165704
CF_Ems_AAFOpenReq,0,1596169922.2471929
CF_Ems_AAFOpenReq,0,1596169922.6281052
CF_Ems_AAFOpenReq,0,1596169922.845794
CF_Ems_AAFOpenReq,0,1596169922.90659
CF_Ems_AAFOpenReq,0,1596169922.947567
CF_Ems_AAFOpenReq,0,1596169923.2672029
CF_Ems_AAFOpenReq,0,1596169923.2877572
CF_Ems_AAFOpenReq,0,1596169923.5049212
CF_Ems_AAFOpenReq,0,1596169923.705987
CF_Ems_AAFOpenReq,0,1596169923.8856962
CF_Ems_AAFOpenReq,0,1596169924.0493288
CF_Ems_AAFOpenReq,0,1596169924.06585
CF_Ems_AAFOpenReq,0,1596169924.307334
CF_Ems_AAFOpenReq,0,1596169924.36516
CF_Ems_AAFOpenReq,0,1596169924.7050982
CF_Ems_AAFOpenReq,0,1596169925.0282
CF_Ems_AAFOpenReq,0,1596169925.1470609
CF_Ems_AAFOpenReq,0,1596169925.3067381
CF_Ems_AAFOpenReq,0,1596169925.405834
CF_Ems_AAFOpenReq,0,1596169925.5447738
CF_Ems_AAFOpenReq,0,1596169925.585758
CF_Ems_AAFOpenReq,0,1596169926.064942
CF_Ems_AAFOpenReq,0,1596169926.0856938
CF_Ems_AAFOpenReq,0,1596169926.22839
CF_Ems_AAFOpenReq,0,1596169926.306124
CF_Ems_AAFOpenReq,0,1596169926.388126
CF_Ems_AAFOpenReq,0,1596169926.588768
CF_Ems_AAFOpenReq,0,1596169926.9287126
CF_Ems_AAFOpenReq,0,1596169926.965621
CF_Ems_AAFOpenReq,0,1596169926.986083
CF_Ems_AAFOpenReq,0,1596169927.1461608
CF_Ems_AAFOpenReq,0,1596169927.227708
CF_Ems_AAFOpenReq,0,1596169927.4284182
CF_Ems_AAFOpenReq,0,1596169927.465568
CF_Ems_AAFOpenReq,0,1596169928.145612
CF_Ems_AAFOpenReq,0,1596169928.247472
CF_Ems_AAFOpenReq,0,1596169928.407273
CF_Ems_AAFOpenReq,0,1596169928.607883
CF_Ems_AAFOpenReq,0,1596169928.88654
CF_Ems_AAFOpenReq,0,1596169929.28791
CF_Ems_AAFOpenReq,0,1596169929.586902
CF_Ems_AAFOpenReq,0,1596169929.808011
CF_Ems_AAFOpenReq,0,1596169930.086609
CF_Ems_AAFOpenReq,0,1596169930.1855571
CF_Ems_AAFOpenReq,0,1596169930.2463412
CF_Ems_AAFOpenReq,0,1596169930.56645
CF_Ems_AAFOpenReq,0,1596169930.664433
CF_Ems_AAFOpenReq,0,1596169930.705426
CF_Ems_AAFOpenReq,0,1596169930.7672439
CF_Ems_AAFOpenReq,0,1596169930.807376
CF_Ems_AAFOpenReq,0,1596169931.405652
CF_Ems_AAFOpenReq,0,1596169931.60625
CF_Ems_AAFOpenReq,0,1596169931.6881142
CF_Ems_AAFOpenReq,0,1596169932.204441
CF_Ems_AAFOpenReq,0,1596169932.347366
CF_Ems_AAFOpenReq,0,1596169932.3681722
CF_Ems_AAFOpenReq,0,1596169932.728447
CF_Ems_AAFOpenReq,0,1596169932.8882294
CF_Ems_AAFOpenReq,0,1596169933.0478039
CF_Ems_AAFOpenReq,0,1596169933.3063636
CF_Ems_AAFOpenReq,0,1596169933.3635552
CF_Ems_AAFOpenReq,0,1596169933.466105
CF_Ems_AAFOpenReq,0,1596169933.5885284
CF_Ems_AAFOpenReq,0,1596169933.645947
CF_Ems_AAFOpenReq,0,1596169933.9285212
CF_Ems_AAFOpenReq,0,1596169934.0679212
CF_Ems_AAFOpenReq,0,1596169934.145689
CF_Ems_AAFOpenReq,0,1596169934.227467
CF_Ems_AAFOpenReq,0,1596169934.286093
CF_Ems_AAFOpenReq,0,1596169934.346199
CF_Ems_AAFOpenReq,0,1596169934.587855
CF_Ems_AAFOpenReq,0,1596169934.727096
CF_Ems_AAFOpenReq,0,1596169934.9278011
CF_Ems_AAFOpenReq,0,1596169934.9650831
CF_Ems_AAFOpenReq,0,1596169935.128577
CF_Ems_AAFOpenReq,0,1596169935.185912
CF_Ems_AAFOpenReq,0,1596169935.5260868
CF_Ems_AAFOpenReq,0,1596169935.587378
CF_Ems_AAFOpenReq,0,1596169935.845376
CF_Ems_AAFOpenReq,0,1596169935.98875
CF_Ems_AAFOpenReq,0,1596169936.103915
CF_Ems_AAFOpenReq,0,1596169937.386317
CF_Ems_AAFOpenReq,0,1596169937.627001
CF_Ems_AAFOpenReq,0,1596169937.807086
CF_Ems_AAFOpenReq,0,1596169937.8650892
CF_Ems_AAFOpenReq,0,1596169938.028393
CF_Ems_AAFOpenReq,0,1596169938.0656798
CF_Ems_AAFOpenReq,0,1596169938.1881974
CF_Ems_AAFOpenReq,0,1596169938.245394
CF_Ems_AAFOpenReq,0,1596169938.605886
CF_Ems_AAFOpenReq,0,1596169938.6675892
CF_Ems_AAFOpenReq,0,1596169938.925612
CF_Ems_AAFOpenReq,0,1596169939.347033
CF_Ems_AAFOpenReq,0,1596169939.4254124
CF_Ems_AAFOpenReq,0,1596169939.547824
CF_Ems_AAFOpenReq,0,1596169940.105161
CF_Ems_AAFOpenReq,0,1596169940.224224
CF_Ems_AAFOpenReq,0,1596169940.265054
CF_Ems_AAFOpenReq,0,1596169940.346563
CF_Ems_AAFOpenReq,0,1596169940.428535
CF_Ems_AAFOpenReq,0,1596169940.7478988
CF_Ems_AAFOpenReq,0,1596169941.006012
CF_Ems_AAFOpenReq,0,1596169941.346272
CF_Ems_AAFOpenReq,0,1596169941.485549
CF_Ems_AAFOpenReq,0,1596169941.8254778
CF_Ems_AAFOpenReq,0,1596169942.406656
CF_Ems_AAFOpenReq,0,1596169942.644723
CF_Ems_AAFOpenReq,0,1596169942.72661
CF_Ems_AAFOpenReq,0,1596169942.82861
CF_Ems_AAFOpenReq,0,1596169942.8456311
CF_Ems_AAFOpenReq,0,1596169943.188898
CF_Ems_AAFOpenReq,0,1596169943.5048358
CF_Ems_AAFOpenReq,0,1596169943.705197
CF_Ems_AAFOpenReq,0,1596169944.004508
CF_Ems_AAFOpenReq,0,1596169944.905483
CF_Ems_AAFOpenReq,0,1596169944.926016
CF_Ems_AAFOpenReq,0,1596169945.2456892
CF_Ems_AAFOpenReq,0,1596169945.286134
CF_Ems_AAFOpenReq,0,1596169945.445844
CF_Ems_AAFOpenReq,0,1596169945.94559
CF_Ems_AAFOpenReq,0,1596169946.2653491
CF_Ems_AAFOpenReq,0,1596169946.3848588
CF_Ems_AAFOpenReq,0,1596169946.585459
CF_Ems_AAFOpenReq,0,1596169946.768769
CF_Ems_AAFOpenReq,0,1596169947.2069552
CF_Ems_AAFOpenReq,0,1596169947.4650931
CF_Ems_AAFOpenReq,0,1596169948.0465589
CF_Ems_AAFOpenReq,0,1596169948.3255
CF_Ems_AAFOpenReq,0,1596169948.645217
CF_Ems_AAFOpenReq,0,1596169948.8458269
CF_Ems_AAFOpenReq,0,1596169949.0666518
CF_Ems_AAFOpenReq,0,1596169949.1074274
CF_Ems_AAFOpenReq,0,1596169949.2467232
CF_Ems_AAFOpenReq,0,1596169949.4063966
CF_Ems_AAFOpenReq,0,1596169949.5256948
CF_Ems_AAFOpenReq,0,1596169949.68551
CF_Ems_AAFOpenReq,0,1596169950.4675539
CF_Ems_AAFOpenReq,0,1596169950.745882
CF_Ems_AAFOpenReq,0,1596169951.1267529
CF_Ems_AAFOpenReq,0,1596169951.1849668
CF_Ems_AAFOpenReq,0,1596169951.687864
CF_Ems_AAFOpenReq,0,1596169951.745984
CF_Ems_AAFOpenReq,0,1596169951.88847
CF_Ems_AAFOpenReq,0,1596169952.007295
CF_Ems_AAFOpenReq,0,1596169952.126168
CF_Ems_AAFOpenReq,0,1596169952.326781
CF_Ems_AAFOpenReq,0,1596169952.3851821
CF_Ems_AAFOpenReq,0,1596169952.466283
CF_Ems_AAFOpenReq,0,1596169952.646167
CF_Ems_AAFOpenReq,0,1596169952.765353
CF_Ems_AAFOpenReq,0,1596169953.3056908
CF_Ems_AAFOpenReq,0,1596169953.945039
CF_Ems_AAFOpenReq,0,1596169954.567554
CF_Ems_AAFOpenReq,0,1596169954.845906
CF_Ems_AAFOpenReq,0,1596169954.886694
CF_Ems_AAFOpenReq,0,1596169955.046355
CF_Ems_AAFOpenReq,0,1596169955.107766
CF_Ems_AAFOpenReq,0,1596169955.746737
CF_Ems_AAFOpenReq,0,1596169956.1481018
CF_Ems_AAFOpenReq,0,1596169956.267138
CF_Ems_AAFOpenReq,0,1596169956.304201
CF_Ems_AAFOpenReq,0,1596169956.3453212
CF_Ems_AAFOpenReq,0,1596169956.4268851
CF_Ems_AAFOpenReq,0,1596169956.5454462
CF_Ems_AAFOpenReq,0,1596169956.586427
CF_Ems_AAFOpenReq,0,1596169956.6646302
CF_Ems_AAFOpenReq,0,1596169956.7259562
CF_Ems_AAFOpenReq,0,1596169957.086262
CF_Ems_AAFOpenReq,0,1596169957.987356
CF_Ems_AAFOpenReq,0,1596169958.024318
CF_Ems_AAFOpenReq,0,1596169958.044688
CF_Ems_AAFOpenReq,0,1596169958.2252688
CF_Ems_AAFOpenReq,0,1596169958.364375
CF_Ems_AAFOpenReq,0,1596169958.684902
CF_Ems_AAFOpenReq,0,1596169958.7044609
CF_Ems_AAFOpenReq,0,1596169958.966604
CF_Ems_AAFOpenReq,0,1596169959.0275114
CF_Ems_AAFOpenReq,0,1596169959.085324
CF_Ems_AAFOpenReq,0,1596169959.527201
CF_Ems_AAFOpenReq,0,1596169959.543967
CF_Ems_AAFOpenReq,0,1596169959.6460268
CF_Ems_AAFOpenReq,0,1596169960.026936
CF_Ems_AAFOpenReq,0,1596169960.186718
CF_Ems_AAFOpenReq,0,1596169960.486167
CF_Ems_AAFOpenReq,0,1596169960.5470018
CF_Ems_AAFOpenReq,0,1596169961.005686
CF_Ems_AAFOpenReq,0,1596169961.2273982
CF_Ems_AAFOpenReq,0,1596169961.345721
CF_Ems_AAFOpenReq,0,1596169961.505545
CF_Ems_AAFOpenReq,0,1596169961.546456
CF_Ems_AAFOpenReq,0,1596169962.0054998
CF_Ems_AAFOpenReq,0,1596169962.226462
CF_Ems_AAFOpenReq,0,1596169962.525692
CF_Ems_AAFOpenReq,0,1596169962.68522
CF_Ems_AAFOpenReq,0,1596169962.746527
CF_Ems_AAFOpenReq,0,1596169963.0051632
CF_Ems_AAFOpenReq,0,1596169963.045506
CF_Ems_AAFOpenReq,0,1596169963.3281126
CF_Ems_AAFOpenReq,0,1596169963.446892
CF_Ems_AAFOpenReq,0,1596169963.4851608
CF_Ems_AAFOpenReq,0,1596169964.2865114
CF_Ems_AAFOpenReq,0,1596169964.327486
CF_Ems_AAFOpenReq,0,1596169964.585726
CF_Ems_AAFOpenReq,0,1596169964.8271801
CF_Ems_AAFOpenReq,0,1596169964.847614
CF_Ems_AAFOpenReq,0,1596169965.007283
CF_Ems_AAFOpenReq,0,1596169965.1057131
CF_Ems_AAFOpenReq,0,1596169965.126587
CF_Ems_AAFOpenReq,0,1596169965.146626
CF_Ems_AAFOpenReq,0,1596169965.5442839
CF_Ems_AAFOpenReq,0,1596169965.585561
CF_Ems_AAFOpenReq,0,1596169965.884927
CF_Ems_AAFOpenReq,0,1596169965.904742
CF_Ems_AAFOpenReq,0,1596169966.027343
CF_Ems_AAFOpenReq,0,1596169966.105073
CF_Ems_AAFOpenReq,0,1596169966.1257188
CF_Ems_AAFOpenReq,0,1596169966.2653275
CF_Ems_AAFOpenReq,0,1596169966.785435
CF_Ems_AAFOpenReq,0,1596169967.006133
CF_Ems_AAFOpenReq,0,1596169967.105097
CF_Ems_AAFOpenReq,0,1596169967.2068534
CF_Ems_AAFOpenReq,0,1596169967.4038439
CF_Ems_AAFOpenReq,0,1596169967.428096
CF_Ems_AAFOpenReq,0,1596169967.6046562
CF_Ems_AAFOpenReq,0,1596169967.845779
CF_Ems_AAFOpenReq,0,1596169968.185857
CF_Ems_AAFOpenReq,0,1596169968.304586
CF_Ems_AAFOpenReq,0,1596169968.38648
CF_Ems_AAFOpenReq,0,1596169968.4646242
CF_Ems_AAFOpenReq,0,1596169968.726442
CF_Ems_AAFOpenReq,0,1596169969.726076
CF_Ems_AAFOpenReq,0,1596169969.8655038
CF_Ems_AAFOpenReq,0,1596169969.9468849
CF_Ems_AAFOpenReq,0,1596169970.365344
CF_Ems_AAFOpenReq,0,1596169970.524873
CF_Ems_AAFOpenReq,0,1596169970.9258971
CF_Ems_AAFOpenReq,0,1596169971.065614
CF_Ems_AAFOpenReq,0,1596169971.364487
CF_Ems_AAFOpenReq,0,1596169971.5444422
CF_Ems_AAFOpenReq,0,1596169971.847243
CF_Ems_AAFOpenReq,0,1596169971.905056
CF_Ems_AAFOpenReq,0,1596169971.945663
CF_Ems_AAFOpenReq,0,1596169972.027675
CF_Ems_AAFOpenReq,0,1596169972.1054158
CF_Ems_AAFOpenReq,0,1596169972.306657
CF_Ems_AAFOpenReq,0,1596169972.347095
CF_Ems_AAFOpenReq,0,1596169972.887658
CF_Ems_AAFOpenReq,0,1596169973.207158
CF_Ems_AAFOpenReq,0,1596169973.3672562
CF_Ems_AAFOpenReq,0,1596169973.666188
CF_Ems_AAFOpenReq,0,1596169973.744113
CF_Ems_AAFOpenReq,0,1596169973.985703
CF_Ems_AAFOpenReq,0,1596169974.067598
CF_Ems_AAFOpenReq,0,1596169974.206491
CF_Ems_AAFOpenReq,0,1596169974.3053892
CF_Ems_AAFOpenReq,0,1596169974.4648774
CF_Ems_AAFOpenReq,0,1596169974.686121
CF_Ems_AAFOpenReq,0,1596169974.7062528
CF_Ems_AAFOpenReq,0,1596169974.7641046
CF_Ems_AAFOpenReq,0,1596169974.9273882
CF_Ems_AAFOpenReq,0,1596169975.066825
CF_Ems_AAFOpenReq,0,1596169975.1243849
CF_Ems_AAFOpenReq,0,1596169975.267519
CF_Ems_AAFOpenReq,0,1596169975.607293
CF_Ems_AAFOpenReq,0,1596169975.7465348
CF_Ems_AAFOpenReq,0,1596169975.8657851
CF_Ems_AAFOpenReq,0,1596169977.1063778
CF_Ems_AAFOpenReq,0,1596169977.385976
CF_Ems_AAFOpenReq,0,1596169977.545133
CF_Ems_AAFOpenReq,0,1596169977.626564
CF_Ems_AAFOpenReq,0,1596169977.966845
CF_Ems_AAFOpenReq,0,1596169978.044889
CF_Ems_AAFOpenReq,0,1596169978.4866636
CF_Ems_AAFOpenReq,0,1596169978.5649931
CF_Ems_AAFOpenReq,0,1596169978.728343
CF_Ems_AAFOpenReq,0,1596169978.8849401
CF_Ems_AAFOpenReq,0,1596169979.3635774
CF_Ems_AAFOpenReq,0,1596169979.445457
CF_Ems_AAFOpenReq,0,1596169979.727788
CF_Ems_AAFOpenReq,0,1596169979.9452019
CF_Ems_AAFOpenReq,0,1596169980.284797
CF_Ems_AAFOpenReq,0,1596169980.305161
CF_Ems_AAFOpenReq,0,1596169980.743945
CF_Ems_AAFOpenReq,0,1596169981.0672839
CF_Ems_AAFOpenReq,0,1596169981.226841
CF_Ems_AAFOpenReq,0,1596169981.2640474
CF_Ems_AAFOpenReq,0,1596169981.345657
CF_Ems_AAFOpenReq,0,1596169981.485261
CF_Ems_AAFOpenReq,0,1596169981.567009
CF_Ems_AAFOpenReq,0,1596169981.6856296
CF_Ems_AAFOpenReq,0,1596169982.24654
CF_Ems_AAFOpenReq,0,1596169982.304654
CF_Ems_AAFOpenReq,0,1596169982.365486
CF_Ems_AAFOpenReq,0,1596169982.4473312
CF_Ems_AAFOpenReq,0,1596169982.525526
CF_Ems_AAFOpenReq,0,1596169982.6069794
CF_Ems_AAFOpenReq,0,1596169982.767146
CF_Ems_AAFOpenReq,0,1596169982.984962
CF_Ems_AAFOpenReq,0,1596169983.266687
CF_Ems_AAFOpenReq,0,1596169984.126534
CF_Ems_AAFOpenReq,0,1596169984.6058626
CF_Ems_AAFOpenReq,0,1596169984.62625
CF_Ems_AAFOpenReq,0,1596169984.806418
CF_Ems_AAFOpenReq,0,1596169984.904799
CF_Ems_AAFOpenReq,0,1596169985.1873071
CF_Ems_AAFOpenReq,0,1596169985.2857141
CF_Ems_AAFOpenReq,0,1596169985.8263562
CF_Ems_AAFOpenReq,0,1596169985.945129
CF_Ems_AAFOpenReq,0,1596169986.264787
CF_Ems_AAFOpenReq,0,1596169986.3841279
CF_Ems_AAFOpenReq,0,1596169986.5061948
CF_Ems_AAFOpenReq,0,1596169986.645601
CF_Ems_AAFOpenReq,0,1596169986.706951
CF_Ems_AAFOpenReq,0,1596169986.924374
CF_Ems_AAFOpenReq,0,1596169987.005874
CF_Ems_AAFOpenReq,0,1596169987.0263839
CF_Ems_AAFOpenReq,0,1596169987.4647849
CF_Ems_AAFOpenReq,0,1596169987.825084
CF_Ems_AAFOpenReq,0,1596169987.866299
CF_Ems_AAFOpenReq,0,1596169988.06707
CF_Ems_AAFOpenReq,0,1596169988.386374
CF_Ems_AAFOpenReq,0,1596169988.5459476
CF_Ems_AAFOpenReq,0,1596169988.587085
CF_Ems_AAFOpenReq,0,1596169989.1070302
CF_Ems_AAFOpenReq,0,1596169989.1441052
CF_Ems_AAFOpenReq,0,1596169989.267106
CF_Ems_AAFOpenReq,0,1596169989.287304
CF_Ems_AAFOpenReq,0,1596169989.3448892
CF_Ems_AAFOpenReq,0,1596169989.484576
CF_Ems_AAFOpenReq,0,1596169989.9057634
CF_Ems_AAFOpenReq,0,1596169989.946655
CF_Ems_AAFOpenReq,0,1596169990.0044038
CF_Ems_AAFOpenReq,0,1596169990.168065
CF_Ems_AAFOpenReq,0,1596169990.4873278
CF_Ems_AAFOpenReq,0,1596169991.0853894
CF_Ems_AAFOpenReq,0,1596169991.126379
CF_Ems_AAFOpenReq,0,1596169991.16359
CF_Ems_AAFOpenReq,0,1596169992.16709
CF_Ems_AAFOpenReq,0,1596169992.346817
CF_Ems_AAFOpenReq,0,1596169992.543943
CF_Ems_AAFOpenReq,0,1596169992.585002
CF_Ems_AAFOpenReq,0,1596169992.645786
CF_Ems_AAFOpenReq,0,1596169992.6870024
CF_Ems_AAFOpenReq,0,1596169992.82604
CF_Ems_AAFOpenReq,0,1596169992.9043
CF_Ems_AAFOpenReq,0,1596169993.1662998
CF_Ems_AAFOpenReq,0,1596169993.367135
CF_Ems_AAFOpenReq,0,1596169993.903893
CF_Ems_AAFOpenReq,0,1596169994.5259788
CF_Ems_AAFOpenReq,0,1596169994.9272351
CF_Ems_AAFOpenReq,0,1596169995.045891
CF_Ems_AAFOpenReq,0,1596169995.0667439
CF_Ems_AAFOpenReq,0,1596169995.2876859
CF_Ems_AAFOpenReq,0,1596169995.42694
CF_Ems_AAFOpenReq,0,1596169995.5456529
CF_Ems_AAFOpenReq,0,1596169995.566459
CF_Ems_AAFOpenReq,0,1596169995.685149
CF_Ems_AAFOpenReq,0,1596169995.725891
CF_Ems_AAFOpenReq,0,1596169995.7670634
CF_Ems_AAFOpenReq,0,1596169995.78417
CF_Ems_AAFOpenReq,0,1596169995.963967
CF_Ems_AAFOpenReq,0,1596169996.0456474
CF_Ems_AAFOpenReq,0,1596169996.205035
CF_Ems_AAFOpenReq,0,1596169996.3038578
CF_Ems_AAFOpenReq,0,1596169996.504707
CF_Ems_AAFOpenReq,0,1596169996.565678
CF_Ems_AAFOpenReq,0,1596169996.7049556
CF_Ems_AAFOpenReq,0,1596169996.787061
CF_Ems_AAFOpenReq,0,1596169996.8240821
CF_Ems_AAFOpenReq,0,1596169996.9464908
CF_Ems_AAFOpenReq,0,1596169996.984321
CF_Ems_AAFOpenReq,0,1596169997.0449226
CF_Ems_AAFOpenReq,0,1596169997.1267142
CF_Ems_AAFOpenReq,0,1596169997.1470652
CF_Ems_AAFOpenReq,0,1596169997.1845374
CF_Ems_AAFOpenReq,0,1596169997.3442721
CF_Ems_AAFOpenReq,0,1596169997.483886
CF_Ems_AAFOpenReq,0,1596169997.786058
CF_Ems_AAFOpenReq,0,1596169997.843837
CF_Ems_AAFOpenReq,0,1596169997.864373
CF_Ems_AAFOpenReq,0,1596169998.085202
CF_Ems_AAFOpenReq,0,1596169998.167618
CF_Ems_AAFOpenReq,0,1596169998.245003
CF_Ems_AAFOpenReq,0,1596169998.306186
CF_Ems_AAFOpenReq,0,1596169998.32685
CF_Ems_AAFOpenReq,0,1596169998.5036368
CF_Ems_AAFOpenReq,0,1596169998.687076
CF_Ems_AAFOpenReq,0,1596169998.904934
CF_Ems_AAFOpenReq,0,1596169998.9451811
CF_Ems_AAFOpenReq,0,1596169999.82579
CF_Ems_AAFOpenReq,0,1596169999.9040158
CF_Ems_AAFOpenReq,0,1596169999.985672
CF_Ems_AAFOpenReq,0,1596170000.227272
CF_Ems_AAFOpenReq,0,1596170000.264729
CF_Ems_AAFOpenReq,0,1596170000.305068
CF_Ems_AAFOpenReq,0,1596170000.3871698
CF_Ems_AAFOpenReq,0,1596170000.4039462
CF_Ems_AAFOpenReq,0,1596170000.845711
CF_Ems_AAFOpenReq,0,1596170001.36604
CF_Ems_AAFOpenReq,0,1596170001.423769
CF_Ems_AAFOpenReq,0,1596170002.0256839
CF_Ems_AAFOpenReq,0,1596170002.0666099
CF_Ems_AAFOpenReq,0,1596170002.225857
CF_Ems_AAFOpenReq,0,1596170002.824348
CF_Ems_AAFOpenReq,0,1596170002.9467864
CF_Ems_AAFOpenReq,0,1596170003.0249212
CF_Ems_AAFOpenReq,0,1596170003.045193
CF_Ems_AAFOpenReq,0,1596170003.2458508
CF_Ems_AAFOpenReq,0,1596170003.3239589
CF_Ems_AAFOpenReq,0,1596170003.3655858
CF_Ems_AAFOpenReq,0,1596170003.484051
CF_Ems_AAFOpenReq,0,1596170003.5448642
CF_Ems_AAFOpenReq,0,1596170003.7250562
CF_Ems_AAFOpenReq,0,1596170003.987322
CF_Ems_AAFOpenReq,0,1596170004.1059
CF_Ems_AAFOpenReq,0,1596170004.146815
CF_Ems_AAFOpenReq,0,1596170004.204344
CF_Ems_AAFOpenReq,0,1596170004.6464891
CF_Ems_AAFOpenReq,0,1596170004.884563
CF_Ems_AAFOpenReq,0,1596170005.1462169
CF_Ems_AAFOpenReq,0,1596170005.425169
CF_Ems_AAFOpenReq,0,1596170005.7853088
CF_Ems_AAFOpenReq,0,1596170005.863741
CF_Ems_AAFOpenReq,0,1596170005.90418
CF_Ems_AAFOpenReq,0,1596170006.207024
CF_Ems_AAFOpenReq,0,1596170006.8051538
CF_Ems_AAFOpenReq,0,1596170006.904032
CF_Ems_AAFOpenReq,0,1596170007.063442
CF_Ems_AAFOpenReq,0,1596170007.1450438
CF_Ems_AAFOpenReq,0,1596170007.284308
CF_Ems_AAFOpenReq,0,1596170007.4850726
CF_Ems_AAFOpenReq,0,1596170007.6039832
CF_Ems_AAFOpenReq,0,1596170007.7265868
CF_Ems_AAFOpenReq,0,1596170007.845425
CF_Ems_AAFOpenReq,0,1596170008.304238
CF_Ems_AAFOpenReq,0,1596170008.324995
CF_Ems_AAFOpenReq,0,1596170008.7464788
CF_Ems_AAFOpenReq,0,1596170008.9267476
CF_Ems_AAFOpenReq,0,1596170009.0044901
CF_Ems_AAFOpenReq,0,1596170009.266835
CF_Ems_AAFOpenReq,0,1596170009.5451288
CF_Ems_AAFOpenReq,0,1596170009.705
CF_Ems_AAFOpenReq,0,1596170009.7458072
CF_Ems_AAFOpenReq,0,1596170009.885309
CF_Ems_AAFOpenReq,0,1596170010.004457
CF_Ems_AAFOpenReq,0,1596170010.143667
CF_Ems_AAFOpenReq,0,1596170010.5244422
CF_Ems_AAFOpenReq,0,1596170010.8646138
CF_Ems_AAFOpenReq,0,1596170010.94592
CF_Ems_AAFOpenReq,0,1596170011.163336
CF_Ems_AAFOpenReq,0,1596170011.203972
CF_Ems_AAFOpenReq,0,1596170011.306247
CF_Ems_AAFOpenReq,0,1596170011.445674
CF_Ems_AAFOpenReq,0,1596170011.7855961
CF_Ems_AAFOpenReq,0,1596170011.94529
CF_Ems_AAFOpenReq,0,1596170012.3262491
CF_Ems_AAFOpenReq,0,1596170012.764585
CF_Ems_AAFOpenReq,0,1596170012.965364
CF_Ems_AAFOpenReq,0,1596170013.166101
CF_Ems_AAFOpenReq,0,1596170013.247665
CF_Ems_AAFOpenReq,0,1596170013.645061
CF_Ems_AAFOpenReq,0,1596170013.6860766
CF_Ems_AAFOpenReq,0,1596170013.8457801
CF_Ems_AAFOpenReq,0,1596170014.104032
CF_Ems_AAFOpenReq,0,1596170014.243513
CF_Ems_AAFOpenReq,0,1596170014.4273279
CF_Ems_AAFOpenReq,0,1596170014.6041136
CF_Ems_AAFOpenReq,0,1596170014.963948
CF_Ems_AAFOpenReq,0,1596170015.5865972
CF_Ems_AAFOpenReq,0,1596170015.647831
CF_Ems_AAFOpenReq,0,1596170015.74612
CF_Ems_AAFOpenReq,0,1596170015.824385
CF_Ems_AAFOpenReq,0,1596170015.8651938
CF_Ems_AAFOpenReq,0,1596170016.024694
CF_Ems_AAFOpenReq,0,1596170016.483871
CF_Ems_AAFOpenReq,0,1596170016.7663288
CF_Ems_AAFOpenReq,0,1596170017.106024
CF_Ems_AAFOpenReq,0,1596170017.126559
CF_Ems_AAFOpenReq,0,1596170017.483916
CF_Ems_AAFOpenReq,0,1596170017.626127
CF_Ems_AAFOpenReq,0,1596170017.785921
CF_Ems_AAFOpenReq,0,1596170017.806282
CF_Ems_AAFOpenReq,0,1596170017.9455614
CF_Ems_AAFOpenReq,0,1596170018.383939
CF_Ems_AAFOpenReq,0,1596170018.8430939
CF_Ems_AAFOpenReq,0,1596170018.904417
CF_Ems_AAFOpenReq,0,1596170019.043873
CF_Ems_AAFOpenReq,0,1596170019.227666
CF_Ems_AAFOpenReq,0,1596170019.563977
CF_Ems_AAFOpenReq,0,1596170020.3664641
CF_Ems_AAFOpenReq,0,1596170021.1035109
CF_Ems_AAFOpenReq,0,1596170021.243212
CF_Ems_AAFOpenReq,0,1596170021.284441
CF_Ems_AAFOpenReq,0,1596170021.386115
CF_Ems_AAFOpenReq,0,1596170021.627676
CF_Ems_AAFOpenReq,0,1596170021.664816
CF_Ems_AAFOpenReq,0,1596170021.705657
CF_Ems_AAFOpenReq,0,1596170022.365315
CF_Ems_AAFOpenReq,0,1596170022.463833
CF_Ems_AAFOpenReq,0,1596170022.5452118
CF_Ems_AAFOpenReq,0,1596170022.885283
CF_Ems_AAFOpenReq,0,1596170023.004164
CF_Ems_AAFOpenReq,0,1596170023.126982
CF_Ems_AAFOpenReq,0,1596170023.503985
CF_Ems_AAFOpenReq,0,1596170024.1635
CF_Ems_AAFOpenReq,0,1596170024.265589
CF_Ems_AAFOpenReq,0,1596170025.023633
CF_Ems_AAFOpenReq,0,1596170025.084712
CF_Ems_AAFOpenReq,0,1596170025.1460161
CF_Ems_AAFOpenReq,0,1596170025.20386
CF_Ems_AAFOpenReq,0,1596170025.227873
CF_Ems_AAFOpenReq,0,1596170025.2854214
CF_Ems_AAFOpenReq,0,1596170025.5843544
CF_Ems_AAFOpenReq,0,1596170026.04373
CF_Ems_AAFOpenReq,0,1596170026.104567
CF_Ems_AAFOpenReq,0,1596170026.325579
CF_Ems_AAFOpenReq,0,1596170026.4075599
CF_Ems_AAFOpenReq,0,1596170026.7065651
CF_Ems_AAFOpenReq,0,1596170026.8253279
CF_Ems_AAFOpenReq,0,1596170026.8837252
CF_Ems_AAFOpenReq,0,1596170027.0055866
CF_Ems_AAFOpenReq,0,1596170027.083909
CF_Ems_AAFOpenReq,0,1596170027.9236
CF_Ems_AAFOpenReq,0,1596170028.5661774
CF_Ems_AAFOpenReq,0,1596170028.783924
CF_Ems_AAFOpenReq,0,1596170028.9636748
CF_Ems_AAFOpenReq,0,1596170029.06599
CF_Ems_AAFOpenReq,0,1596170029.385396
CF_Ems_AAFOpenReq,0,1596170029.4837918
CF_Ems_AAFOpenReq,0,1596170029.843945
CF_Ems_AAFOpenReq,0,1596170030.343759
CF_Ems_AAFOpenReq,0,1596170030.445956
CF_Ems_AAFOpenReq,0,1596170030.503684
CF_Ems_AAFOpenReq,0,1596170030.646605
CF_Ems_AAFOpenReq,0,1596170030.843824
CF_Ems_AAFOpenReq,0,1596170031.163306
CF_Ems_AAFOpenReq,0,1596170031.2654002
CF_Ems_AAFOpenReq,0,1596170031.466207
CF_Ems_AAFOpenReq,0,1596170031.8263009
CF_Ems_AAFOpenReq,0,1596170032.0640142
CF_Ems_AAFOpenReq,0,1596170032.0844462
CF_Ems_AAFOpenReq,0,1596170032.145719
CF_Ems_AAFOpenReq,0,1596170032.264742
CF_Ems_AAFOpenReq,0,1596170033.083793
CF_Ems_AAFOpenReq,0,1596170033.4852412
CF_Ems_AAFOpenReq,0,1596170033.92368
CF_Ems_AAFOpenReq,0,1596170033.9644349
CF_Ems_AAFOpenReq,0,1596170034.005399
CF_Ems_AAFOpenReq,0,1596170034.025776
CF_Ems_AAFOpenReq,0,1596170034.2839394
CF_Ems_AAFOpenReq,0,1596170034.464127
CF_Ems_AAFOpenReq,0,1596170034.886067
CF_Ems_AAFOpenReq,0,1596170035.4060988
CF_Ems_AAFOpenReq,0,1596170035.463649
CF_Ems_AAFOpenReq,0,1596170035.5043788
CF_Ems_AAFOpenReq,0,1596170035.52479
CF_Ems_AAFOpenReq,0,1596170035.6440961
CF_Ems_AAFOpenReq,0,1596170036.024996
CF_Ems_AAFOpenReq,0,1596170036.1064024
CF_Ems_AAFOpenReq,0,1596170036.4054568
CF_Ems_AAFOpenReq,0,1596170036.425865
CF_Ems_AAFOpenReq,0,1596170036.6840694
CF_Ems_AAFOpenReq,0,1596170036.725059
CF_Ems_AAFOpenReq,0,1596170036.7832868
CF_Ems_AAFOpenReq,0,1596170036.8031318
CF_Ems_AAFOpenReq,0,1596170036.843777
CF_Ems_AAFOpenReq,0,1596170037.204104
CF_Ems_AAFOpenReq,0,1596170037.3030589
CF_Ems_AAFOpenReq,0,1596170037.3852742
CF_Ems_AAFOpenReq,0,1596170037.8436642
CF_Ems_AAFOpenReq,0,1596170038.0644329
CF_Ems_AAFOpenReq,0,1596170038.105174
CF_Ems_AAFOpenReq,0,1596170038.12558
CF_Ems_AAFOpenReq,0,1596170038.265124
CF_Ems_AAFOpenReq,0,1596170038.625345
CF_Ems_AAFOpenReq,0,1596170038.6867461
CF_Ems_AAFOpenReq,0,1596170038.924449
CF_Ems_AAFOpenReq,0,1596170039.145561
CF_Ems_AAFOpenReq,0,1596170039.223652
CF_Ems_AAFOpenReq,0,1596170039.363086
CF_Ems_AAFOpenReq,0,1596170039.505836
CF_Ems_AAFOpenReq,0,1596170039.825401
CF_Ems_AAFOpenReq,0,1596170039.886805
CF_Ems_AAFOpenReq,0,1596170040.144904
CF_Ems_AAFOpenReq,0,1596170040.165619
CF_Ems_AAFOpenReq,0,1596170040.66515
CF_Ems_AAFOpenReq,0,1596170041.144317
CF_Ems_AAFOpenReq,0,1596170041.1853828
CF_Ems_AAFOpenReq,0,1596170041.304204
CF_Ems_AAFOpenReq,0,1596170041.504713
CF_Ems_AAFOpenReq,0,1596170041.525308
CF_Ems_AAFOpenReq,0,1596170041.824646
CF_Ems_AAFOpenReq,0,1596170041.963943
CF_Ems_AAFOpenReq,0,1596170042.066116
CF_Ems_AAFOpenReq,0,1596170042.324207
CF_Ems_AAFOpenReq,0,1596170042.4631932
CF_Ems_AAFOpenReq,0,1596170042.663924
CF_Ems_AAFOpenReq,0,1596170042.844072
CF_Ems_AAFOpenReq,0,1596170043.085574
CF_Ems_AAFOpenReq,0,1596170043.143563
CF_Ems_AAFOpenReq,0,1596170043.5853279
CF_Ems_AAFOpenReq,0,1596170043.786193
CF_Ems_AAFOpenReq,0,1596170043.904768
CF_Ems_AAFOpenReq,0,1596170044.064811
CF_Ems_AAFOpenReq,0,1596170044.302818
CF_Ems_AAFOpenReq,0,1596170044.322992
CF_Ems_AAFOpenReq,0,1596170044.4045231
CF_Ems_AAFOpenReq,0,1596170044.5850172
CF_Ems_AAFOpenReq,0,1596170044.646062
CF_Ems_AAFOpenReq,0,1596170044.785474
CF_Ems_AAFOpenReq,0,1596170044.80586
CF_Ems_AAFOpenReq,0,1596170045.264916
CF_Ems_AAFOpenReq,0,1596170045.28526
CF_Ems_AAFOpenReq,0,1596170045.465802
CF_Ems_AAFOpenReq,0,1596170045.805235
CF_Ems_AAFOpenReq,0,1596170045.846116
CF_Ems_AAFOpenReq,0,1596170046.0264869
CF_Ems_AAFOpenReq,0,1596170046.1451619
CF_Ems_AAFOpenReq,0,1596170046.202965
CF_Ems_AAFOpenReq,0,1596170046.325591
CF_Ems_AAFOpenReq,0,1596170046.8047206
CF_Ems_AAFOpenReq,0,1596170046.964758
CF_Ems_AAFOpenReq,0,1596170047.005238
CF_Ems_AAFOpenReq,0,1596170047.7635212
CF_Ems_AAFOpenReq,0,1596170048.566078
CF_Ems_AAFOpenReq,0,1596170048.885385
CF_Ems_AAFOpenReq,0,1596170049.083327
CF_Ems_AAFOpenReq,0,1596170049.123476
CF_Ems_AAFOpenReq,0,1596170049.6267118
CF_Ems_AAFOpenReq,0,1596170049.663753
CF_Ems_AAFOpenReq,0,1596170049.766284
CF_Ems_AAFOpenReq,0,1596170050.204124
CF_Ems_AAFOpenReq,0,1596170050.3644722
CF_Ems_AAFOpenReq,0,1596170050.4048488
CF_Ems_AAFOpenReq,0,1596170050.483312
CF_Ems_AAFOpenReq,0,1596170050.544468
CF_Ems_AAFOpenReq,0,1596170050.7655704
CF_Ems_AAFOpenReq,0,1596170050.8026292
CF_Ems_AAFOpenReq,0,1596170051.0033472
CF_Ems_AAFOpenReq,0,1596170051.142603
CF_Ems_AAFOpenReq,0,1596170051.3265011
CF_Ems_AAFOpenReq,0,1596170051.72412
CF_Ems_AAFOpenReq,0,1596170051.8430011
CF_Ems_AAFOpenReq,0,1596170051.924423
CF_Ems_AAFOpenReq,0,1596170052.063812
CF_Ems_AAFOpenReq,0,1596170052.485766
CF_Ems_AAFOpenReq,0,1596170052.7029364
CF_Ems_AAFOpenReq,0,1596170052.9033382
CF_Ems_AAFOpenReq,0,1596170052.985178
CF_Ems_AAFOpenReq,0,1596170053.1040132
CF_Ems_AAFOpenReq,0,1596170053.165778
CF_Ems_AAFOpenReq,0,1596170053.3251672
CF_Ems_AAFOpenReq,0,1596170053.4645429
CF_Ems_AAFOpenReq,0,1596170053.563193
CF_Ems_AAFOpenReq,0,1596170053.9237769
CF_Ems_AAFOpenReq,0,1596170054.226294
CF_Ems_AAFOpenReq,0,1596170054.402955
CF_Ems_AAFOpenReq,0,1596170055.103075
CF_Ems_AAFOpenReq,0,1596170055.3444412
CF_Ems_AAFOpenReq,0,1596170055.8236642
CF_Ems_AAFOpenReq,0,1596170056.34387
CF_Ems_AAFOpenReq,0,1596170056.384782
CF_Ems_AAFOpenReq,0,1596170056.823398
CF_Ems_AAFOpenReq,0,1596170056.966391
CF_Ems_AAFOpenReq,0,1596170057.023689
CF_Ems_AAFOpenReq,0,1596170057.183816
CF_Ems_AAFOpenReq,0,1596170057.503315
CF_Ems_AAFOpenReq,0,1596170057.544152
CF_Ems_AAFOpenReq,0,1596170057.924769
CF_Ems_AAFOpenReq,0,1596170058.0436401
CF_Ems_AAFOpenReq,0,1596170058.1255438
CF_Ems_AAFOpenReq,0,1596170058.2241962
CF_Ems_AAFOpenReq,0,1596170058.604633
CF_Ems_AAFOpenReq,0,1596170058.965524
CF_Ems_AAFOpenReq,0,1596170059.1044009
CF_Ems_AAFOpenReq,0,1596170059.345943
CF_Ems_AAFOpenReq,0,1596170059.6040711
CF_Ems_AAFOpenReq,0,1596170059.723232
CF_Ems_AAFOpenReq,0,1596170059.8625126
CF_Ems_AAFOpenReq,0,1596170059.8829849
CF_Ems_AAFOpenReq,0,1596170059.90371
CF_Ems_AAFOpenReq,0,1596170060.1826508
CF_Ems_AAFOpenReq,0,1596170060.264369
CF_Ems_AAFOpenReq,0,1596170060.383219
CF_Ems_AAFOpenReq,0,1596170060.4031591
CF_Ems_AAFOpenReq,0,1596170061.7257118
CF_Ems_AAFOpenReq,0,1596170061.76659
CF_Ems_AAFOpenReq,0,1596170062.1233552
CF_Ems_AAFOpenReq,0,1596170062.242034
CF_Ems_AAFOpenReq,0,1596170062.4261286
CF_Ems_AAFOpenReq,0,1596170062.6062331
CF_Ems_AAFOpenReq,0,1596170062.663718
CF_Ems_AAFOpenReq,0,1596170062.905343
CF_Ems_AAFOpenReq,0,1596170063.102253
CF_Ems_AAFOpenReq,0,1596170063.582294
CF_Ems_AAFOpenReq,0,1596170063.782709
CF_Ems_AAFOpenReq,0,1596170064.343426
CF_Ems_AAFOpenReq,0,1596170064.6831622
CF_Ems_AAFOpenReq,0,1596170064.785253
CF_Ems_AAFOpenReq,0,1596170064.822423
CF_Ems_AAFOpenReq,0,1596170064.904138
CF_Ems_AAFOpenReq,0,1596170064.9245498
CF_Ems_AAFOpenReq,0,1596170065.3259342
CF_Ems_AAFOpenReq,0,1596170065.4655626
CF_Ems_AAFOpenReq,0,1596170065.8629918
CF_Ems_AAFOpenReq,0,1596170065.944358
CF_Ems_AAFOpenReq,0,1596170066.022624
CF_Ems_AAFOpenReq,0,1596170066.2639391
CF_Ems_AAFOpenReq,0,1596170066.9644759
CF_Ems_AAFOpenReq,0,1596170067.124259
CF_Ems_AAFOpenReq,0,1596170067.28379
CF_Ems_AAFOpenReq,0,1596170067.361904
CF_Ems_AAFOpenReq,0,1596170067.4641721
CF_Ems_AAFOpenReq,0,1596170067.484606
CF_Ems_AAFOpenReq,0,1596170067.525331
CF_Ems_AAFOpenReq,0,1596170067.943247
CF_Ems_AAFOpenReq,0,1596170068.1237152
CF_Ems_AAFOpenReq,0,1596170068.70487
CF_Ems_AAFOpenReq,0,1596170068.8039072
CF_Ems_AAFOpenReq,0,1596170068.963137
CF_Ems_AAFOpenReq,0,1596170069.2046869
CF_Ems_AAFOpenReq,0,1596170069.343914
CF_Ems_AAFOpenReq,0,1596170069.5245068
CF_Ems_AAFOpenReq,0,1596170069.745194
CF_Ems_AAFOpenReq,0,1596170069.7621038
CF_Ems_AAFOpenReq,0,1596170069.86405
CF_Ems_AAFOpenReq,0,1596170070.4624028
CF_Ems_AAFOpenReq,0,1596170070.5031571
CF_Ems_AAFOpenReq,0,1596170070.9862132
CF_Ems_AAFOpenReq,0,1596170071.043741
CF_Ems_AAFOpenReq,0,1596170071.2443242
CF_Ems_AAFOpenReq,0,1596170071.326315
CF_Ems_AAFOpenReq,0,1596170071.543589
CF_Ems_AAFOpenReq,0,1596170071.6047099
CF_Ems_AAFOpenReq,0,1596170071.682936
CF_Ems_AAFOpenReq,0,1596170071.703105
CF_Ems_AAFOpenReq,0,1596170072.002667
CF_Ems_AAFOpenReq,0,1596170072.203151
CF_Ems_AAFOpenReq,0,1596170072.3629088
CF_Ems_AAFOpenReq,0,1596170072.505814
CF_Ems_AAFOpenReq,0,1596170072.944097
CF_Ems_AAFOpenReq,0,1596170073.124658
CF_Ems_AAFOpenReq,0,1596170073.165424
CF_Ems_AAFOpenReq,0,1596170073.5630212
CF_Ems_AAFOpenReq,0,1596170073.9438
CF_Ems_AAFOpenReq,0,1596170073.9844851
CF_Ems_AAFOpenReq,0,1596170074.103258
CF_Ems_AAFOpenReq,0,1596170074.1441472
CF_Ems_AAFOpenReq,0,1596170074.70519
CF_Ems_AAFOpenReq,0,1596170074.783134
CF_Ems_AAFOpenReq,0,1596170075.164332
CF_Ems_AAFOpenReq,0,1596170076.0445306
CF_Ems_AAFOpenReq,0,1596170076.10608
CF_Ems_AAFOpenReq,0,1596170076.245325
CF_Ems_AAFOpenReq,0,1596170077.085075
CF_Ems_AAFOpenReq,0,1596170077.163458
CF_Ems_AAFOpenReq,0,1596170077.343068
CF_Ems_AAFOpenReq,0,1596170078.0437632
CF_Ems_AAFOpenReq,0,1596170078.166249
CF_Ems_AAFOpenReq,0,1596170079.00228
CF_Ems_AAFOpenReq,0,1596170079.083774
CF_Ems_AAFOpenReq,0,1596170079.243816
CF_Ems_AAFOpenReq,0,1596170079.284436
CF_Ems_AAFOpenReq,0,1596170079.3867161
CF_Ems_AAFOpenReq,0,1596170079.4033859
CF_Ems_AAFOpenReq,0,1596170079.4236786
CF_Ems_AAFOpenReq,0,1596170079.5834448
CF_Ems_AAFOpenReq,0,1596170079.902874
CF_Ems_AAFOpenReq,0,1596170079.9439206
CF_Ems_AAFOpenReq,0,1596170080.063009
CF_Ems_AAFOpenReq,0,1596170080.1825652
CF_Ems_AAFOpenReq,0,1596170080.222987
CF_Ems_AAFOpenReq,0,1596170080.2639546
CF_Ems_AAFOpenReq,0,1596170080.304204
CF_Ems_AAFOpenReq,0,1596170080.361984
CF_Ems_AAFOpenReq,0,1596170080.804014
CF_Ems_AAFOpenReq,0,1596170081.143934
CF_Ems_AAFOpenReq,0,1596170081.165345
CF_Ems_AAFOpenReq,0,1596170081.3444886
CF_Ems_AAFOpenReq,0,1596170081.504418
CF_Ems_AAFOpenReq,0,1596170081.582485
CF_Ems_AAFOpenReq,0,1596170081.684545
CF_Ems_AAFOpenReq,0,1596170082.065425
CF_Ems_AAFOpenReq,0,1596170082.4258912
CF_Ems_AAFOpenReq,0,1596170082.503681
CF_Ems_AAFOpenReq,0,1596170082.524258
CF_Ems_AAFOpenReq,0,1596170082.663637
CF_Ems_AAFOpenReq,0,1596170082.7415938
CF_Ems_AAFOpenReq,0,1596170083.1632109
CF_Ems_AAFOpenReq,0,1596170083.683318
CF_Ems_AAFOpenReq,0,1596170084.163009
CF_Ems_AAFOpenReq,0,1596170084.223896
CF_Ems_AAFOpenReq,0,1596170084.343091
CF_Ems_AAFOpenReq,0,1596170084.523212
CF_Ems_AAFOpenReq,0,1596170084.625442
CF_Ems_AAFOpenReq,0,1596170084.6421704
CF_Ems_AAFOpenReq,0,1596170084.9824011
CF_Ems_AAFOpenReq,0,1596170085.02669
CF_Ems_AAFOpenReq,0,1596170085.5839472
CF_Ems_AAFOpenReq,0,1596170085.624759
CF_Ems_AAFOpenReq,0,1596170086.202641
CF_Ems_AAFOpenReq,0,1596170086.362329
CF_Ems_AAFOpenReq,0,1596170087.025547
CF_Ems_AAFOpenReq,0,1596170087.165215
CF_Ems_AAFOpenReq,0,1596170087.3244412
CF_Ems_AAFOpenReq,0,1596170087.382777
CF_Ems_AAFOpenReq,0,1596170087.541895
CF_Ems_AAFOpenReq,0,1596170087.705303
CF_Ems_AAFOpenReq,0,1596170087.8446221
CF_Ems_AAFOpenReq,0,1596170087.882717
CF_Ems_AAFOpenReq,0,1596170087.9429178
CF_Ems_AAFOpenReq,0,1596170087.984106
CF_Ems_AAFOpenReq,0,1596170088.205009
CF_Ems_AAFOpenReq,0,1596170088.2628288
CF_Ems_AAFOpenReq,0,1596170088.7421708
CF_Ems_AAFOpenReq,0,1596170088.803355
CF_Ems_AAFOpenReq,0,1596170089.082834
CF_Ems_AAFOpenReq,0,1596170089.143091
CF_Ems_AAFOpenReq,0,1596170089.2621028
CF_Ems_AAFOpenReq,0,1596170089.3436658
CF_Ems_AAFOpenReq,0,1596170089.462518
CF_Ems_AAFOpenReq,0,1596170089.5651786
CF_Ems_AAFOpenReq,0,1596170089.761484
CF_Ems_AAFOpenReq,0,1596170089.7825599
CF_Ems_AAFOpenReq,0,1596170089.8028858
CF_Ems_AAFOpenReq,0,1596170090.1833642
CF_Ems_AAFOpenReq,0,1596170090.4250822
CF_Ems_AAFOpenReq,0,1596170090.904325
CF_Ems_AAFOpenReq,0,1596170091.125343
CF_Ems_AAFOpenReq,0,1596170091.16232
CF_Ems_AAFOpenReq,0,1596170091.42431
CF_Ems_AAFOpenReq,0,1596170091.862653
CF_Ems_AAFOpenReq,0,1596170091.985608
CF_Ems_AAFOpenReq,0,1596170092.2641149
CF_Ems_AAFOpenReq,0,1596170092.464909
CF_Ems_AAFOpenReq,0,1596170092.5260189
CF_Ems_AAFOpenReq,0,1596170092.542809
CF_Ems_AAFOpenReq,0,1596170092.985019
CF_Ems_AAFOpenReq,0,1596170093.242936
CF_Ems_AAFOpenReq,0,1596170093.443557
CF_Ems_AAFOpenReq,0,1596170093.484578
CF_Ems_AAFOpenReq,0,1596170093.9842858
CF_Ems_AAFOpenReq,0,1596170095.044926
CF_Ems_AAFOpenReq,0,1596170095.38197
CF_Ems_AAFOpenReq,0,1596170095.9220679
CF_Ems_AAFOpenReq,0,1596170096.0034142
CF_Ems_AAFOpenReq,0,1596170096.085365
CF_Ems_AAFOpenReq,0,1596170096.1226714
CF_Ems_AAFOpenReq,0,1596170096.22459
CF_Ems_AAFOpenReq,0,1596170096.262033
CF_Ems_AAFOpenReq,0,1596170096.6630812
CF_Ems_AAFOpenReq,0,1596170097.0847461
CF_Ems_AAFOpenReq,0,1596170097.122071
CF_Ems_AAFOpenReq,0,1596170097.343096
CF_Ems_AAFOpenReq,0,1596170097.6628401
CF_Ems_AAFOpenReq,0,1596170097.744141
CF_Ems_AAFOpenReq,0,1596170097.7648242
CF_Ems_AAFOpenReq,0,1596170098.4854429
CF_Ems_AAFOpenReq,0,1596170098.563375
CF_Ems_AAFOpenReq,0,1596170098.683413
CF_Ems_AAFOpenReq,0,1596170099.284149
CF_Ems_AAFOpenReq,0,1596170099.341963
CF_Ems_AAFOpenReq,0,1596170099.542725
CF_Ems_AAFOpenReq,0,1596170099.563658
CF_Ems_AAFOpenReq,0,1596170099.6855052
CF_Ems_AAFOpenReq,0,1596170099.7060099
CF_Ems_AAFOpenReq,0,1596170099.8248472
CF_Ems_AAFOpenReq,0,1596170100.123818
CF_Ems_AAFOpenReq,0,1596170100.263359
CF_Ems_AAFOpenReq,0,1596170100.722215
CF_Ems_AAFOpenReq,0,1596170101.0251632
CF_Ems_AAFOpenReq,0,1596170101.123564
CF_Ems_AAFOpenReq,0,1596170101.365215
CF_Ems_AAFOpenReq,0,1596170101.544993
CF_Ems_AAFOpenReq,0,1596170101.84395
CF_Ems_AAFOpenReq,0,1596170101.942745
CF_Ems_AAFOpenReq,0,1596170101.9837348
CF_Ems_AAFOpenReq,0,1596170102.241778
CF_Ems_AAFOpenReq,0,1596170102.4830248
CF_Ems_AAFOpenReq,0,1596170102.6634789
CF_Ems_AAFOpenReq,0,1596170102.741436
CF_Ems_AAFOpenReq,0,1596170102.925329
CF_Ems_AAFOpenReq,0,1596170103.244704
CF_Ems_AAFOpenReq,0,1596170103.4418626
CF_Ems_AAFOpenReq,0,1596170103.744543
CF_Ems_AAFOpenReq,0,1596170103.802216
CF_Ems_AAFOpenReq,0,1596170104.0644462
CF_Ems_AAFOpenReq,0,1596170104.641992
CF_Ems_AAFOpenReq,0,1596170105.104384
CF_Ems_AAFOpenReq,0,1596170105.162049
CF_Ems_AAFOpenReq,0,1596170105.7228212
CF_Ems_AAFOpenReq,0,1596170105.743257
CF_Ems_AAFOpenReq,0,1596170105.944052
CF_Ems_AAFOpenReq,0,1596170106.083483
CF_Ems_AAFOpenReq,0,1596170106.501567
CF_Ems_AAFOpenReq,0,1596170106.583022
CF_Ems_AAFOpenReq,0,1596170106.623894
CF_Ems_AAFOpenReq,0,1596170106.682045
CF_Ems_AAFOpenReq,0,1596170106.923143
CF_Ems_AAFOpenReq,0,1596170107.0422199
CF_Ems_AAFOpenReq,0,1596170107.643748
CF_Ems_AAFOpenReq,0,1596170108.122934
CF_Ems_AAFOpenReq,0,1596170108.3851242
CF_Ems_AAFOpenReq,0,1596170108.8438609
CF_Ems_AAFOpenReq,0,1596170109.0444288
CF_Ems_AAFOpenReq,0,1596170109.265633
CF_Ems_AAFOpenReq,0,1596170109.364257
CF_Ems_AAFOpenReq,0,1596170109.482843
CF_Ems_AAFOpenReq,0,1596170109.761729
CF_Ems_AAFOpenReq,0,1596170110.12582
CF_Ems_AAFOpenReq,0,1596170110.301892
CF_Ems_AAFOpenReq,0,1596170110.4042726
CF_Ems_AAFOpenReq,0,1596170110.782033
CF_Ems_AAFOpenReq,0,1596170111.461477
CF_Ems_AAFOpenReq,0,1596170111.62492
CF_Ems_AAFOpenReq,0,1596170112.0020962
CF_Ems_AAFOpenReq,0,1596170112.042652
CF_Ems_AAFOpenReq,0,1596170112.124619
CF_Ems_AAFOpenReq,0,1596170112.182281
CF_Ems_AAFOpenReq,0,1596170112.2029722
CF_Ems_AAFOpenReq,0,1596170112.342122
CF_Ems_AAFOpenReq,0,1596170112.5832946
CF_Ems_AAFOpenReq,0,1596170112.8623328
CF_Ems_AAFOpenReq,0,1596170112.943661
CF_Ems_AAFOpenReq,0,1596170113.005089
CF_Ems_AAFOpenReq,0,1596170113.0830872
CF_Ems_AAFOpenReq,0,1596170113.161081
CF_Ems_AAFOpenReq,0,1596170113.4640589
CF_Ems_AAFOpenReq,0,1596170113.5827498
CF_Ems_AAFOpenReq,0,1596170113.603153
CF_Ems_AAFOpenReq,0,1596170113.725914
CF_Ems_AAFOpenReq,0,1596170113.841043
CF_Ems_AAFOpenReq,0,1596170113.861624
CF_Ems_AAFOpenReq,0,1596170113.92298
CF_Ems_AAFOpenReq,0,1596170113.9431381
CF_Ems_AAFOpenReq,0,1596170113.983995
CF_Ems_AAFOpenReq,0,1596170114.004524
CF_Ems_AAFOpenReq,0,1596170114.382466
CF_Ems_AAFOpenReq,0,1596170114.562014
CF_Ems_AAFOpenReq,0,1596170114.864775
CF_Ems_AAFOpenReq,0,1596170115.02435
CF_Ems_AAFOpenReq,0,1596170115.1026359
CF_Ems_AAFOpenReq,0,1596170115.2251024
CF_Ems_AAFOpenReq,0,1596170115.242003
CF_Ems_AAFOpenReq,0,1596170116.142879
CF_Ems_AAFOpenReq,0,1596170116.584974
CF_Ems_AAFOpenReq,0,1596170116.662815
CF_Ems_AAFOpenReq,0,1596170116.765153
CF_Ems_AAFOpenReq,0,1596170116.9622118
CF_Ems_AAFOpenReq,0,1596170116.982558
CF_Ems_AAFOpenReq,0,1596170117.0815492
CF_Ems_AAFOpenReq,0,1596170117.1014242
CF_Ems_AAFOpenReq,0,1596170117.1422908
CF_Ems_AAFOpenReq,0,1596170117.2823944
CF_Ems_AAFOpenReq,0,1596170117.3019311
CF_Ems_AAFOpenReq,0,1596170117.363347
CF_Ems_AAFOpenReq,0,1596170117.6252658
CF_Ems_AAFOpenReq,0,1596170117.642105
