CF_Tcu_DSmode_Inf,0,1596169659.8630052
CF_Tcu_DSmode_Inf,0,1596169660.1653206
CF_Tcu_DSmode_Inf,0,1596169660.4638462
CF_Tcu_DSmode_Inf,0,1596169660.5621262
CF_Tcu_DSmode_Inf,0,1596169660.763608
CF_Tcu_DSmode_Inf,0,1596169660.861231
CF_Tcu_DSmode_Inf,0,1596169661.4637408
CF_Tcu_DSmode_Inf,0,1596169661.7625444
CF_Tcu_DSmode_Inf,0,1596169661.962786
CF_Tcu_DSmode_Inf,0,1596169662.2660632
CF_Tcu_DSmode_Inf,0,1596169662.565093
CF_Tcu_DSmode_Inf,0,1596169662.663262
CF_Tcu_DSmode_Inf,0,1596169662.761437
CF_Tcu_DSmode_Inf,0,1596169663.064724
CF_Tcu_DSmode_Inf,0,1596169663.6665568
CF_Tcu_DSmode_Inf,0,1596169663.8673458
CF_Tcu_DSmode_Inf,0,1596169663.961849
CF_Tcu_DSmode_Inf,0,1596169664.563724
CF_Tcu_DSmode_Inf,0,1596169664.9649026
CF_Tcu_DSmode_Inf,0,1596169665.264186
CF_Tcu_DSmode_Inf,0,1596169665.3626828
CF_Tcu_DSmode_Inf,0,1596169665.665496
CF_Tcu_DSmode_Inf,0,1596169665.866068
CF_Tcu_DSmode_Inf,0,1596169665.964401
CF_Tcu_DSmode_Inf,0,1596169666.0669
CF_Tcu_DSmode_Inf,0,1596169666.161342
CF_Tcu_DSmode_Inf,0,1596169666.4643042
CF_Tcu_DSmode_Inf,0,1596169666.764121
CF_Tcu_DSmode_Inf,0,1596169666.861669
CF_Tcu_DSmode_Inf,0,1596169667.0623536
CF_Tcu_DSmode_Inf,0,1596169667.565778
CF_Tcu_DSmode_Inf,0,1596169667.664022
CF_Tcu_DSmode_Inf,0,1596169667.8658972
CF_Tcu_DSmode_Inf,0,1596169667.9631946
CF_Tcu_DSmode_Inf,0,1596169668.0620556
CF_Tcu_DSmode_Inf,0,1596169668.3645296
CF_Tcu_DSmode_Inf,0,1596169668.664327
CF_Tcu_DSmode_Inf,0,1596169668.9631462
CF_Tcu_DSmode_Inf,0,1596169669.064814
CF_Tcu_DSmode_Inf,0,1596169669.1631598
CF_Tcu_DSmode_Inf,0,1596169669.564688
CF_Tcu_DSmode_Inf,0,1596169669.8636198
CF_Tcu_DSmode_Inf,0,1596169670.1630762
CF_Tcu_DSmode_Inf,0,1596169670.261199
CF_Tcu_DSmode_Inf,0,1596169670.4621642
CF_Tcu_DSmode_Inf,0,1596169670.5639338
CF_Tcu_DSmode_Inf,0,1596169670.7646751
CF_Tcu_DSmode_Inf,0,1596169671.0636294
CF_Tcu_DSmode_Inf,0,1596169671.362717
CF_Tcu_DSmode_Inf,0,1596169671.6620102
CF_Tcu_DSmode_Inf,0,1596169671.763992
CF_Tcu_DSmode_Inf,0,1596169672.161706
CF_Tcu_DSmode_Inf,0,1596169672.2636876
CF_Tcu_DSmode_Inf,0,1596169672.963969
CF_Tcu_DSmode_Inf,0,1596169673.7627141
CF_Tcu_DSmode_Inf,0,1596169674.663893
CF_Tcu_DSmode_Inf,0,1596169674.766366
CF_Tcu_DSmode_Inf,0,1596169675.065204
CF_Tcu_DSmode_Inf,0,1596169675.765568
CF_Tcu_DSmode_Inf,0,1596169676.1629262
CF_Tcu_DSmode_Inf,0,1596169676.3639119
CF_Tcu_DSmode_Inf,0,1596169676.564352
CF_Tcu_DSmode_Inf,0,1596169676.863369
CF_Tcu_DSmode_Inf,0,1596169677.166417
CF_Tcu_DSmode_Inf,0,1596169677.264697
CF_Tcu_DSmode_Inf,0,1596169677.362975
CF_Tcu_DSmode_Inf,0,1596169677.4653704
CF_Tcu_DSmode_Inf,0,1596169677.5639892
CF_Tcu_DSmode_Inf,0,1596169677.86302
CF_Tcu_DSmode_Inf,0,1596169678.0633821
CF_Tcu_DSmode_Inf,0,1596169678.264081
CF_Tcu_DSmode_Inf,0,1596169678.362804
CF_Tcu_DSmode_Inf,0,1596169678.4647741
CF_Tcu_DSmode_Inf,0,1596169678.56303
CF_Tcu_DSmode_Inf,0,1596169678.661793
CF_Tcu_DSmode_Inf,0,1596169678.964431
CF_Tcu_DSmode_Inf,0,1596169679.2634962
CF_Tcu_DSmode_Inf,0,1596169679.365765
CF_Tcu_DSmode_Inf,0,1596169679.56289
CF_Tcu_DSmode_Inf,0,1596169679.8654554
CF_Tcu_DSmode_Inf,0,1596169680.2629712
CF_Tcu_DSmode_Inf,0,1596169680.3614662
CF_Tcu_DSmode_Inf,0,1596169680.463607
CF_Tcu_DSmode_Inf,0,1596169680.5659401
CF_Tcu_DSmode_Inf,0,1596169680.664185
CF_Tcu_DSmode_Inf,0,1596169680.762903
CF_Tcu_DSmode_Inf,0,1596169680.864824
CF_Tcu_DSmode_Inf,0,1596169681.364584
CF_Tcu_DSmode_Inf,0,1596169681.96266
CF_Tcu_DSmode_Inf,0,1596169682.163274
CF_Tcu_DSmode_Inf,0,1596169682.262072
CF_Tcu_DSmode_Inf,0,1596169682.363981
CF_Tcu_DSmode_Inf,0,1596169682.663043
CF_Tcu_DSmode_Inf,0,1596169682.8636742
CF_Tcu_DSmode_Inf,0,1596169682.9624991
CF_Tcu_DSmode_Inf,0,1596169683.1632972
CF_Tcu_DSmode_Inf,0,1596169683.36337
CF_Tcu_DSmode_Inf,0,1596169683.461925
CF_Tcu_DSmode_Inf,0,1596169683.764677
CF_Tcu_DSmode_Inf,0,1596169683.863013
CF_Tcu_DSmode_Inf,0,1596169683.965412
CF_Tcu_DSmode_Inf,0,1596169684.362779
CF_Tcu_DSmode_Inf,0,1596169684.665782
CF_Tcu_DSmode_Inf,0,1596169684.8628402
CF_Tcu_DSmode_Inf,0,1596169685.063118
CF_Tcu_DSmode_Inf,0,1596169685.263884
CF_Tcu_DSmode_Inf,0,1596169685.5628412
CF_Tcu_DSmode_Inf,0,1596169685.763882
CF_Tcu_DSmode_Inf,0,1596169686.161336
CF_Tcu_DSmode_Inf,0,1596169686.362051
CF_Tcu_DSmode_Inf,0,1596169686.463905
CF_Tcu_DSmode_Inf,0,1596169686.664543
CF_Tcu_DSmode_Inf,0,1596169686.9641151
CF_Tcu_DSmode_Inf,0,1596169687.06204
CF_Tcu_DSmode_Inf,0,1596169687.663989
CF_Tcu_DSmode_Inf,0,1596169687.864609
CF_Tcu_DSmode_Inf,0,1596169687.962987
CF_Tcu_DSmode_Inf,0,1596169688.262328
CF_Tcu_DSmode_Inf,0,1596169688.561325
CF_Tcu_DSmode_Inf,0,1596169688.762173
CF_Tcu_DSmode_Inf,0,1596169689.3641012
CF_Tcu_DSmode_Inf,0,1596169689.564354
CF_Tcu_DSmode_Inf,0,1596169689.666736
CF_Tcu_DSmode_Inf,0,1596169689.7613704
CF_Tcu_DSmode_Inf,0,1596169689.8634
CF_Tcu_DSmode_Inf,0,1596169689.9658241
CF_Tcu_DSmode_Inf,0,1596169690.0641599
CF_Tcu_DSmode_Inf,0,1596169690.1623528
CF_Tcu_DSmode_Inf,0,1596169690.26487
CF_Tcu_DSmode_Inf,0,1596169690.563833
CF_Tcu_DSmode_Inf,0,1596169690.66207
CF_Tcu_DSmode_Inf,0,1596169691.063408
CF_Tcu_DSmode_Inf,0,1596169691.162548
CF_Tcu_DSmode_Inf,0,1596169691.26416
CF_Tcu_DSmode_Inf,0,1596169691.563257
CF_Tcu_DSmode_Inf,0,1596169691.764349
CF_Tcu_DSmode_Inf,0,1596169692.1616251
CF_Tcu_DSmode_Inf,0,1596169692.464134
CF_Tcu_DSmode_Inf,0,1596169692.562551
CF_Tcu_DSmode_Inf,0,1596169692.964042
CF_Tcu_DSmode_Inf,0,1596169693.361703
CF_Tcu_DSmode_Inf,0,1596169693.5661368
CF_Tcu_DSmode_Inf,0,1596169693.6642358
CF_Tcu_DSmode_Inf,0,1596169693.963661
CF_Tcu_DSmode_Inf,0,1596169694.164416
CF_Tcu_DSmode_Inf,0,1596169694.2663748
CF_Tcu_DSmode_Inf,0,1596169694.360929
CF_Tcu_DSmode_Inf,0,1596169694.5617466
CF_Tcu_DSmode_Inf,0,1596169694.663723
CF_Tcu_DSmode_Inf,0,1596169694.766133
CF_Tcu_DSmode_Inf,0,1596169694.8644528
CF_Tcu_DSmode_Inf,0,1596169694.9627562
CF_Tcu_DSmode_Inf,0,1596169695.0614886
CF_Tcu_DSmode_Inf,0,1596169695.1633132
CF_Tcu_DSmode_Inf,0,1596169695.2617302
CF_Tcu_DSmode_Inf,0,1596169695.4625618
CF_Tcu_DSmode_Inf,0,1596169695.761767
CF_Tcu_DSmode_Inf,0,1596169695.9625812
CF_Tcu_DSmode_Inf,0,1596169696.363461
CF_Tcu_DSmode_Inf,0,1596169696.5646641
CF_Tcu_DSmode_Inf,0,1596169696.662856
CF_Tcu_DSmode_Inf,0,1596169696.863184
CF_Tcu_DSmode_Inf,0,1596169696.961942
CF_Tcu_DSmode_Inf,0,1596169697.0602589
CF_Tcu_DSmode_Inf,0,1596169697.2609198
CF_Tcu_DSmode_Inf,0,1596169697.3627849
CF_Tcu_DSmode_Inf,0,1596169697.563526
CF_Tcu_DSmode_Inf,0,1596169697.862562
CF_Tcu_DSmode_Inf,0,1596169698.1619868
CF_Tcu_DSmode_Inf,0,1596169698.3626099
CF_Tcu_DSmode_Inf,0,1596169698.460887
CF_Tcu_DSmode_Inf,0,1596169698.562937
CF_Tcu_DSmode_Inf,0,1596169698.763602
CF_Tcu_DSmode_Inf,0,1596169698.964318
CF_Tcu_DSmode_Inf,0,1596169699.062666
CF_Tcu_DSmode_Inf,0,1596169700.0620039
CF_Tcu_DSmode_Inf,0,1596169700.164375
CF_Tcu_DSmode_Inf,0,1596169700.262656
CF_Tcu_DSmode_Inf,0,1596169700.4634109
CF_Tcu_DSmode_Inf,0,1596169700.561692
CF_Tcu_DSmode_Inf,0,1596169700.766415
CF_Tcu_DSmode_Inf,0,1596169701.06541
CF_Tcu_DSmode_Inf,0,1596169701.163697
CF_Tcu_DSmode_Inf,0,1596169701.262057
CF_Tcu_DSmode_Inf,0,1596169701.3645408
CF_Tcu_DSmode_Inf,0,1596169701.6635034
CF_Tcu_DSmode_Inf,0,1596169701.762156
CF_Tcu_DSmode_Inf,0,1596169702.0610778
CF_Tcu_DSmode_Inf,0,1596169702.1631384
CF_Tcu_DSmode_Inf,0,1596169702.26179
CF_Tcu_DSmode_Inf,0,1596169703.1665401
CF_Tcu_DSmode_Inf,0,1596169703.563854
CF_Tcu_DSmode_Inf,0,1596169703.8628778
CF_Tcu_DSmode_Inf,0,1596169704.1619
CF_Tcu_DSmode_Inf,0,1596169704.4612968
CF_Tcu_DSmode_Inf,0,1596169704.563183
CF_Tcu_DSmode_Inf,0,1596169704.7603269
CF_Tcu_DSmode_Inf,0,1596169705.063009
CF_Tcu_DSmode_Inf,0,1596169705.5629869
CF_Tcu_DSmode_Inf,0,1596169705.865865
CF_Tcu_DSmode_Inf,0,1596169705.964025
CF_Tcu_DSmode_Inf,0,1596169706.2630742
CF_Tcu_DSmode_Inf,0,1596169706.5620859
CF_Tcu_DSmode_Inf,0,1596169706.7628071
CF_Tcu_DSmode_Inf,0,1596169707.2624118
CF_Tcu_DSmode_Inf,0,1596169707.762178
CF_Tcu_DSmode_Inf,0,1596169707.8608449
CF_Tcu_DSmode_Inf,0,1596169708.061624
CF_Tcu_DSmode_Inf,0,1596169708.2660608
CF_Tcu_DSmode_Inf,0,1596169708.462518
CF_Tcu_DSmode_Inf,0,1596169708.5648751
CF_Tcu_DSmode_Inf,0,1596169708.6631956
CF_Tcu_DSmode_Inf,0,1596169709.1628768
CF_Tcu_DSmode_Inf,0,1596169709.863251
CF_Tcu_DSmode_Inf,0,1596169710.063947
CF_Tcu_DSmode_Inf,0,1596169710.1623092
CF_Tcu_DSmode_Inf,0,1596169710.264588
CF_Tcu_DSmode_Inf,0,1596169710.465325
CF_Tcu_DSmode_Inf,0,1596169710.662425
CF_Tcu_DSmode_Inf,0,1596169710.7643032
CF_Tcu_DSmode_Inf,0,1596169711.3624618
CF_Tcu_DSmode_Inf,0,1596169711.464726
CF_Tcu_DSmode_Inf,0,1596169711.6617382
CF_Tcu_DSmode_Inf,0,1596169712.0627801
CF_Tcu_DSmode_Inf,0,1596169712.263424
CF_Tcu_DSmode_Inf,0,1596169712.362217
CF_Tcu_DSmode_Inf,0,1596169712.562402
CF_Tcu_DSmode_Inf,0,1596169712.6647491
CF_Tcu_DSmode_Inf,0,1596169712.865551
CF_Tcu_DSmode_Inf,0,1596169713.16448
CF_Tcu_DSmode_Inf,0,1596169713.5621288
CF_Tcu_DSmode_Inf,0,1596169713.664118
CF_Tcu_DSmode_Inf,0,1596169713.7629492
CF_Tcu_DSmode_Inf,0,1596169714.065542
CF_Tcu_DSmode_Inf,0,1596169714.3644466
CF_Tcu_DSmode_Inf,0,1596169714.462956
CF_Tcu_DSmode_Inf,0,1596169714.663619
CF_Tcu_DSmode_Inf,0,1596169714.864182
CF_Tcu_DSmode_Inf,0,1596169714.9626038
CF_Tcu_DSmode_Inf,0,1596169715.26569
CF_Tcu_DSmode_Inf,0,1596169715.564566
CF_Tcu_DSmode_Inf,0,1596169715.663308
CF_Tcu_DSmode_Inf,0,1596169716.162996
CF_Tcu_DSmode_Inf,0,1596169716.261451
CF_Tcu_DSmode_Inf,0,1596169716.3632472
CF_Tcu_DSmode_Inf,0,1596169716.4658296
CF_Tcu_DSmode_Inf,0,1596169716.662335
CF_Tcu_DSmode_Inf,0,1596169716.7647636
CF_Tcu_DSmode_Inf,0,1596169717.063638
CF_Tcu_DSmode_Inf,0,1596169717.563381
CF_Tcu_DSmode_Inf,0,1596169717.6621606
CF_Tcu_DSmode_Inf,0,1596169717.764089
CF_Tcu_DSmode_Inf,0,1596169718.063576
CF_Tcu_DSmode_Inf,0,1596169718.460722
CF_Tcu_DSmode_Inf,0,1596169718.5627468
CF_Tcu_DSmode_Inf,0,1596169718.665167
CF_Tcu_DSmode_Inf,0,1596169718.7633839
CF_Tcu_DSmode_Inf,0,1596169718.964103
CF_Tcu_DSmode_Inf,0,1596169719.062428
CF_Tcu_DSmode_Inf,0,1596169719.4600382
CF_Tcu_DSmode_Inf,0,1596169719.762806
CF_Tcu_DSmode_Inf,0,1596169719.963507
CF_Tcu_DSmode_Inf,0,1596169720.160474
CF_Tcu_DSmode_Inf,0,1596169720.262491
CF_Tcu_DSmode_Inf,0,1596169720.361217
CF_Tcu_DSmode_Inf,0,1596169720.5618448
CF_Tcu_DSmode_Inf,0,1596169721.663394
CF_Tcu_DSmode_Inf,0,1596169722.064619
CF_Tcu_DSmode_Inf,0,1596169722.162949
CF_Tcu_DSmode_Inf,0,1596169722.265474
CF_Tcu_DSmode_Inf,0,1596169722.363777
CF_Tcu_DSmode_Inf,0,1596169722.662663
CF_Tcu_DSmode_Inf,0,1596169722.864022
CF_Tcu_DSmode_Inf,0,1596169723.0603352
CF_Tcu_DSmode_Inf,0,1596169723.162428
CF_Tcu_DSmode_Inf,0,1596169723.261089
CF_Tcu_DSmode_Inf,0,1596169723.36306
CF_Tcu_DSmode_Inf,0,1596169724.162143
CF_Tcu_DSmode_Inf,0,1596169724.461122
CF_Tcu_DSmode_Inf,0,1596169724.563127
CF_Tcu_DSmode_Inf,0,1596169724.6655092
CF_Tcu_DSmode_Inf,0,1596169724.964472
CF_Tcu_DSmode_Inf,0,1596169725.763266
CF_Tcu_DSmode_Inf,0,1596169725.963894
CF_Tcu_DSmode_Inf,0,1596169726.262882
CF_Tcu_DSmode_Inf,0,1596169726.4640741
CF_Tcu_DSmode_Inf,0,1596169726.562316
CF_Tcu_DSmode_Inf,0,1596169726.660484
CF_Tcu_DSmode_Inf,0,1596169726.861314
CF_Tcu_DSmode_Inf,0,1596169727.1639738
CF_Tcu_DSmode_Inf,0,1596169727.462914
CF_Tcu_DSmode_Inf,0,1596169727.561281
CF_Tcu_DSmode_Inf,0,1596169727.762046
CF_Tcu_DSmode_Inf,0,1596169728.364043
CF_Tcu_DSmode_Inf,0,1596169728.462385
CF_Tcu_DSmode_Inf,0,1596169728.962476
CF_Tcu_DSmode_Inf,0,1596169729.261437
CF_Tcu_DSmode_Inf,0,1596169729.363346
CF_Tcu_DSmode_Inf,0,1596169729.86302
CF_Tcu_DSmode_Inf,0,1596169730.162535
CF_Tcu_DSmode_Inf,0,1596169730.2644038
CF_Tcu_DSmode_Inf,0,1596169730.56353
CF_Tcu_DSmode_Inf,0,1596169730.760639
CF_Tcu_DSmode_Inf,0,1596169730.8624961
CF_Tcu_DSmode_Inf,0,1596169731.063185
CF_Tcu_DSmode_Inf,0,1596169731.3626082
CF_Tcu_DSmode_Inf,0,1596169731.661474
CF_Tcu_DSmode_Inf,0,1596169732.1613119
CF_Tcu_DSmode_Inf,0,1596169732.263293
CF_Tcu_DSmode_Inf,0,1596169732.562233
CF_Tcu_DSmode_Inf,0,1596169732.762882
CF_Tcu_DSmode_Inf,0,1596169733.1642401
CF_Tcu_DSmode_Inf,0,1596169733.463371
CF_Tcu_DSmode_Inf,0,1596169733.5620801
CF_Tcu_DSmode_Inf,0,1596169733.7626274
CF_Tcu_DSmode_Inf,0,1596169734.061388
CF_Tcu_DSmode_Inf,0,1596169734.1636524
CF_Tcu_DSmode_Inf,0,1596169734.462732
CF_Tcu_DSmode_Inf,0,1596169734.6634018
CF_Tcu_DSmode_Inf,0,1596169734.860628
CF_Tcu_DSmode_Inf,0,1596169734.9624386
CF_Tcu_DSmode_Inf,0,1596169735.061142
CF_Tcu_DSmode_Inf,0,1596169735.3637881
CF_Tcu_DSmode_Inf,0,1596169735.564399
CF_Tcu_DSmode_Inf,0,1596169735.863452
CF_Tcu_DSmode_Inf,0,1596169736.461759
CF_Tcu_DSmode_Inf,0,1596169736.9611368
CF_Tcu_DSmode_Inf,0,1596169737.4613
CF_Tcu_DSmode_Inf,0,1596169737.763842
CF_Tcu_DSmode_Inf,0,1596169737.964564
CF_Tcu_DSmode_Inf,0,1596169738.062925
CF_Tcu_DSmode_Inf,0,1596169738.26353
CF_Tcu_DSmode_Inf,0,1596169738.5626302
CF_Tcu_DSmode_Inf,0,1596169738.661313
CF_Tcu_DSmode_Inf,0,1596169738.8620481
CF_Tcu_DSmode_Inf,0,1596169739.263107
CF_Tcu_DSmode_Inf,0,1596169739.463785
CF_Tcu_DSmode_Inf,0,1596169739.562346
CF_Tcu_DSmode_Inf,0,1596169739.762732
CF_Tcu_DSmode_Inf,0,1596169739.861409
CF_Tcu_DSmode_Inf,0,1596169740.062103
CF_Tcu_DSmode_Inf,0,1596169740.1603286
CF_Tcu_DSmode_Inf,0,1596169740.361043
CF_Tcu_DSmode_Inf,0,1596169740.5613961
CF_Tcu_DSmode_Inf,0,1596169740.6637368
CF_Tcu_DSmode_Inf,0,1596169740.7620919
CF_Tcu_DSmode_Inf,0,1596169740.962822
CF_Tcu_DSmode_Inf,0,1596169741.2621386
CF_Tcu_DSmode_Inf,0,1596169741.364158
CF_Tcu_DSmode_Inf,0,1596169741.663111
CF_Tcu_DSmode_Inf,0,1596169741.8638332
CF_Tcu_DSmode_Inf,0,1596169741.9621801
CF_Tcu_DSmode_Inf,0,1596169742.1627939
CF_Tcu_DSmode_Inf,0,1596169742.461854
CF_Tcu_DSmode_Inf,0,1596169742.5605671
CF_Tcu_DSmode_Inf,0,1596169742.6623948
CF_Tcu_DSmode_Inf,0,1596169742.7612338
CF_Tcu_DSmode_Inf,0,1596169743.3628929
CF_Tcu_DSmode_Inf,0,1596169743.6621306
CF_Tcu_DSmode_Inf,0,1596169743.76415
CF_Tcu_DSmode_Inf,0,1596169744.06324
CF_Tcu_DSmode_Inf,0,1596169744.2639241
CF_Tcu_DSmode_Inf,0,1596169744.362335
CF_Tcu_DSmode_Inf,0,1596169744.563072
CF_Tcu_DSmode_Inf,0,1596169745.161401
CF_Tcu_DSmode_Inf,0,1596169745.460276
CF_Tcu_DSmode_Inf,0,1596169745.763058
CF_Tcu_DSmode_Inf,0,1596169746.0624874
CF_Tcu_DSmode_Inf,0,1596169746.262622
CF_Tcu_DSmode_Inf,0,1596169746.463413
CF_Tcu_DSmode_Inf,0,1596169746.5616894
CF_Tcu_DSmode_Inf,0,1596169746.6641338
CF_Tcu_DSmode_Inf,0,1596169746.762393
CF_Tcu_DSmode_Inf,0,1596169746.9631412
CF_Tcu_DSmode_Inf,0,1596169747.26219
CF_Tcu_DSmode_Inf,0,1596169747.36444
CF_Tcu_DSmode_Inf,0,1596169747.561617
CF_Tcu_DSmode_Inf,0,1596169747.7618716
CF_Tcu_DSmode_Inf,0,1596169748.0612748
CF_Tcu_DSmode_Inf,0,1596169748.163716
CF_Tcu_DSmode_Inf,0,1596169748.462572
CF_Tcu_DSmode_Inf,0,1596169748.564526
CF_Tcu_DSmode_Inf,0,1596169748.662797
CF_Tcu_DSmode_Inf,0,1596169748.7616491
CF_Tcu_DSmode_Inf,0,1596169748.863618
CF_Tcu_DSmode_Inf,0,1596169749.0642052
CF_Tcu_DSmode_Inf,0,1596169749.261257
CF_Tcu_DSmode_Inf,0,1596169749.4656029
CF_Tcu_DSmode_Inf,0,1596169749.662292
CF_Tcu_DSmode_Inf,0,1596169749.764677
CF_Tcu_DSmode_Inf,0,1596169750.1619608
CF_Tcu_DSmode_Inf,0,1596169750.3626182
CF_Tcu_DSmode_Inf,0,1596169750.460974
CF_Tcu_DSmode_Inf,0,1596169750.7606149
CF_Tcu_DSmode_Inf,0,1596169750.8623412
CF_Tcu_DSmode_Inf,0,1596169751.263603
CF_Tcu_DSmode_Inf,0,1596169751.7633524
CF_Tcu_DSmode_Inf,0,1596169751.9640381
CF_Tcu_DSmode_Inf,0,1596169752.0623648
CF_Tcu_DSmode_Inf,0,1596169752.2630599
CF_Tcu_DSmode_Inf,0,1596169752.3614411
CF_Tcu_DSmode_Inf,0,1596169752.562148
CF_Tcu_DSmode_Inf,0,1596169752.861078
CF_Tcu_DSmode_Inf,0,1596169753.663769
CF_Tcu_DSmode_Inf,0,1596169753.860586
CF_Tcu_DSmode_Inf,0,1596169754.061213
CF_Tcu_DSmode_Inf,0,1596169754.1599948
CF_Tcu_DSmode_Inf,0,1596169754.761557
CF_Tcu_DSmode_Inf,0,1596169754.8639412
CF_Tcu_DSmode_Inf,0,1596169755.662526
CF_Tcu_DSmode_Inf,0,1596169755.961632
CF_Tcu_DSmode_Inf,0,1596169756.06051
CF_Tcu_DSmode_Inf,0,1596169756.162281
CF_Tcu_DSmode_Inf,0,1596169756.4617524
CF_Tcu_DSmode_Inf,0,1596169756.7607448
CF_Tcu_DSmode_Inf,0,1596169757.0634642
CF_Tcu_DSmode_Inf,0,1596169757.2644699
CF_Tcu_DSmode_Inf,0,1596169757.362401
CF_Tcu_DSmode_Inf,0,1596169757.9645386
CF_Tcu_DSmode_Inf,0,1596169758.062794
CF_Tcu_DSmode_Inf,0,1596169758.2634392
CF_Tcu_DSmode_Inf,0,1596169758.6611302
CF_Tcu_DSmode_Inf,0,1596169758.8614366
CF_Tcu_DSmode_Inf,0,1596169758.963747
CF_Tcu_DSmode_Inf,0,1596169759.1609778
CF_Tcu_DSmode_Inf,0,1596169759.3612618
CF_Tcu_DSmode_Inf,0,1596169759.4634671
CF_Tcu_DSmode_Inf,0,1596169759.762489
CF_Tcu_DSmode_Inf,0,1596169760.3607721
CF_Tcu_DSmode_Inf,0,1596169760.663616
CF_Tcu_DSmode_Inf,0,1596169760.761924
CF_Tcu_DSmode_Inf,0,1596169760.962579
CF_Tcu_DSmode_Inf,0,1596169761.1597598
CF_Tcu_DSmode_Inf,0,1596169761.262031
CF_Tcu_DSmode_Inf,0,1596169761.560997
CF_Tcu_DSmode_Inf,0,1596169762.1630518
CF_Tcu_DSmode_Inf,0,1596169762.261267
CF_Tcu_DSmode_Inf,0,1596169762.363251
CF_Tcu_DSmode_Inf,0,1596169762.564084
CF_Tcu_DSmode_Inf,0,1596169762.662372
CF_Tcu_DSmode_Inf,0,1596169762.7611046
CF_Tcu_DSmode_Inf,0,1596169762.8630538
CF_Tcu_DSmode_Inf,0,1596169763.063673
CF_Tcu_DSmode_Inf,0,1596169763.162107
CF_Tcu_DSmode_Inf,0,1596169763.3627784
CF_Tcu_DSmode_Inf,0,1596169763.760576
CF_Tcu_DSmode_Inf,0,1596169763.8623822
CF_Tcu_DSmode_Inf,0,1596169764.1614509
CF_Tcu_DSmode_Inf,0,1596169764.260011
CF_Tcu_DSmode_Inf,0,1596169764.362484
CF_Tcu_DSmode_Inf,0,1596169764.460717
CF_Tcu_DSmode_Inf,0,1596169764.5628061
CF_Tcu_DSmode_Inf,0,1596169764.6615179
CF_Tcu_DSmode_Inf,0,1596169764.7634199
CF_Tcu_DSmode_Inf,0,1596169764.960465
CF_Tcu_DSmode_Inf,0,1596169765.062459
CF_Tcu_DSmode_Inf,0,1596169765.1607714
CF_Tcu_DSmode_Inf,0,1596169765.263241
CF_Tcu_DSmode_Inf,0,1596169765.3615131
CF_Tcu_DSmode_Inf,0,1596169765.562569
CF_Tcu_DSmode_Inf,0,1596169765.762909
CF_Tcu_DSmode_Inf,0,1596169765.861506
CF_Tcu_DSmode_Inf,0,1596169766.2625556
CF_Tcu_DSmode_Inf,0,1596169766.463223
CF_Tcu_DSmode_Inf,0,1596169766.5615199
CF_Tcu_DSmode_Inf,0,1596169766.8609118
CF_Tcu_DSmode_Inf,0,1596169767.061768
CF_Tcu_DSmode_Inf,0,1596169767.1598141
CF_Tcu_DSmode_Inf,0,1596169767.2619061
CF_Tcu_DSmode_Inf,0,1596169767.364335
CF_Tcu_DSmode_Inf,0,1596169767.560876
CF_Tcu_DSmode_Inf,0,1596169767.761617
CF_Tcu_DSmode_Inf,0,1596169767.962353
CF_Tcu_DSmode_Inf,0,1596169768.961664
CF_Tcu_DSmode_Inf,0,1596169769.162428
CF_Tcu_DSmode_Inf,0,1596169769.46545
CF_Tcu_DSmode_Inf,0,1596169769.5602038
CF_Tcu_DSmode_Inf,0,1596169769.764504
CF_Tcu_DSmode_Inf,0,1596169770.161748
CF_Tcu_DSmode_Inf,0,1596169770.366519
CF_Tcu_DSmode_Inf,0,1596169770.4611046
CF_Tcu_DSmode_Inf,0,1596169770.661997
CF_Tcu_DSmode_Inf,0,1596169770.7603168
CF_Tcu_DSmode_Inf,0,1596169770.960835
CF_Tcu_DSmode_Inf,0,1596169771.0629606
CF_Tcu_DSmode_Inf,0,1596169771.361844
CF_Tcu_DSmode_Inf,0,1596169771.460416
CF_Tcu_DSmode_Inf,0,1596169771.661212
CF_Tcu_DSmode_Inf,0,1596169771.8655472
CF_Tcu_DSmode_Inf,0,1596169771.9602714
CF_Tcu_DSmode_Inf,0,1596169772.1607966
CF_Tcu_DSmode_Inf,0,1596169772.361652
CF_Tcu_DSmode_Inf,0,1596169772.562355
CF_Tcu_DSmode_Inf,0,1596169772.66045
CF_Tcu_DSmode_Inf,0,1596169772.860885
CF_Tcu_DSmode_Inf,0,1596169773.1639302
CF_Tcu_DSmode_Inf,0,1596169773.46294
CF_Tcu_DSmode_Inf,0,1596169773.761924
CF_Tcu_DSmode_Inf,0,1596169774.061006
CF_Tcu_DSmode_Inf,0,1596169774.163477
CF_Tcu_DSmode_Inf,0,1596169774.261636
CF_Tcu_DSmode_Inf,0,1596169774.3604102
CF_Tcu_DSmode_Inf,0,1596169774.462392
CF_Tcu_DSmode_Inf,0,1596169774.761802
CF_Tcu_DSmode_Inf,0,1596169774.962431
CF_Tcu_DSmode_Inf,0,1596169775.2615306
CF_Tcu_DSmode_Inf,0,1596169775.5641222
CF_Tcu_DSmode_Inf,0,1596169775.6624286
CF_Tcu_DSmode_Inf,0,1596169775.7607732
CF_Tcu_DSmode_Inf,0,1596169775.863044
CF_Tcu_DSmode_Inf,0,1596169775.961463
CF_Tcu_DSmode_Inf,0,1596169776.162156
CF_Tcu_DSmode_Inf,0,1596169776.4651651
CF_Tcu_DSmode_Inf,0,1596169777.3621712
CF_Tcu_DSmode_Inf,0,1596169777.4609752
CF_Tcu_DSmode_Inf,0,1596169777.5628886
CF_Tcu_DSmode_Inf,0,1596169777.763582
CF_Tcu_DSmode_Inf,0,1596169777.964292
CF_Tcu_DSmode_Inf,0,1596169778.263345
CF_Tcu_DSmode_Inf,0,1596169778.3616798
CF_Tcu_DSmode_Inf,0,1596169778.463935
CF_Tcu_DSmode_Inf,0,1596169778.661076
CF_Tcu_DSmode_Inf,0,1596169778.7629972
CF_Tcu_DSmode_Inf,0,1596169778.861325
CF_Tcu_DSmode_Inf,0,1596169778.963639
CF_Tcu_DSmode_Inf,0,1596169779.061933
CF_Tcu_DSmode_Inf,0,1596169779.164429
CF_Tcu_DSmode_Inf,0,1596169779.360951
CF_Tcu_DSmode_Inf,0,1596169779.463295
CF_Tcu_DSmode_Inf,0,1596169779.561672
CF_Tcu_DSmode_Inf,0,1596169779.96294
CF_Tcu_DSmode_Inf,0,1596169780.061374
CF_Tcu_DSmode_Inf,0,1596169780.1637306
CF_Tcu_DSmode_Inf,0,1596169780.3605828
CF_Tcu_DSmode_Inf,0,1596169780.4627788
CF_Tcu_DSmode_Inf,0,1596169780.762094
CF_Tcu_DSmode_Inf,0,1596169780.8605409
CF_Tcu_DSmode_Inf,0,1596169781.06492
CF_Tcu_DSmode_Inf,0,1596169781.159473
CF_Tcu_DSmode_Inf,0,1596169781.363777
CF_Tcu_DSmode_Inf,0,1596169781.4620972
CF_Tcu_DSmode_Inf,0,1596169781.761148
CF_Tcu_DSmode_Inf,0,1596169781.863443
CF_Tcu_DSmode_Inf,0,1596169781.962301
CF_Tcu_DSmode_Inf,0,1596169782.36306
CF_Tcu_DSmode_Inf,0,1596169782.5638149
CF_Tcu_DSmode_Inf,0,1596169782.662175
CF_Tcu_DSmode_Inf,0,1596169782.8628051
CF_Tcu_DSmode_Inf,0,1596169782.9612026
CF_Tcu_DSmode_Inf,0,1596169783.16204
CF_Tcu_DSmode_Inf,0,1596169783.4613721
CF_Tcu_DSmode_Inf,0,1596169783.559688
CF_Tcu_DSmode_Inf,0,1596169783.661591
CF_Tcu_DSmode_Inf,0,1596169783.862268
CF_Tcu_DSmode_Inf,0,1596169784.1612089
CF_Tcu_DSmode_Inf,0,1596169784.6612742
CF_Tcu_DSmode_Inf,0,1596169784.7595782
CF_Tcu_DSmode_Inf,0,1596169784.861678
CF_Tcu_DSmode_Inf,0,1596169785.262974
CF_Tcu_DSmode_Inf,0,1596169785.5619662
CF_Tcu_DSmode_Inf,0,1596169785.865077
CF_Tcu_DSmode_Inf,0,1596169785.959789
CF_Tcu_DSmode_Inf,0,1596169786.0616572
CF_Tcu_DSmode_Inf,0,1596169786.262805
CF_Tcu_DSmode_Inf,0,1596169786.4630349
CF_Tcu_DSmode_Inf,0,1596169786.762541
CF_Tcu_DSmode_Inf,0,1596169787.065084
CF_Tcu_DSmode_Inf,0,1596169787.1634626
CF_Tcu_DSmode_Inf,0,1596169787.364182
CF_Tcu_DSmode_Inf,0,1596169787.462394
CF_Tcu_DSmode_Inf,0,1596169787.561076
CF_Tcu_DSmode_Inf,0,1596169787.761919
CF_Tcu_DSmode_Inf,0,1596169787.962691
CF_Tcu_DSmode_Inf,0,1596169788.060946
CF_Tcu_DSmode_Inf,0,1596169788.261183
CF_Tcu_DSmode_Inf,0,1596169788.461872
CF_Tcu_DSmode_Inf,0,1596169788.6626801
CF_Tcu_DSmode_Inf,0,1596169788.761256
CF_Tcu_DSmode_Inf,0,1596169788.9614859
CF_Tcu_DSmode_Inf,0,1596169789.060278
CF_Tcu_DSmode_Inf,0,1596169789.2608721
CF_Tcu_DSmode_Inf,0,1596169789.3629482
CF_Tcu_DSmode_Inf,0,1596169789.56355
CF_Tcu_DSmode_Inf,0,1596169789.760173
CF_Tcu_DSmode_Inf,0,1596169789.862515
CF_Tcu_DSmode_Inf,0,1596169790.161599
CF_Tcu_DSmode_Inf,0,1596169790.260211
CF_Tcu_DSmode_Inf,0,1596169790.461018
CF_Tcu_DSmode_Inf,0,1596169790.562934
CF_Tcu_DSmode_Inf,0,1596169790.8620481
CF_Tcu_DSmode_Inf,0,1596169790.96032
CF_Tcu_DSmode_Inf,0,1596169791.0626519
CF_Tcu_DSmode_Inf,0,1596169791.361661
CF_Tcu_DSmode_Inf,0,1596169791.661173
CF_Tcu_DSmode_Inf,0,1596169791.7630134
CF_Tcu_DSmode_Inf,0,1596169791.960043
CF_Tcu_DSmode_Inf,0,1596169792.062015
CF_Tcu_DSmode_Inf,0,1596169792.160642
CF_Tcu_DSmode_Inf,0,1596169792.6642349
CF_Tcu_DSmode_Inf,0,1596169792.8609114
CF_Tcu_DSmode_Inf,0,1596169792.963155
CF_Tcu_DSmode_Inf,0,1596169793.1601741
CF_Tcu_DSmode_Inf,0,1596169793.360356
CF_Tcu_DSmode_Inf,0,1596169793.46326
CF_Tcu_DSmode_Inf,0,1596169793.762321
CF_Tcu_DSmode_Inf,0,1596169793.860523
CF_Tcu_DSmode_Inf,0,1596169794.0648582
CF_Tcu_DSmode_Inf,0,1596169794.363831
CF_Tcu_DSmode_Inf,0,1596169794.761569
CF_Tcu_DSmode_Inf,0,1596169794.863449
CF_Tcu_DSmode_Inf,0,1596169794.96188
CF_Tcu_DSmode_Inf,0,1596169795.16254
CF_Tcu_DSmode_Inf,0,1596169795.261375
CF_Tcu_DSmode_Inf,0,1596169795.3632
CF_Tcu_DSmode_Inf,0,1596169795.4615636
CF_Tcu_DSmode_Inf,0,1596169795.6627169
CF_Tcu_DSmode_Inf,0,1596169795.86291
CF_Tcu_DSmode_Inf,0,1596169796.059875
CF_Tcu_DSmode_Inf,0,1596169796.2644482
CF_Tcu_DSmode_Inf,0,1596169796.3626778
CF_Tcu_DSmode_Inf,0,1596169796.464968
CF_Tcu_DSmode_Inf,0,1596169796.5633366
CF_Tcu_DSmode_Inf,0,1596169796.960665
CF_Tcu_DSmode_Inf,0,1596169797.059378
CF_Tcu_DSmode_Inf,0,1596169797.16174
CF_Tcu_DSmode_Inf,0,1596169797.260114
CF_Tcu_DSmode_Inf,0,1596169797.4607131
CF_Tcu_DSmode_Inf,0,1596169797.763485
CF_Tcu_DSmode_Inf,0,1596169797.8617222
CF_Tcu_DSmode_Inf,0,1596169798.062339
CF_Tcu_DSmode_Inf,0,1596169798.160812
CF_Tcu_DSmode_Inf,0,1596169798.6645179
CF_Tcu_DSmode_Inf,0,1596169798.7627099
CF_Tcu_DSmode_Inf,0,1596169798.963565
CF_Tcu_DSmode_Inf,0,1596169799.160396
CF_Tcu_DSmode_Inf,0,1596169799.262945
CF_Tcu_DSmode_Inf,0,1596169799.3612359
CF_Tcu_DSmode_Inf,0,1596169799.561951
CF_Tcu_DSmode_Inf,0,1596169799.6602318
CF_Tcu_DSmode_Inf,0,1596169799.76207
CF_Tcu_DSmode_Inf,0,1596169799.962798
CF_Tcu_DSmode_Inf,0,1596169800.2618382
CF_Tcu_DSmode_Inf,0,1596169800.4625762
CF_Tcu_DSmode_Inf,0,1596169800.7615428
CF_Tcu_DSmode_Inf,0,1596169801.162844
CF_Tcu_DSmode_Inf,0,1596169801.35992
CF_Tcu_DSmode_Inf,0,1596169801.560224
CF_Tcu_DSmode_Inf,0,1596169801.6626592
CF_Tcu_DSmode_Inf,0,1596169801.760921
CF_Tcu_DSmode_Inf,0,1596169801.859751
CF_Tcu_DSmode_Inf,0,1596169801.9619188
CF_Tcu_DSmode_Inf,0,1596169802.363084
CF_Tcu_DSmode_Inf,0,1596169802.461296
CF_Tcu_DSmode_Inf,0,1596169802.760252
CF_Tcu_DSmode_Inf,0,1596169803.260375
CF_Tcu_DSmode_Inf,0,1596169803.36232
CF_Tcu_DSmode_Inf,0,1596169803.461169
CF_Tcu_DSmode_Inf,0,1596169803.5629551
CF_Tcu_DSmode_Inf,0,1596169803.6613688
CF_Tcu_DSmode_Inf,0,1596169803.8621306
CF_Tcu_DSmode_Inf,0,1596169803.96036
CF_Tcu_DSmode_Inf,0,1596169804.0627134
CF_Tcu_DSmode_Inf,0,1596169804.161035
CF_Tcu_DSmode_Inf,0,1596169804.3622458
CF_Tcu_DSmode_Inf,0,1596169804.4605598
CF_Tcu_DSmode_Inf,0,1596169804.763144
CF_Tcu_DSmode_Inf,0,1596169805.0622025
CF_Tcu_DSmode_Inf,0,1596169805.459899
CF_Tcu_DSmode_Inf,0,1596169805.660527
CF_Tcu_DSmode_Inf,0,1596169805.861413
CF_Tcu_DSmode_Inf,0,1596169805.9596179
CF_Tcu_DSmode_Inf,0,1596169806.262248
CF_Tcu_DSmode_Inf,0,1596169806.4628901
CF_Tcu_DSmode_Inf,0,1596169806.561207
CF_Tcu_DSmode_Inf,0,1596169806.6597302
CF_Tcu_DSmode_Inf,0,1596169806.7658508
CF_Tcu_DSmode_Inf,0,1596169807.1631956
CF_Tcu_DSmode_Inf,0,1596169807.2615511
CF_Tcu_DSmode_Inf,0,1596169807.36036
CF_Tcu_DSmode_Inf,0,1596169807.4622169
CF_Tcu_DSmode_Inf,0,1596169807.560608
CF_Tcu_DSmode_Inf,0,1596169807.662981
CF_Tcu_DSmode_Inf,0,1596169807.8595948
CF_Tcu_DSmode_Inf,0,1596169808.0607
CF_Tcu_DSmode_Inf,0,1596169808.2609751
CF_Tcu_DSmode_Inf,0,1596169808.3592472
CF_Tcu_DSmode_Inf,0,1596169808.5640368
CF_Tcu_DSmode_Inf,0,1596169808.658607
CF_Tcu_DSmode_Inf,0,1596169808.863036
CF_Tcu_DSmode_Inf,0,1596169809.1620119
CF_Tcu_DSmode_Inf,0,1596169809.3626418
CF_Tcu_DSmode_Inf,0,1596169809.461065
CF_Tcu_DSmode_Inf,0,1596169809.661817
CF_Tcu_DSmode_Inf,0,1596169809.760561
CF_Tcu_DSmode_Inf,0,1596169809.9607394
CF_Tcu_DSmode_Inf,0,1596169810.059416
CF_Tcu_DSmode_Inf,0,1596169810.1618721
CF_Tcu_DSmode_Inf,0,1596169810.260215
CF_Tcu_DSmode_Inf,0,1596169810.362061
CF_Tcu_DSmode_Inf,0,1596169810.66105
CF_Tcu_DSmode_Inf,0,1596169810.8617556
CF_Tcu_DSmode_Inf,0,1596169811.0624974
CF_Tcu_DSmode_Inf,0,1596169811.1607838
CF_Tcu_DSmode_Inf,0,1596169811.263165
CF_Tcu_DSmode_Inf,0,1596169811.3614619
CF_Tcu_DSmode_Inf,0,1596169811.562162
CF_Tcu_DSmode_Inf,0,1596169811.660492
CF_Tcu_DSmode_Inf,0,1596169811.959767
CF_Tcu_DSmode_Inf,0,1596169812.1604571
CF_Tcu_DSmode_Inf,0,1596169812.463239
CF_Tcu_DSmode_Inf,0,1596169812.664027
CF_Tcu_DSmode_Inf,0,1596169813.0612204
CF_Tcu_DSmode_Inf,0,1596169813.262371
CF_Tcu_DSmode_Inf,0,1596169813.462631
CF_Tcu_DSmode_Inf,0,1596169813.5613089
CF_Tcu_DSmode_Inf,0,1596169813.86035
CF_Tcu_DSmode_Inf,0,1596169813.962199
CF_Tcu_DSmode_Inf,0,1596169814.3637178
CF_Tcu_DSmode_Inf,0,1596169814.462008
CF_Tcu_DSmode_Inf,0,1596169814.6626651
CF_Tcu_DSmode_Inf,0,1596169814.760969
CF_Tcu_DSmode_Inf,0,1596169814.961615
CF_Tcu_DSmode_Inf,0,1596169815.059975
CF_Tcu_DSmode_Inf,0,1596169815.162484
CF_Tcu_DSmode_Inf,0,1596169815.261211
CF_Tcu_DSmode_Inf,0,1596169815.3595462
CF_Tcu_DSmode_Inf,0,1596169815.5597892
CF_Tcu_DSmode_Inf,0,1596169815.8627179
CF_Tcu_DSmode_Inf,0,1596169816.0635476
CF_Tcu_DSmode_Inf,0,1596169816.26068
CF_Tcu_DSmode_Inf,0,1596169816.362499
CF_Tcu_DSmode_Inf,0,1596169816.5631151
CF_Tcu_DSmode_Inf,0,1596169816.759813
CF_Tcu_DSmode_Inf,0,1596169816.9605892
CF_Tcu_DSmode_Inf,0,1596169817.062783
CF_Tcu_DSmode_Inf,0,1596169817.2597814
CF_Tcu_DSmode_Inf,0,1596169817.361877
CF_Tcu_DSmode_Inf,0,1596169817.861877
CF_Tcu_DSmode_Inf,0,1596169818.361759
CF_Tcu_DSmode_Inf,0,1596169818.4636528
CF_Tcu_DSmode_Inf,0,1596169818.66432
CF_Tcu_DSmode_Inf,0,1596169818.959599
CF_Tcu_DSmode_Inf,0,1596169819.3609128
CF_Tcu_DSmode_Inf,0,1596169819.459282
CF_Tcu_DSmode_Inf,0,1596169819.561732
CF_Tcu_DSmode_Inf,0,1596169819.6636891
CF_Tcu_DSmode_Inf,0,1596169819.761936
CF_Tcu_DSmode_Inf,0,1596169819.8606482
CF_Tcu_DSmode_Inf,0,1596169819.962641
CF_Tcu_DSmode_Inf,0,1596169820.06098
CF_Tcu_DSmode_Inf,0,1596169820.163384
CF_Tcu_DSmode_Inf,0,1596169820.261676
CF_Tcu_DSmode_Inf,0,1596169820.761315
CF_Tcu_DSmode_Inf,0,1596169820.863748
CF_Tcu_DSmode_Inf,0,1596169821.064377
CF_Tcu_DSmode_Inf,0,1596169821.1627672
CF_Tcu_DSmode_Inf,0,1596169821.36349
CF_Tcu_DSmode_Inf,0,1596169821.5604858
CF_Tcu_DSmode_Inf,0,1596169821.6588411
CF_Tcu_DSmode_Inf,0,1596169821.764759
CF_Tcu_DSmode_Inf,0,1596169822.060085
CF_Tcu_DSmode_Inf,0,1596169822.162001
CF_Tcu_DSmode_Inf,0,1596169822.362723
CF_Tcu_DSmode_Inf,0,1596169822.461062
CF_Tcu_DSmode_Inf,0,1596169822.661833
CF_Tcu_DSmode_Inf,0,1596169822.96118
CF_Tcu_DSmode_Inf,0,1596169823.263958
CF_Tcu_DSmode_Inf,0,1596169823.3620892
CF_Tcu_DSmode_Inf,0,1596169823.562817
CF_Tcu_DSmode_Inf,0,1596169823.6611662
CF_Tcu_DSmode_Inf,0,1596169823.759528
CF_Tcu_DSmode_Inf,0,1596169823.861931
CF_Tcu_DSmode_Inf,0,1596169824.164907
CF_Tcu_DSmode_Inf,0,1596169824.259767
CF_Tcu_DSmode_Inf,0,1596169824.460203
CF_Tcu_DSmode_Inf,0,1596169824.562186
CF_Tcu_DSmode_Inf,0,1596169824.762968
CF_Tcu_DSmode_Inf,0,1596169824.861294
CF_Tcu_DSmode_Inf,0,1596169825.0623412
CF_Tcu_DSmode_Inf,0,1596169825.259089
CF_Tcu_DSmode_Inf,0,1596169825.459696
CF_Tcu_DSmode_Inf,0,1596169825.561564
CF_Tcu_DSmode_Inf,0,1596169825.6640642
CF_Tcu_DSmode_Inf,0,1596169825.762315
CF_Tcu_DSmode_Inf,0,1596169825.8606482
CF_Tcu_DSmode_Inf,0,1596169825.962977
CF_Tcu_DSmode_Inf,0,1596169826.159915
CF_Tcu_DSmode_Inf,0,1596169826.360683
CF_Tcu_DSmode_Inf,0,1596169826.462614
CF_Tcu_DSmode_Inf,0,1596169826.659601
CF_Tcu_DSmode_Inf,0,1596169826.860412
CF_Tcu_DSmode_Inf,0,1596169826.9624221
CF_Tcu_DSmode_Inf,0,1596169827.060738
CF_Tcu_DSmode_Inf,0,1596169827.1631832
CF_Tcu_DSmode_Inf,0,1596169827.261332
CF_Tcu_DSmode_Inf,0,1596169827.4621642
CF_Tcu_DSmode_Inf,0,1596169827.662745
CF_Tcu_DSmode_Inf,0,1596169827.8597028
CF_Tcu_DSmode_Inf,0,1596169827.961694
CF_Tcu_DSmode_Inf,0,1596169828.1625226
CF_Tcu_DSmode_Inf,0,1596169828.4615679
CF_Tcu_DSmode_Inf,0,1596169828.55972
CF_Tcu_DSmode_Inf,0,1596169828.859228
CF_Tcu_DSmode_Inf,0,1596169829.161838
CF_Tcu_DSmode_Inf,0,1596169829.2607226
CF_Tcu_DSmode_Inf,0,1596169829.358866
CF_Tcu_DSmode_Inf,0,1596169829.661494
CF_Tcu_DSmode_Inf,0,1596169829.760482
CF_Tcu_DSmode_Inf,0,1596169830.0593722
CF_Tcu_DSmode_Inf,0,1596169830.260119
CF_Tcu_DSmode_Inf,0,1596169830.362006
CF_Tcu_DSmode_Inf,0,1596169830.559208
CF_Tcu_DSmode_Inf,0,1596169830.6612852
CF_Tcu_DSmode_Inf,0,1596169830.8616042
CF_Tcu_DSmode_Inf,0,1596169831.1606221
CF_Tcu_DSmode_Inf,0,1596169831.562026
CF_Tcu_DSmode_Inf,0,1596169831.7626328
CF_Tcu_DSmode_Inf,0,1596169831.861044
CF_Tcu_DSmode_Inf,0,1596169832.061759
CF_Tcu_DSmode_Inf,0,1596169832.1607082
CF_Tcu_DSmode_Inf,0,1596169832.36106
CF_Tcu_DSmode_Inf,0,1596169832.959161
CF_Tcu_DSmode_Inf,0,1596169833.0610614
CF_Tcu_DSmode_Inf,0,1596169833.261762
CF_Tcu_DSmode_Inf,0,1596169833.5608056
CF_Tcu_DSmode_Inf,0,1596169834.8595722
CF_Tcu_DSmode_Inf,0,1596169835.362803
CF_Tcu_DSmode_Inf,0,1596169835.6620288
CF_Tcu_DSmode_Inf,0,1596169835.764192
CF_Tcu_DSmode_Inf,0,1596169835.961257
CF_Tcu_DSmode_Inf,0,1596169836.263989
CF_Tcu_DSmode_Inf,0,1596169836.4605591
CF_Tcu_DSmode_Inf,0,1596169836.562967
CF_Tcu_DSmode_Inf,0,1596169836.9643
CF_Tcu_DSmode_Inf,0,1596169837.161282
CF_Tcu_DSmode_Inf,0,1596169837.263401
CF_Tcu_DSmode_Inf,0,1596169837.660712
CF_Tcu_DSmode_Inf,0,1596169837.8617556
CF_Tcu_DSmode_Inf,0,1596169838.1606886
CF_Tcu_DSmode_Inf,0,1596169838.258945
CF_Tcu_DSmode_Inf,0,1596169838.561716
CF_Tcu_DSmode_Inf,0,1596169838.6599789
CF_Tcu_DSmode_Inf,0,1596169838.762462
CF_Tcu_DSmode_Inf,0,1596169839.1601539
CF_Tcu_DSmode_Inf,0,1596169839.3609538
CF_Tcu_DSmode_Inf,0,1596169839.462773
CF_Tcu_DSmode_Inf,0,1596169839.561079
CF_Tcu_DSmode_Inf,0,1596169839.663595
CF_Tcu_DSmode_Inf,0,1596169839.761853
CF_Tcu_DSmode_Inf,0,1596169839.962519
CF_Tcu_DSmode_Inf,0,1596169840.060864
CF_Tcu_DSmode_Inf,0,1596169840.26189
CF_Tcu_DSmode_Inf,0,1596169841.359422
CF_Tcu_DSmode_Inf,0,1596169841.5638988
CF_Tcu_DSmode_Inf,0,1596169841.6621358
CF_Tcu_DSmode_Inf,0,1596169841.760843
CF_Tcu_DSmode_Inf,0,1596169842.063686
CF_Tcu_DSmode_Inf,0,1596169842.162059
CF_Tcu_DSmode_Inf,0,1596169842.260211
CF_Tcu_DSmode_Inf,0,1596169842.36302
CF_Tcu_DSmode_Inf,0,1596169842.460903
CF_Tcu_DSmode_Inf,0,1596169842.661725
CF_Tcu_DSmode_Inf,0,1596169842.760339
CF_Tcu_DSmode_Inf,0,1596169842.8586838
CF_Tcu_DSmode_Inf,0,1596169843.059361
CF_Tcu_DSmode_Inf,0,1596169843.2638366
CF_Tcu_DSmode_Inf,0,1596169843.36201
CF_Tcu_DSmode_Inf,0,1596169843.460355
CF_Tcu_DSmode_Inf,0,1596169843.960031
CF_Tcu_DSmode_Inf,0,1596169844.062361
CF_Tcu_DSmode_Inf,0,1596169844.164629
CF_Tcu_DSmode_Inf,0,1596169844.259403
CF_Tcu_DSmode_Inf,0,1596169844.3613632
CF_Tcu_DSmode_Inf,0,1596169844.562012
CF_Tcu_DSmode_Inf,0,1596169844.660411
CF_Tcu_DSmode_Inf,0,1596169844.762816
CF_Tcu_DSmode_Inf,0,1596169845.4593458
CF_Tcu_DSmode_Inf,0,1596169845.561557
CF_Tcu_DSmode_Inf,0,1596169845.663862
CF_Tcu_DSmode_Inf,0,1596169845.762084
CF_Tcu_DSmode_Inf,0,1596169846.159981
CF_Tcu_DSmode_Inf,0,1596169846.261814
CF_Tcu_DSmode_Inf,0,1596169846.364204
CF_Tcu_DSmode_Inf,0,1596169846.663219
CF_Tcu_DSmode_Inf,0,1596169846.76156
CF_Tcu_DSmode_Inf,0,1596169847.2612312
CF_Tcu_DSmode_Inf,0,1596169847.863327
CF_Tcu_DSmode_Inf,0,1596169847.961658
CF_Tcu_DSmode_Inf,0,1596169848.162212
CF_Tcu_DSmode_Inf,0,1596169848.260868
CF_Tcu_DSmode_Inf,0,1596169848.5600839
CF_Tcu_DSmode_Inf,0,1596169848.760803
CF_Tcu_DSmode_Inf,0,1596169848.8626359
CF_Tcu_DSmode_Inf,0,1596169849.161717
CF_Tcu_DSmode_Inf,0,1596169850.062708
CF_Tcu_DSmode_Inf,0,1596169850.2593422
CF_Tcu_DSmode_Inf,0,1596169851.259069
CF_Tcu_DSmode_Inf,0,1596169851.4599106
CF_Tcu_DSmode_Inf,0,1596169851.762485
CF_Tcu_DSmode_Inf,0,1596169852.160251
CF_Tcu_DSmode_Inf,0,1596169852.3609712
CF_Tcu_DSmode_Inf,0,1596169852.462991
CF_Tcu_DSmode_Inf,0,1596169852.6635466
CF_Tcu_DSmode_Inf,0,1596169853.159672
CF_Tcu_DSmode_Inf,0,1596169853.2617948
CF_Tcu_DSmode_Inf,0,1596169853.35994
CF_Tcu_DSmode_Inf,0,1596169853.564544
CF_Tcu_DSmode_Inf,0,1596169853.962284
CF_Tcu_DSmode_Inf,0,1596169854.1589088
CF_Tcu_DSmode_Inf,0,1596169854.2609534
CF_Tcu_DSmode_Inf,0,1596169854.9612758
CF_Tcu_DSmode_Inf,0,1596169855.461386
CF_Tcu_DSmode_Inf,0,1596169855.662016
CF_Tcu_DSmode_Inf,0,1596169855.76403
CF_Tcu_DSmode_Inf,0,1596169855.960727
CF_Tcu_DSmode_Inf,0,1596169856.1613789
CF_Tcu_DSmode_Inf,0,1596169856.661091
CF_Tcu_DSmode_Inf,0,1596169856.964098
CF_Tcu_DSmode_Inf,0,1596169857.058957
CF_Tcu_DSmode_Inf,0,1596169857.263218
CF_Tcu_DSmode_Inf,0,1596169857.361429
CF_Tcu_DSmode_Inf,0,1596169857.865207
CF_Tcu_DSmode_Inf,0,1596169857.96355
CF_Tcu_DSmode_Inf,0,1596169858.1641226
CF_Tcu_DSmode_Inf,0,1596169858.2624376
CF_Tcu_DSmode_Inf,0,1596169858.4633842
CF_Tcu_DSmode_Inf,0,1596169858.561585
CF_Tcu_DSmode_Inf,0,1596169858.659955
CF_Tcu_DSmode_Inf,0,1596169858.762208
CF_Tcu_DSmode_Inf,0,1596169859.15959
CF_Tcu_DSmode_Inf,0,1596169859.36429
CF_Tcu_DSmode_Inf,0,1596169859.4589212
CF_Tcu_DSmode_Inf,0,1596169860.06054
CF_Tcu_DSmode_Inf,0,1596169860.1592429
CF_Tcu_DSmode_Inf,0,1596169860.36009
CF_Tcu_DSmode_Inf,0,1596169860.461972
CF_Tcu_DSmode_Inf,0,1596169860.6626296
CF_Tcu_DSmode_Inf,0,1596169860.761018
CF_Tcu_DSmode_Inf,0,1596169860.96173
CF_Tcu_DSmode_Inf,0,1596169861.1623511
CF_Tcu_DSmode_Inf,0,1596169861.2606509
CF_Tcu_DSmode_Inf,0,1596169861.563777
CF_Tcu_DSmode_Inf,0,1596169861.7644598
CF_Tcu_DSmode_Inf,0,1596169861.862888
CF_Tcu_DSmode_Inf,0,1596169862.461151
CF_Tcu_DSmode_Inf,0,1596169862.5631292
CF_Tcu_DSmode_Inf,0,1596169862.763757
CF_Tcu_DSmode_Inf,0,1596169863.059357
CF_Tcu_DSmode_Inf,0,1596169863.161106
CF_Tcu_DSmode_Inf,0,1596169863.259388
CF_Tcu_DSmode_Inf,0,1596169863.3618462
CF_Tcu_DSmode_Inf,0,1596169863.460074
CF_Tcu_DSmode_Inf,0,1596169863.660801
CF_Tcu_DSmode_Inf,0,1596169864.0622098
CF_Tcu_DSmode_Inf,0,1596169864.259112
CF_Tcu_DSmode_Inf,0,1596169864.3612142
CF_Tcu_DSmode_Inf,0,1596169864.660589
CF_Tcu_DSmode_Inf,0,1596169864.860939
CF_Tcu_DSmode_Inf,0,1596169864.963265
CF_Tcu_DSmode_Inf,0,1596169865.561223
CF_Tcu_DSmode_Inf,0,1596169865.9589849
CF_Tcu_DSmode_Inf,0,1596169866.3602922
CF_Tcu_DSmode_Inf,0,1596169866.462409
CF_Tcu_DSmode_Inf,0,1596169866.560673
CF_Tcu_DSmode_Inf,0,1596169866.663137
CF_Tcu_DSmode_Inf,0,1596169866.761875
CF_Tcu_DSmode_Inf,0,1596169866.9620512
CF_Tcu_DSmode_Inf,0,1596169867.06069
CF_Tcu_DSmode_Inf,0,1596169867.261491
CF_Tcu_DSmode_Inf,0,1596169867.560536
CF_Tcu_DSmode_Inf,0,1596169867.662282
CF_Tcu_DSmode_Inf,0,1596169867.760758
CF_Tcu_DSmode_Inf,0,1596169867.8593562
CF_Tcu_DSmode_Inf,0,1596169867.961474
CF_Tcu_DSmode_Inf,0,1596169868.1620786
CF_Tcu_DSmode_Inf,0,1596169868.5598311
CF_Tcu_DSmode_Inf,0,1596169868.7604551
CF_Tcu_DSmode_Inf,0,1596169868.8625114
CF_Tcu_DSmode_Inf,0,1596169869.059374
CF_Tcu_DSmode_Inf,0,1596169869.3621821
CF_Tcu_DSmode_Inf,0,1596169869.460469
CF_Tcu_DSmode_Inf,0,1596169869.8618088
CF_Tcu_DSmode_Inf,0,1596169870.062635
CF_Tcu_DSmode_Inf,0,1596169870.3615518
CF_Tcu_DSmode_Inf,0,1596169870.460244
CF_Tcu_DSmode_Inf,0,1596169870.6606011
CF_Tcu_DSmode_Inf,0,1596169871.3609998
CF_Tcu_DSmode_Inf,0,1596169871.5616262
CF_Tcu_DSmode_Inf,0,1596169871.6599302
CF_Tcu_DSmode_Inf,0,1596169871.864594
CF_Tcu_DSmode_Inf,0,1596169872.061276
CF_Tcu_DSmode_Inf,0,1596169872.261968
CF_Tcu_DSmode_Inf,0,1596169872.4627366
CF_Tcu_DSmode_Inf,0,1596169872.561065
CF_Tcu_DSmode_Inf,0,1596169872.7620099
CF_Tcu_DSmode_Inf,0,1596169872.8604698
CF_Tcu_DSmode_Inf,0,1596169873.0611806
CF_Tcu_DSmode_Inf,0,1596169873.159502
CF_Tcu_DSmode_Inf,0,1596169873.761524
CF_Tcu_DSmode_Inf,0,1596169873.9617732
CF_Tcu_DSmode_Inf,0,1596169874.060548
CF_Tcu_DSmode_Inf,0,1596169874.461411
CF_Tcu_DSmode_Inf,0,1596169874.6585422
CF_Tcu_DSmode_Inf,0,1596169874.760442
CF_Tcu_DSmode_Inf,0,1596169874.8628259
CF_Tcu_DSmode_Inf,0,1596169874.961057
CF_Tcu_DSmode_Inf,0,1596169875.2606232
CF_Tcu_DSmode_Inf,0,1596169875.4648669
CF_Tcu_DSmode_Inf,0,1596169875.559476
CF_Tcu_DSmode_Inf,0,1596169875.960428
CF_Tcu_DSmode_Inf,0,1596169876.062885
CF_Tcu_DSmode_Inf,0,1596169876.161762
CF_Tcu_DSmode_Inf,0,1596169876.460487
CF_Tcu_DSmode_Inf,0,1596169876.661393
CF_Tcu_DSmode_Inf,0,1596169877.058738
CF_Tcu_DSmode_Inf,0,1596169877.3614788
CF_Tcu_DSmode_Inf,0,1596169877.6606886
CF_Tcu_DSmode_Inf,0,1596169877.861475
CF_Tcu_DSmode_Inf,0,1596169877.9632661
CF_Tcu_DSmode_Inf,0,1596169878.06163
CF_Tcu_DSmode_Inf,0,1596169878.258739
CF_Tcu_DSmode_Inf,0,1596169878.3607
CF_Tcu_DSmode_Inf,0,1596169878.561377
CF_Tcu_DSmode_Inf,0,1596169878.660067
CF_Tcu_DSmode_Inf,0,1596169878.7584152
CF_Tcu_DSmode_Inf,0,1596169878.860415
CF_Tcu_DSmode_Inf,0,1596169879.159624
CF_Tcu_DSmode_Inf,0,1596169879.462502
CF_Tcu_DSmode_Inf,0,1596169879.859715
CF_Tcu_DSmode_Inf,0,1596169880.0608
CF_Tcu_DSmode_Inf,0,1596169880.4617238
CF_Tcu_DSmode_Inf,0,1596169880.9614189
CF_Tcu_DSmode_Inf,0,1596169881.060208
CF_Tcu_DSmode_Inf,0,1596169881.8589911
CF_Tcu_DSmode_Inf,0,1596169882.059598
CF_Tcu_DSmode_Inf,0,1596169882.460524
CF_Tcu_DSmode_Inf,0,1596169882.5629652
CF_Tcu_DSmode_Inf,0,1596169882.759993
CF_Tcu_DSmode_Inf,0,1596169882.9602132
CF_Tcu_DSmode_Inf,0,1596169883.062675
CF_Tcu_DSmode_Inf,0,1596169883.160903
CF_Tcu_DSmode_Inf,0,1596169883.25933
CF_Tcu_DSmode_Inf,0,1596169883.3620439
CF_Tcu_DSmode_Inf,0,1596169883.660638
CF_Tcu_DSmode_Inf,0,1596169883.963676
CF_Tcu_DSmode_Inf,0,1596169884.06204
CF_Tcu_DSmode_Inf,0,1596169884.1603498
CF_Tcu_DSmode_Inf,0,1596169884.259299
CF_Tcu_DSmode_Inf,0,1596169884.361078
CF_Tcu_DSmode_Inf,0,1596169884.459327
CF_Tcu_DSmode_Inf,0,1596169884.660397
CF_Tcu_DSmode_Inf,0,1596169884.762455
CF_Tcu_DSmode_Inf,0,1596169884.860692
CF_Tcu_DSmode_Inf,0,1596169884.959611
CF_Tcu_DSmode_Inf,0,1596169885.0613186
CF_Tcu_DSmode_Inf,0,1596169885.36039
CF_Tcu_DSmode_Inf,0,1596169885.459017
CF_Tcu_DSmode_Inf,0,1596169885.561676
CF_Tcu_DSmode_Inf,0,1596169885.659457
CF_Tcu_DSmode_Inf,0,1596169885.958673
CF_Tcu_DSmode_Inf,0,1596169886.163161
CF_Tcu_DSmode_Inf,0,1596169886.261452
CF_Tcu_DSmode_Inf,0,1596169886.4622452
CF_Tcu_DSmode_Inf,0,1596169886.5604851
CF_Tcu_DSmode_Inf,0,1596169886.761136
CF_Tcu_DSmode_Inf,0,1596169886.859976
CF_Tcu_DSmode_Inf,0,1596169887.0642312
CF_Tcu_DSmode_Inf,0,1596169887.162559
CF_Tcu_DSmode_Inf,0,1596169887.461529
CF_Tcu_DSmode_Inf,0,1596169887.662236
CF_Tcu_DSmode_Inf,0,1596169887.7605631
CF_Tcu_DSmode_Inf,0,1596169887.859251
CF_Tcu_DSmode_Inf,0,1596169887.961544
CF_Tcu_DSmode_Inf,0,1596169888.1583412
CF_Tcu_DSmode_Inf,0,1596169888.358918
CF_Tcu_DSmode_Inf,0,1596169888.563205
CF_Tcu_DSmode_Inf,0,1596169888.6615226
CF_Tcu_DSmode_Inf,0,1596169888.862336
CF_Tcu_DSmode_Inf,0,1596169888.9606988
CF_Tcu_DSmode_Inf,0,1596169889.161317
CF_Tcu_DSmode_Inf,0,1596169889.26009
CF_Tcu_DSmode_Inf,0,1596169889.4642198
CF_Tcu_DSmode_Inf,0,1596169889.5588312
CF_Tcu_DSmode_Inf,0,1596169889.861664
CF_Tcu_DSmode_Inf,0,1596169890.062434
CF_Tcu_DSmode_Inf,0,1596169890.161061
CF_Tcu_DSmode_Inf,0,1596169890.3617132
CF_Tcu_DSmode_Inf,0,1596169890.76277
CF_Tcu_DSmode_Inf,0,1596169890.96348
CF_Tcu_DSmode_Inf,0,1596169891.061661
CF_Tcu_DSmode_Inf,0,1596169891.1600692
CF_Tcu_DSmode_Inf,0,1596169891.3611882
CF_Tcu_DSmode_Inf,0,1596169891.561791
CF_Tcu_DSmode_Inf,0,1596169891.659749
CF_Tcu_DSmode_Inf,0,1596169892.0611498
CF_Tcu_DSmode_Inf,0,1596169892.2618241
CF_Tcu_DSmode_Inf,0,1596169892.5612571
CF_Tcu_DSmode_Inf,0,1596169892.6595476
CF_Tcu_DSmode_Inf,0,1596169892.859806
CF_Tcu_DSmode_Inf,0,1596169892.962244
CF_Tcu_DSmode_Inf,0,1596169893.1593199
CF_Tcu_DSmode_Inf,0,1596169893.2611468
CF_Tcu_DSmode_Inf,0,1596169893.4583216
CF_Tcu_DSmode_Inf,0,1596169893.560251
CF_Tcu_DSmode_Inf,0,1596169893.9615471
CF_Tcu_DSmode_Inf,0,1596169894.059874
CF_Tcu_DSmode_Inf,0,1596169894.461198
CF_Tcu_DSmode_Inf,0,1596169894.760627
CF_Tcu_DSmode_Inf,0,1596169894.960992
CF_Tcu_DSmode_Inf,0,1596169895.063257
CF_Tcu_DSmode_Inf,0,1596169895.2601929
CF_Tcu_DSmode_Inf,0,1596169895.5593429
CF_Tcu_DSmode_Inf,0,1596169895.661398
CF_Tcu_DSmode_Inf,0,1596169896.1613688
CF_Tcu_DSmode_Inf,0,1596169896.4600909
CF_Tcu_DSmode_Inf,0,1596169896.5586581
CF_Tcu_DSmode_Inf,0,1596169896.861416
CF_Tcu_DSmode_Inf,0,1596169896.9597778
CF_Tcu_DSmode_Inf,0,1596169897.361074
CF_Tcu_DSmode_Inf,0,1596169897.660455
CF_Tcu_DSmode_Inf,0,1596169897.758938
CF_Tcu_DSmode_Inf,0,1596169897.959582
CF_Tcu_DSmode_Inf,0,1596169898.3610098
CF_Tcu_DSmode_Inf,0,1596169898.561114
CF_Tcu_DSmode_Inf,0,1596169898.659904
CF_Tcu_DSmode_Inf,0,1596169898.7619119
CF_Tcu_DSmode_Inf,0,1596169898.86427
CF_Tcu_DSmode_Inf,0,1596169899.159554
CF_Tcu_DSmode_Inf,0,1596169899.261441
CF_Tcu_DSmode_Inf,0,1596169899.359895
CF_Tcu_DSmode_Inf,0,1596169899.4622662
CF_Tcu_DSmode_Inf,0,1596169899.6592386
CF_Tcu_DSmode_Inf,0,1596169899.7612329
CF_Tcu_DSmode_Inf,0,1596169899.958405
CF_Tcu_DSmode_Inf,0,1596169900.0606458
CF_Tcu_DSmode_Inf,0,1596169900.1627069
CF_Tcu_DSmode_Inf,0,1596169900.363203
CF_Tcu_DSmode_Inf,0,1596169900.4616358
CF_Tcu_DSmode_Inf,0,1596169900.559933
CF_Tcu_DSmode_Inf,0,1596169900.7611868
CF_Tcu_DSmode_Inf,0,1596169900.858975
CF_Tcu_DSmode_Inf,0,1596169901.059943
CF_Tcu_DSmode_Inf,0,1596169901.3627386
CF_Tcu_DSmode_Inf,0,1596169901.661737
CF_Tcu_DSmode_Inf,0,1596169902.0590432
CF_Tcu_DSmode_Inf,0,1596169902.161293
CF_Tcu_DSmode_Inf,0,1596169902.260023
CF_Tcu_DSmode_Inf,0,1596169902.36212
CF_Tcu_DSmode_Inf,0,1596169902.5591538
CF_Tcu_DSmode_Inf,0,1596169902.6610072
CF_Tcu_DSmode_Inf,0,1596169902.861852
CF_Tcu_DSmode_Inf,0,1596169903.1607628
CF_Tcu_DSmode_Inf,0,1596169903.259457
CF_Tcu_DSmode_Inf,0,1596169903.460176
CF_Tcu_DSmode_Inf,0,1596169903.7628472
CF_Tcu_DSmode_Inf,0,1596169903.8611698
CF_Tcu_DSmode_Inf,0,1596169904.459543
CF_Tcu_DSmode_Inf,0,1596169904.660236
CF_Tcu_DSmode_Inf,0,1596169904.762284
CF_Tcu_DSmode_Inf,0,1596169905.2620609
CF_Tcu_DSmode_Inf,0,1596169905.360193
CF_Tcu_DSmode_Inf,0,1596169905.5608768
CF_Tcu_DSmode_Inf,0,1596169905.659275
CF_Tcu_DSmode_Inf,0,1596169905.761528
CF_Tcu_DSmode_Inf,0,1596169905.8603141
CF_Tcu_DSmode_Inf,0,1596169905.9623349
CF_Tcu_DSmode_Inf,0,1596169906.162976
CF_Tcu_DSmode_Inf,0,1596169906.261311
CF_Tcu_DSmode_Inf,0,1596169906.658933
CF_Tcu_DSmode_Inf,0,1596169906.9616961
CF_Tcu_DSmode_Inf,0,1596169907.1586552
CF_Tcu_DSmode_Inf,0,1596169907.359328
CF_Tcu_DSmode_Inf,0,1596169907.4612944
CF_Tcu_DSmode_Inf,0,1596169907.6621966
CF_Tcu_DSmode_Inf,0,1596169907.760345
CF_Tcu_DSmode_Inf,0,1596169907.8591738
CF_Tcu_DSmode_Inf,0,1596169908.358774
CF_Tcu_DSmode_Inf,0,1596169908.661364
CF_Tcu_DSmode_Inf,0,1596169908.759712
CF_Tcu_DSmode_Inf,0,1596169908.862143
CF_Tcu_DSmode_Inf,0,1596169908.9605298
CF_Tcu_DSmode_Inf,0,1596169909.263406
CF_Tcu_DSmode_Inf,0,1596169909.358211
CF_Tcu_DSmode_Inf,0,1596169909.558776
CF_Tcu_DSmode_Inf,0,1596169909.86146
CF_Tcu_DSmode_Inf,0,1596169910.062199
CF_Tcu_DSmode_Inf,0,1596169910.160518
CF_Tcu_DSmode_Inf,0,1596169910.5618718
CF_Tcu_DSmode_Inf,0,1596169910.6601589
CF_Tcu_DSmode_Inf,0,1596169910.860872
CF_Tcu_DSmode_Inf,0,1596169911.0614722
CF_Tcu_DSmode_Inf,0,1596169911.159868
CF_Tcu_DSmode_Inf,0,1596169911.360599
CF_Tcu_DSmode_Inf,0,1596169911.459394
CF_Tcu_DSmode_Inf,0,1596169911.5612462
CF_Tcu_DSmode_Inf,0,1596169911.659568
CF_Tcu_DSmode_Inf,0,1596169911.9589329
CF_Tcu_DSmode_Inf,0,1596169912.261684
CF_Tcu_DSmode_Inf,0,1596169912.360394
CF_Tcu_DSmode_Inf,0,1596169912.5606024
CF_Tcu_DSmode_Inf,0,1596169912.961983
CF_Tcu_DSmode_Inf,0,1596169913.158995
CF_Tcu_DSmode_Inf,0,1596169913.2609978
CF_Tcu_DSmode_Inf,0,1596169913.461643
CF_Tcu_DSmode_Inf,0,1596169914.059681
CF_Tcu_DSmode_Inf,0,1596169915.3621702
CF_Tcu_DSmode_Inf,0,1596169915.5629606
CF_Tcu_DSmode_Inf,0,1596169915.7594962
CF_Tcu_DSmode_Inf,0,1596169916.1608472
CF_Tcu_DSmode_Inf,0,1596169916.459834
CF_Tcu_DSmode_Inf,0,1596169916.66065
CF_Tcu_DSmode_Inf,0,1596169917.058202
CF_Tcu_DSmode_Inf,0,1596169917.1605928
CF_Tcu_DSmode_Inf,0,1596169917.361224
CF_Tcu_DSmode_Inf,0,1596169917.9593954
CF_Tcu_DSmode_Inf,0,1596169918.061197
CF_Tcu_DSmode_Inf,0,1596169918.261893
CF_Tcu_DSmode_Inf,0,1596169918.560962
CF_Tcu_DSmode_Inf,0,1596169918.659585
CF_Tcu_DSmode_Inf,0,1596169918.860024
CF_Tcu_DSmode_Inf,0,1596169919.056845
CF_Tcu_DSmode_Inf,0,1596169919.2613509
CF_Tcu_DSmode_Inf,0,1596169919.35965
CF_Tcu_DSmode_Inf,0,1596169919.4584134
CF_Tcu_DSmode_Inf,0,1596169919.5603762
CF_Tcu_DSmode_Inf,0,1596169919.760996
CF_Tcu_DSmode_Inf,0,1596169919.8593788
CF_Tcu_DSmode_Inf,0,1596169920.060405
CF_Tcu_DSmode_Inf,0,1596169920.2607
CF_Tcu_DSmode_Inf,0,1596169920.363169
CF_Tcu_DSmode_Inf,0,1596169920.6621704
CF_Tcu_DSmode_Inf,0,1596169920.9611402
CF_Tcu_DSmode_Inf,0,1596169921.0593634
CF_Tcu_DSmode_Inf,0,1596169921.260161
CF_Tcu_DSmode_Inf,0,1596169921.6615648
CF_Tcu_DSmode_Inf,0,1596169921.858594
CF_Tcu_DSmode_Inf,0,1596169921.9607608
CF_Tcu_DSmode_Inf,0,1596169922.1611779
CF_Tcu_DSmode_Inf,0,1596169922.259574
CF_Tcu_DSmode_Inf,0,1596169922.460299
CF_Tcu_DSmode_Inf,0,1596169922.5588331
CF_Tcu_DSmode_Inf,0,1596169922.759216
CF_Tcu_DSmode_Inf,0,1596169923.160598
CF_Tcu_DSmode_Inf,0,1596169923.361245
CF_Tcu_DSmode_Inf,0,1596169923.459824
CF_Tcu_DSmode_Inf,0,1596169923.660335
CF_Tcu_DSmode_Inf,0,1596169923.7590454
CF_Tcu_DSmode_Inf,0,1596169924.0617552
CF_Tcu_DSmode_Inf,0,1596169924.258668
CF_Tcu_DSmode_Inf,0,1596169924.561234
CF_Tcu_DSmode_Inf,0,1596169924.860627
CF_Tcu_DSmode_Inf,0,1596169924.95872
CF_Tcu_DSmode_Inf,0,1596169925.1598651
CF_Tcu_DSmode_Inf,0,1596169925.258214
CF_Tcu_DSmode_Inf,0,1596169925.560682
CF_Tcu_DSmode_Inf,0,1596169925.761499
CF_Tcu_DSmode_Inf,0,1596169925.8596976
CF_Tcu_DSmode_Inf,0,1596169926.1628609
CF_Tcu_DSmode_Inf,0,1596169926.359447
CF_Tcu_DSmode_Inf,0,1596169926.4618182
CF_Tcu_DSmode_Inf,0,1596169926.560149
CF_Tcu_DSmode_Inf,0,1596169926.662542
CF_Tcu_DSmode_Inf,0,1596169926.760755
CF_Tcu_DSmode_Inf,0,1596169927.060205
CF_Tcu_DSmode_Inf,0,1596169927.2606232
CF_Tcu_DSmode_Inf,0,1596169927.3627882
CF_Tcu_DSmode_Inf,0,1596169927.559804
CF_Tcu_DSmode_Inf,0,1596169927.960793
CF_Tcu_DSmode_Inf,0,1596169928.1578722
CF_Tcu_DSmode_Inf,0,1596169928.4605641
CF_Tcu_DSmode_Inf,0,1596169928.559167
CF_Tcu_DSmode_Inf,0,1596169928.759553
CF_Tcu_DSmode_Inf,0,1596169928.8581948
CF_Tcu_DSmode_Inf,0,1596169929.0625598
CF_Tcu_DSmode_Inf,0,1596169929.5587056
CF_Tcu_DSmode_Inf,0,1596169929.660616
CF_Tcu_DSmode_Inf,0,1596169930.160254
CF_Tcu_DSmode_Inf,0,1596169930.2590811
CF_Tcu_DSmode_Inf,0,1596169930.4593432
CF_Tcu_DSmode_Inf,0,1596169930.561795
CF_Tcu_DSmode_Inf,0,1596169930.660374
CF_Tcu_DSmode_Inf,0,1596169930.7587268
CF_Tcu_DSmode_Inf,0,1596169930.860727
CF_Tcu_DSmode_Inf,0,1596169930.959397
CF_Tcu_DSmode_Inf,0,1596169931.1601179
CF_Tcu_DSmode_Inf,0,1596169931.2621331
CF_Tcu_DSmode_Inf,0,1596169931.462738
CF_Tcu_DSmode_Inf,0,1596169931.561
CF_Tcu_DSmode_Inf,0,1596169932.163033
CF_Tcu_DSmode_Inf,0,1596169932.761086
CF_Tcu_DSmode_Inf,0,1596169933.2608519
CF_Tcu_DSmode_Inf,0,1596169933.3595364
CF_Tcu_DSmode_Inf,0,1596169933.5602088
CF_Tcu_DSmode_Inf,0,1596169933.662215
CF_Tcu_DSmode_Inf,0,1596169933.8591669
CF_Tcu_DSmode_Inf,0,1596169934.059532
CF_Tcu_DSmode_Inf,0,1596169934.260184
CF_Tcu_DSmode_Inf,0,1596169934.3587642
CF_Tcu_DSmode_Inf,0,1596169934.4608386
CF_Tcu_DSmode_Inf,0,1596169934.559623
CF_Tcu_DSmode_Inf,0,1596169934.6616168
CF_Tcu_DSmode_Inf,0,1596169934.7603214
CF_Tcu_DSmode_Inf,0,1596169934.8587
CF_Tcu_DSmode_Inf,0,1596169934.960491
CF_Tcu_DSmode_Inf,0,1596169935.161378
CF_Tcu_DSmode_Inf,0,1596169935.558579
CF_Tcu_DSmode_Inf,0,1596169935.763243
CF_Tcu_DSmode_Inf,0,1596169935.9603796
CF_Tcu_DSmode_Inf,0,1596169936.062301
CF_Tcu_DSmode_Inf,0,1596169936.160597
CF_Tcu_DSmode_Inf,0,1596169936.2630432
CF_Tcu_DSmode_Inf,0,1596169936.361273
CF_Tcu_DSmode_Inf,0,1596169936.4596438
CF_Tcu_DSmode_Inf,0,1596169936.6603892
CF_Tcu_DSmode_Inf,0,1596169936.9597769
CF_Tcu_DSmode_Inf,0,1596169937.0616946
CF_Tcu_DSmode_Inf,0,1596169937.262464
CF_Tcu_DSmode_Inf,0,1596169937.5615602
CF_Tcu_DSmode_Inf,0,1596169937.659691
CF_Tcu_DSmode_Inf,0,1596169937.962694
CF_Tcu_DSmode_Inf,0,1596169938.1635242
CF_Tcu_DSmode_Inf,0,1596169938.258146
CF_Tcu_DSmode_Inf,0,1596169938.462452
CF_Tcu_DSmode_Inf,0,1596169938.5607624
CF_Tcu_DSmode_Inf,0,1596169938.659091
CF_Tcu_DSmode_Inf,0,1596169938.761536
CF_Tcu_DSmode_Inf,0,1596169939.060856
CF_Tcu_DSmode_Inf,0,1596169939.458144
CF_Tcu_DSmode_Inf,0,1596169939.658912
CF_Tcu_DSmode_Inf,0,1596169939.9616401
CF_Tcu_DSmode_Inf,0,1596169940.0598242
CF_Tcu_DSmode_Inf,0,1596169940.158713
CF_Tcu_DSmode_Inf,0,1596169940.359382
CF_Tcu_DSmode_Inf,0,1596169940.5635571
CF_Tcu_DSmode_Inf,0,1596169940.6581721
CF_Tcu_DSmode_Inf,0,1596169940.8626099
CF_Tcu_DSmode_Inf,0,1596169940.9609332
CF_Tcu_DSmode_Inf,0,1596169941.059229
CF_Tcu_DSmode_Inf,0,1596169941.161587
CF_Tcu_DSmode_Inf,0,1596169941.259992
CF_Tcu_DSmode_Inf,0,1596169941.3587186
CF_Tcu_DSmode_Inf,0,1596169941.460644
CF_Tcu_DSmode_Inf,0,1596169941.558919
CF_Tcu_DSmode_Inf,0,1596169942.0626738
CF_Tcu_DSmode_Inf,0,1596169942.1611562
CF_Tcu_DSmode_Inf,0,1596169942.3616798
CF_Tcu_DSmode_Inf,0,1596169942.558689
CF_Tcu_DSmode_Inf,0,1596169942.6607082
CF_Tcu_DSmode_Inf,0,1596169942.759088
CF_Tcu_DSmode_Inf,0,1596169942.861366
CF_Tcu_DSmode_Inf,0,1596169942.9637408
CF_Tcu_DSmode_Inf,0,1596169943.058652
CF_Tcu_DSmode_Inf,0,1596169943.2591882
CF_Tcu_DSmode_Inf,0,1596169943.3610241
CF_Tcu_DSmode_Inf,0,1596169943.459372
CF_Tcu_DSmode_Inf,0,1596169943.659971
CF_Tcu_DSmode_Inf,0,1596169943.860812
CF_Tcu_DSmode_Inf,0,1596169944.262134
CF_Tcu_DSmode_Inf,0,1596169944.458818
CF_Tcu_DSmode_Inf,0,1596169944.561088
CF_Tcu_DSmode_Inf,0,1596169944.659494
CF_Tcu_DSmode_Inf,0,1596169944.958889
CF_Tcu_DSmode_Inf,0,1596169945.159179
CF_Tcu_DSmode_Inf,0,1596169945.2615194
CF_Tcu_DSmode_Inf,0,1596169945.4586651
CF_Tcu_DSmode_Inf,0,1596169945.761251
CF_Tcu_DSmode_Inf,0,1596169945.962023
CF_Tcu_DSmode_Inf,0,1596169946.060127
CF_Tcu_DSmode_Inf,0,1596169946.260952
CF_Tcu_DSmode_Inf,0,1596169947.059593
CF_Tcu_DSmode_Inf,0,1596169947.162117
CF_Tcu_DSmode_Inf,0,1596169947.2602632
CF_Tcu_DSmode_Inf,0,1596169947.358604
CF_Tcu_DSmode_Inf,0,1596169947.559264
CF_Tcu_DSmode_Inf,0,1596169947.657917
CF_Tcu_DSmode_Inf,0,1596169947.7605062
CF_Tcu_DSmode_Inf,0,1596169947.858718
CF_Tcu_DSmode_Inf,0,1596169948.062916
CF_Tcu_DSmode_Inf,0,1596169948.1613722
CF_Tcu_DSmode_Inf,0,1596169948.3620944
CF_Tcu_DSmode_Inf,0,1596169948.460581
CF_Tcu_DSmode_Inf,0,1596169948.6615226
CF_Tcu_DSmode_Inf,0,1596169949.263077
CF_Tcu_DSmode_Inf,0,1596169949.357824
CF_Tcu_DSmode_Inf,0,1596169949.5621
CF_Tcu_DSmode_Inf,0,1596169949.660445
CF_Tcu_DSmode_Inf,0,1596169949.7587314
CF_Tcu_DSmode_Inf,0,1596169949.861194
CF_Tcu_DSmode_Inf,0,1596169949.959404
CF_Tcu_DSmode_Inf,0,1596169950.1601136
CF_Tcu_DSmode_Inf,0,1596169950.258409
CF_Tcu_DSmode_Inf,0,1596169950.5578828
CF_Tcu_DSmode_Inf,0,1596169950.7622962
CF_Tcu_DSmode_Inf,0,1596169950.8604002
CF_Tcu_DSmode_Inf,0,1596169951.06118
CF_Tcu_DSmode_Inf,0,1596169951.1594212
CF_Tcu_DSmode_Inf,0,1596169951.458848
CF_Tcu_DSmode_Inf,0,1596169951.659173
CF_Tcu_DSmode_Inf,0,1596169951.7615669
CF_Tcu_DSmode_Inf,0,1596169951.962262
CF_Tcu_DSmode_Inf,0,1596169952.159292
CF_Tcu_DSmode_Inf,0,1596169952.2612312
CF_Tcu_DSmode_Inf,0,1596169952.359443
CF_Tcu_DSmode_Inf,0,1596169952.65858
CF_Tcu_DSmode_Inf,0,1596169952.761024
CF_Tcu_DSmode_Inf,0,1596169952.859288
CF_Tcu_DSmode_Inf,0,1596169953.0599182
CF_Tcu_DSmode_Inf,0,1596169953.1585839
CF_Tcu_DSmode_Inf,0,1596169953.2610052
CF_Tcu_DSmode_Inf,0,1596169953.358992
CF_Tcu_DSmode_Inf,0,1596169953.457495
CF_Tcu_DSmode_Inf,0,1596169953.5596461
CF_Tcu_DSmode_Inf,0,1596169953.6620538
CF_Tcu_DSmode_Inf,0,1596169953.7602632
CF_Tcu_DSmode_Inf,0,1596169953.8626099
CF_Tcu_DSmode_Inf,0,1596169953.960932
CF_Tcu_DSmode_Inf,0,1596169954.25999
CF_Tcu_DSmode_Inf,0,1596169954.460747
CF_Tcu_DSmode_Inf,0,1596169954.559531
CF_Tcu_DSmode_Inf,0,1596169954.760132
CF_Tcu_DSmode_Inf,0,1596169955.1574259
CF_Tcu_DSmode_Inf,0,1596169955.259409
CF_Tcu_DSmode_Inf,0,1596169955.35813
CF_Tcu_DSmode_Inf,0,1596169955.460068
CF_Tcu_DSmode_Inf,0,1596169955.6607358
CF_Tcu_DSmode_Inf,0,1596169955.7594922
CF_Tcu_DSmode_Inf,0,1596169956.058493
CF_Tcu_DSmode_Inf,0,1596169956.259105
CF_Tcu_DSmode_Inf,0,1596169956.3573859
CF_Tcu_DSmode_Inf,0,1596169956.660193
CF_Tcu_DSmode_Inf,0,1596169956.8612502
CF_Tcu_DSmode_Inf,0,1596169956.9591131
CF_Tcu_DSmode_Inf,0,1596169957.16398
CF_Tcu_DSmode_Inf,0,1596169957.2622056
CF_Tcu_DSmode_Inf,0,1596169957.462869
CF_Tcu_DSmode_Inf,0,1596169957.7621694
CF_Tcu_DSmode_Inf,0,1596169958.061117
CF_Tcu_DSmode_Inf,0,1596169958.1595874
CF_Tcu_DSmode_Inf,0,1596169958.7576902
CF_Tcu_DSmode_Inf,0,1596169958.859529
CF_Tcu_DSmode_Inf,0,1596169959.261225
CF_Tcu_DSmode_Inf,0,1596169959.359402
CF_Tcu_DSmode_Inf,0,1596169959.5602958
CF_Tcu_DSmode_Inf,0,1596169959.859415
CF_Tcu_DSmode_Inf,0,1596169959.96132
CF_Tcu_DSmode_Inf,0,1596169960.158422
CF_Tcu_DSmode_Inf,0,1596169960.2603052
CF_Tcu_DSmode_Inf,0,1596169960.559401
CF_Tcu_DSmode_Inf,0,1596169960.858743
CF_Tcu_DSmode_Inf,0,1596169961.259743
CF_Tcu_DSmode_Inf,0,1596169961.460366
CF_Tcu_DSmode_Inf,0,1596169961.558757
CF_Tcu_DSmode_Inf,0,1596169961.9605162
CF_Tcu_DSmode_Inf,0,1596169962.2631512
CF_Tcu_DSmode_Inf,0,1596169962.959626
CF_Tcu_DSmode_Inf,0,1596169963.2624938
CF_Tcu_DSmode_Inf,0,1596169963.463239
CF_Tcu_DSmode_Inf,0,1596169963.762175
CF_Tcu_DSmode_Inf,0,1596169963.8606248
CF_Tcu_DSmode_Inf,0,1596169963.9591892
CF_Tcu_DSmode_Inf,0,1596169964.061826
CF_Tcu_DSmode_Inf,0,1596169964.3602982
CF_Tcu_DSmode_Inf,0,1596169964.4586284
CF_Tcu_DSmode_Inf,0,1596169964.761599
CF_Tcu_DSmode_Inf,0,1596169965.158975
CF_Tcu_DSmode_Inf,0,1596169965.3597
CF_Tcu_DSmode_Inf,0,1596169965.658699
CF_Tcu_DSmode_Inf,0,1596169965.7610626
CF_Tcu_DSmode_Inf,0,1596169966.260756
CF_Tcu_DSmode_Inf,0,1596169966.358984
CF_Tcu_DSmode_Inf,0,1596169966.4576774
CF_Tcu_DSmode_Inf,0,1596169966.5596852
CF_Tcu_DSmode_Inf,0,1596169966.6583529
CF_Tcu_DSmode_Inf,0,1596169966.8627882
CF_Tcu_DSmode_Inf,0,1596169966.961118
CF_Tcu_DSmode_Inf,0,1596169967.063361
CF_Tcu_DSmode_Inf,0,1596169967.1580892
CF_Tcu_DSmode_Inf,0,1596169967.559082
CF_Tcu_DSmode_Inf,0,1596169968.059187
CF_Tcu_DSmode_Inf,0,1596169968.157423
CF_Tcu_DSmode_Inf,0,1596169968.3582392
CF_Tcu_DSmode_Inf,0,1596169968.4601886
CF_Tcu_DSmode_Inf,0,1596169969.26284
CF_Tcu_DSmode_Inf,0,1596169969.361282
CF_Tcu_DSmode_Inf,0,1596169969.5618794
CF_Tcu_DSmode_Inf,0,1596169969.758563
CF_Tcu_DSmode_Inf,0,1596169969.857326
CF_Tcu_DSmode_Inf,0,1596169969.959281
CF_Tcu_DSmode_Inf,0,1596169970.1602721
CF_Tcu_DSmode_Inf,0,1596169970.2586482
CF_Tcu_DSmode_Inf,0,1596169970.4589498
CF_Tcu_DSmode_Inf,0,1596169970.5612931
CF_Tcu_DSmode_Inf,0,1596169970.7583609
CF_Tcu_DSmode_Inf,0,1596169970.8602922
CF_Tcu_DSmode_Inf,0,1596169971.061043
CF_Tcu_DSmode_Inf,0,1596169971.6589592
CF_Tcu_DSmode_Inf,0,1596169971.7576618
CF_Tcu_DSmode_Inf,0,1596169971.85972
CF_Tcu_DSmode_Inf,0,1596169971.962147
CF_Tcu_DSmode_Inf,0,1596169972.158706
CF_Tcu_DSmode_Inf,0,1596169972.261032
CF_Tcu_DSmode_Inf,0,1596169972.3594546
CF_Tcu_DSmode_Inf,0,1596169972.458025
CF_Tcu_DSmode_Inf,0,1596169972.5604422
CF_Tcu_DSmode_Inf,0,1596169972.65846
CF_Tcu_DSmode_Inf,0,1596169972.859209
CF_Tcu_DSmode_Inf,0,1596169972.957797
CF_Tcu_DSmode_Inf,0,1596169973.162024
CF_Tcu_DSmode_Inf,0,1596169973.2605262
CF_Tcu_DSmode_Inf,0,1596169973.4612858
CF_Tcu_DSmode_Inf,0,1596169973.862365
CF_Tcu_DSmode_Inf,0,1596169974.0590858
CF_Tcu_DSmode_Inf,0,1596169974.161502
CF_Tcu_DSmode_Inf,0,1596169974.2597241
CF_Tcu_DSmode_Inf,0,1596169974.358641
CF_Tcu_DSmode_Inf,0,1596169974.4605641
CF_Tcu_DSmode_Inf,0,1596169974.558825
CF_Tcu_DSmode_Inf,0,1596169974.661243
CF_Tcu_DSmode_Inf,0,1596169974.7595134
CF_Tcu_DSmode_Inf,0,1596169974.858216
CF_Tcu_DSmode_Inf,0,1596169974.960216
CF_Tcu_DSmode_Inf,0,1596169975.357821
CF_Tcu_DSmode_Inf,0,1596169975.5586052
CF_Tcu_DSmode_Inf,0,1596169975.66053
CF_Tcu_DSmode_Inf,0,1596169975.861232
CF_Tcu_DSmode_Inf,0,1596169975.959594
CF_Tcu_DSmode_Inf,0,1596169976.058356
CF_Tcu_DSmode_Inf,0,1596169976.258841
CF_Tcu_DSmode_Inf,0,1596169976.361006
CF_Tcu_DSmode_Inf,0,1596169976.4595242
CF_Tcu_DSmode_Inf,0,1596169976.5616572
CF_Tcu_DSmode_Inf,0,1596169976.6599061
CF_Tcu_DSmode_Inf,0,1596169976.758653
CF_Tcu_DSmode_Inf,0,1596169976.860716
CF_Tcu_DSmode_Inf,0,1596169977.061362
CF_Tcu_DSmode_Inf,0,1596169977.5610912
CF_Tcu_DSmode_Inf,0,1596169977.9624062
CF_Tcu_DSmode_Inf,0,1596169978.159061
CF_Tcu_DSmode_Inf,0,1596169978.360134
CF_Tcu_DSmode_Inf,0,1596169978.45806
CF_Tcu_DSmode_Inf,0,1596169978.662872
CF_Tcu_DSmode_Inf,0,1596169978.75739
CF_Tcu_DSmode_Inf,0,1596169979.060071
CF_Tcu_DSmode_Inf,0,1596169979.158758
CF_Tcu_DSmode_Inf,0,1596169979.260885
CF_Tcu_DSmode_Inf,0,1596169979.3595252
CF_Tcu_DSmode_Inf,0,1596169979.461622
CF_Tcu_DSmode_Inf,0,1596169979.5601332
CF_Tcu_DSmode_Inf,0,1596169979.862775
CF_Tcu_DSmode_Inf,0,1596169979.961169
CF_Tcu_DSmode_Inf,0,1596169980.161828
CF_Tcu_DSmode_Inf,0,1596169980.260136
CF_Tcu_DSmode_Inf,0,1596169980.461062
CF_Tcu_DSmode_Inf,0,1596169980.759905
CF_Tcu_DSmode_Inf,0,1596169980.9569
CF_Tcu_DSmode_Inf,0,1596169981.0593126
CF_Tcu_DSmode_Inf,0,1596169981.1576262
CF_Tcu_DSmode_Inf,0,1596169981.460209
CF_Tcu_DSmode_Inf,0,1596169981.6613538
CF_Tcu_DSmode_Inf,0,1596169981.759715
CF_Tcu_DSmode_Inf,0,1596169981.8580859
CF_Tcu_DSmode_Inf,0,1596169981.960286
CF_Tcu_DSmode_Inf,0,1596169982.0582342
CF_Tcu_DSmode_Inf,0,1596169982.1569278
CF_Tcu_DSmode_Inf,0,1596169982.262919
CF_Tcu_DSmode_Inf,0,1596169982.3613598
CF_Tcu_DSmode_Inf,0,1596169982.459583
CF_Tcu_DSmode_Inf,0,1596169982.561933
CF_Tcu_DSmode_Inf,0,1596169982.758634
CF_Tcu_DSmode_Inf,0,1596169982.959417
CF_Tcu_DSmode_Inf,0,1596169983.160022
CF_Tcu_DSmode_Inf,0,1596169983.2586794
CF_Tcu_DSmode_Inf,0,1596169983.360672
CF_Tcu_DSmode_Inf,0,1596169983.463077
CF_Tcu_DSmode_Inf,0,1596169983.860459
CF_Tcu_DSmode_Inf,0,1596169984.1593091
CF_Tcu_DSmode_Inf,0,1596169984.257984
CF_Tcu_DSmode_Inf,0,1596169984.360509
CF_Tcu_DSmode_Inf,0,1596169984.458478
CF_Tcu_DSmode_Inf,0,1596169984.6591392
CF_Tcu_DSmode_Inf,0,1596169985.060503
CF_Tcu_DSmode_Inf,0,1596169985.261183
CF_Tcu_DSmode_Inf,0,1596169985.35937
CF_Tcu_DSmode_Inf,0,1596169985.4580882
CF_Tcu_DSmode_Inf,0,1596169985.957956
CF_Tcu_DSmode_Inf,0,1596169986.0597632
CF_Tcu_DSmode_Inf,0,1596169986.2605922
CF_Tcu_DSmode_Inf,0,1596169986.3589172
CF_Tcu_DSmode_Inf,0,1596169986.4575028
CF_Tcu_DSmode_Inf,0,1596169986.559668
CF_Tcu_DSmode_Inf,0,1596169986.6579242
CF_Tcu_DSmode_Inf,0,1596169986.858594
CF_Tcu_DSmode_Inf,0,1596169987.0593052
CF_Tcu_DSmode_Inf,0,1596169987.157884
CF_Tcu_DSmode_Inf,0,1596169987.55903
CF_Tcu_DSmode_Inf,0,1596169987.759972
CF_Tcu_DSmode_Inf,0,1596169987.8583179
CF_Tcu_DSmode_Inf,0,1596169988.0588892
CF_Tcu_DSmode_Inf,0,1596169988.16098
CF_Tcu_DSmode_Inf,0,1596169988.361632
CF_Tcu_DSmode_Inf,0,1596169988.459945
CF_Tcu_DSmode_Inf,0,1596169988.558259
CF_Tcu_DSmode_Inf,0,1596169988.6611571
CF_Tcu_DSmode_Inf,0,1596169988.7589462
CF_Tcu_DSmode_Inf,0,1596169988.9596534
CF_Tcu_DSmode_Inf,0,1596169989.259146
CF_Tcu_DSmode_Inf,0,1596169989.361099
CF_Tcu_DSmode_Inf,0,1596169989.561735
CF_Tcu_DSmode_Inf,0,1596169990.1596868
CF_Tcu_DSmode_Inf,0,1596169990.262136
CF_Tcu_DSmode_Inf,0,1596169990.4592268
CF_Tcu_DSmode_Inf,0,1596169990.5610409
CF_Tcu_DSmode_Inf,0,1596169990.761751
CF_Tcu_DSmode_Inf,0,1596169991.060809
CF_Tcu_DSmode_Inf,0,1596169991.359848
CF_Tcu_DSmode_Inf,0,1596169991.4584682
CF_Tcu_DSmode_Inf,0,1596169991.560589
CF_Tcu_DSmode_Inf,0,1596169991.6589286
CF_Tcu_DSmode_Inf,0,1596169992.1584482
CF_Tcu_DSmode_Inf,0,1596169992.457724
CF_Tcu_DSmode_Inf,0,1596169992.859127
CF_Tcu_DSmode_Inf,0,1596169992.96134
CF_Tcu_DSmode_Inf,0,1596169993.1618738
CF_Tcu_DSmode_Inf,0,1596169993.7599812
CF_Tcu_DSmode_Inf,0,1596169994.460274
CF_Tcu_DSmode_Inf,0,1596169996.459051
CF_Tcu_DSmode_Inf,0,1596169996.9588194
CF_Tcu_DSmode_Inf,0,1596169997.061152
CF_Tcu_DSmode_Inf,0,1596169997.36023
CF_Tcu_DSmode_Inf,0,1596169997.6591609
CF_Tcu_DSmode_Inf,0,1596169997.958453
CF_Tcu_DSmode_Inf,0,1596169998.060548
CF_Tcu_DSmode_Inf,0,1596169998.257456
CF_Tcu_DSmode_Inf,0,1596169998.658591
CF_Tcu_DSmode_Inf,0,1596169998.85923
CF_Tcu_DSmode_Inf,0,1596169998.96151
CF_Tcu_DSmode_Inf,0,1596169999.059839
CF_Tcu_DSmode_Inf,0,1596169999.158675
CF_Tcu_DSmode_Inf,0,1596169999.260581
CF_Tcu_DSmode_Inf,0,1596169999.461269
CF_Tcu_DSmode_Inf,0,1596169999.5595796
CF_Tcu_DSmode_Inf,0,1596169999.7603352
CF_Tcu_DSmode_Inf,0,1596169999.858644
CF_Tcu_DSmode_Inf,0,1596169999.9610028
CF_Tcu_DSmode_Inf,0,1596170000.059304
CF_Tcu_DSmode_Inf,0,1596170000.1579561
CF_Tcu_DSmode_Inf,0,1596170000.362276
CF_Tcu_DSmode_Inf,0,1596170000.460662
CF_Tcu_DSmode_Inf,0,1596170000.661493
CF_Tcu_DSmode_Inf,0,1596170000.759648
CF_Tcu_DSmode_Inf,0,1596170000.858366
CF_Tcu_DSmode_Inf,0,1596170001.059113
CF_Tcu_DSmode_Inf,0,1596170001.1574
CF_Tcu_DSmode_Inf,0,1596170001.2593381
CF_Tcu_DSmode_Inf,0,1596170001.358076
CF_Tcu_DSmode_Inf,0,1596170001.460041
CF_Tcu_DSmode_Inf,0,1596170001.558987
CF_Tcu_DSmode_Inf,0,1596170001.660817
CF_Tcu_DSmode_Inf,0,1596170001.8614
CF_Tcu_DSmode_Inf,0,1596170001.959765
CF_Tcu_DSmode_Inf,0,1596170002.160481
CF_Tcu_DSmode_Inf,0,1596170002.258741
CF_Tcu_DSmode_Inf,0,1596170002.56174
CF_Tcu_DSmode_Inf,0,1596170002.860815
CF_Tcu_DSmode_Inf,0,1596170002.959134
CF_Tcu_DSmode_Inf,0,1596170003.061564
CF_Tcu_DSmode_Inf,0,1596170003.1600869
CF_Tcu_DSmode_Inf,0,1596170003.2585092
CF_Tcu_DSmode_Inf,0,1596170003.459342
CF_Tcu_DSmode_Inf,0,1596170003.5575206
CF_Tcu_DSmode_Inf,0,1596170003.7581792
CF_Tcu_DSmode_Inf,0,1596170004.061292
CF_Tcu_DSmode_Inf,0,1596170004.261529
CF_Tcu_DSmode_Inf,0,1596170004.360317
CF_Tcu_DSmode_Inf,0,1596170004.458257
CF_Tcu_DSmode_Inf,0,1596170004.757497
CF_Tcu_DSmode_Inf,0,1596170004.961885
CF_Tcu_DSmode_Inf,0,1596170005.060595
CF_Tcu_DSmode_Inf,0,1596170005.359375
CF_Tcu_DSmode_Inf,0,1596170005.560092
CF_Tcu_DSmode_Inf,0,1596170005.658273
CF_Tcu_DSmode_Inf,0,1596170005.859218
CF_Tcu_DSmode_Inf,0,1596170006.2566109
CF_Tcu_DSmode_Inf,0,1596170006.461078
CF_Tcu_DSmode_Inf,0,1596170006.55933
CF_Tcu_DSmode_Inf,0,1596170006.760608
CF_Tcu_DSmode_Inf,0,1596170006.858855
CF_Tcu_DSmode_Inf,0,1596170007.157857
CF_Tcu_DSmode_Inf,0,1596170007.361983
CF_Tcu_DSmode_Inf,0,1596170007.4603784
CF_Tcu_DSmode_Inf,0,1596170007.960133
CF_Tcu_DSmode_Inf,0,1596170008.058939
CF_Tcu_DSmode_Inf,0,1596170008.5586212
CF_Tcu_DSmode_Inf,0,1596170008.6604722
CF_Tcu_DSmode_Inf,0,1596170008.758808
CF_Tcu_DSmode_Inf,0,1596170008.861162
CF_Tcu_DSmode_Inf,0,1596170008.959372
CF_Tcu_DSmode_Inf,0,1596170009.058143
CF_Tcu_DSmode_Inf,0,1596170009.258818
CF_Tcu_DSmode_Inf,0,1596170009.459521
CF_Tcu_DSmode_Inf,0,1596170009.557951
CF_Tcu_DSmode_Inf,0,1596170009.8605359
CF_Tcu_DSmode_Inf,0,1596170010.061228
CF_Tcu_DSmode_Inf,0,1596170010.360835
CF_Tcu_DSmode_Inf,0,1596170010.958583
CF_Tcu_DSmode_Inf,0,1596170011.3595588
CF_Tcu_DSmode_Inf,0,1596170011.6586206
CF_Tcu_DSmode_Inf,0,1596170011.863268
CF_Tcu_DSmode_Inf,0,1596170011.957869
CF_Tcu_DSmode_Inf,0,1596170012.15875
CF_Tcu_DSmode_Inf,0,1596170012.559804
CF_Tcu_DSmode_Inf,0,1596170012.7608726
CF_Tcu_DSmode_Inf,0,1596170013.0597398
CF_Tcu_DSmode_Inf,0,1596170013.1580338
CF_Tcu_DSmode_Inf,0,1596170013.460714
CF_Tcu_DSmode_Inf,0,1596170013.559042
CF_Tcu_DSmode_Inf,0,1596170013.661386
CF_Tcu_DSmode_Inf,0,1596170013.759676
CF_Tcu_DSmode_Inf,0,1596170013.8584359
CF_Tcu_DSmode_Inf,0,1596170014.059028
CF_Tcu_DSmode_Inf,0,1596170014.2594008
CF_Tcu_DSmode_Inf,0,1596170014.3581312
CF_Tcu_DSmode_Inf,0,1596170014.558507
CF_Tcu_DSmode_Inf,0,1596170014.660723
CF_Tcu_DSmode_Inf,0,1596170014.7591279
CF_Tcu_DSmode_Inf,0,1596170014.9598231
CF_Tcu_DSmode_Inf,0,1596170015.160623
CF_Tcu_DSmode_Inf,0,1596170015.259244
CF_Tcu_DSmode_Inf,0,1596170015.357619
CF_Tcu_DSmode_Inf,0,1596170015.459568
CF_Tcu_DSmode_Inf,0,1596170015.557817
CF_Tcu_DSmode_Inf,0,1596170015.860852
CF_Tcu_DSmode_Inf,0,1596170016.0579472
CF_Tcu_DSmode_Inf,0,1596170016.159868
CF_Tcu_DSmode_Inf,0,1596170016.4589038
CF_Tcu_DSmode_Inf,0,1596170016.6601589
CF_Tcu_DSmode_Inf,0,1596170016.7582786
CF_Tcu_DSmode_Inf,0,1596170016.958569
CF_Tcu_DSmode_Inf,0,1596170017.159304
CF_Tcu_DSmode_Inf,0,1596170017.261648
CF_Tcu_DSmode_Inf,0,1596170017.3599842
CF_Tcu_DSmode_Inf,0,1596170017.458276
CF_Tcu_DSmode_Inf,0,1596170017.560688
CF_Tcu_DSmode_Inf,0,1596170017.6589286
CF_Tcu_DSmode_Inf,0,1596170017.962004
CF_Tcu_DSmode_Inf,0,1596170018.060361
CF_Tcu_DSmode_Inf,0,1596170018.257341
CF_Tcu_DSmode_Inf,0,1596170018.3593442
CF_Tcu_DSmode_Inf,0,1596170018.46176
CF_Tcu_DSmode_Inf,0,1596170018.5600598
CF_Tcu_DSmode_Inf,0,1596170018.6584392
CF_Tcu_DSmode_Inf,0,1596170019.0597794
CF_Tcu_DSmode_Inf,0,1596170019.1584868
CF_Tcu_DSmode_Inf,0,1596170019.358734
CF_Tcu_DSmode_Inf,0,1596170019.661761
CF_Tcu_DSmode_Inf,0,1596170019.7601204
CF_Tcu_DSmode_Inf,0,1596170019.85851
CF_Tcu_DSmode_Inf,0,1596170020.059051
CF_Tcu_DSmode_Inf,0,1596170020.358624
CF_Tcu_DSmode_Inf,0,1596170020.6611829
CF_Tcu_DSmode_Inf,0,1596170020.759422
CF_Tcu_DSmode_Inf,0,1596170021.0584948
CF_Tcu_DSmode_Inf,0,1596170021.2592301
CF_Tcu_DSmode_Inf,0,1596170021.36141
CF_Tcu_DSmode_Inf,0,1596170021.558162
CF_Tcu_DSmode_Inf,0,1596170021.66057
CF_Tcu_DSmode_Inf,0,1596170021.758805
CF_Tcu_DSmode_Inf,0,1596170021.861192
CF_Tcu_DSmode_Inf,0,1596170022.1603332
CF_Tcu_DSmode_Inf,0,1596170022.2586222
CF_Tcu_DSmode_Inf,0,1596170022.459275
CF_Tcu_DSmode_Inf,0,1596170022.7586858
CF_Tcu_DSmode_Inf,0,1596170023.0613348
CF_Tcu_DSmode_Inf,0,1596170023.6591704
CF_Tcu_DSmode_Inf,0,1596170023.758039
CF_Tcu_DSmode_Inf,0,1596170023.958297
CF_Tcu_DSmode_Inf,0,1596170024.056888
CF_Tcu_DSmode_Inf,0,1596170024.257609
CF_Tcu_DSmode_Inf,0,1596170024.560415
CF_Tcu_DSmode_Inf,0,1596170024.658586
CF_Tcu_DSmode_Inf,0,1596170024.8592439
CF_Tcu_DSmode_Inf,0,1596170024.957932
CF_Tcu_DSmode_Inf,0,1596170025.2607882
CF_Tcu_DSmode_Inf,0,1596170025.8586712
CF_Tcu_DSmode_Inf,0,1596170026.35845
CF_Tcu_DSmode_Inf,0,1596170026.66147
CF_Tcu_DSmode_Inf,0,1596170026.960453
CF_Tcu_DSmode_Inf,0,1596170027.5585806
CF_Tcu_DSmode_Inf,0,1596170027.660861
CF_Tcu_DSmode_Inf,0,1596170027.857857
CF_Tcu_DSmode_Inf,0,1596170027.9598458
CF_Tcu_DSmode_Inf,0,1596170028.258891
CF_Tcu_DSmode_Inf,0,1596170028.4596539
CF_Tcu_DSmode_Inf,0,1596170028.5583758
CF_Tcu_DSmode_Inf,0,1596170028.7585769
CF_Tcu_DSmode_Inf,0,1596170028.857158
CF_Tcu_DSmode_Inf,0,1596170029.3569279
CF_Tcu_DSmode_Inf,0,1596170029.958574
CF_Tcu_DSmode_Inf,0,1596170030.057467
CF_Tcu_DSmode_Inf,0,1596170030.261683
CF_Tcu_DSmode_Inf,0,1596170030.458343
CF_Tcu_DSmode_Inf,0,1596170030.659009
CF_Tcu_DSmode_Inf,0,1596170030.8598678
CF_Tcu_DSmode_Inf,0,1596170031.158797
CF_Tcu_DSmode_Inf,0,1596170031.2574358
CF_Tcu_DSmode_Inf,0,1596170031.4581199
CF_Tcu_DSmode_Inf,0,1596170031.560093
CF_Tcu_DSmode_Inf,0,1596170031.760776
CF_Tcu_DSmode_Inf,0,1596170032.35871
CF_Tcu_DSmode_Inf,0,1596170032.457603
CF_Tcu_DSmode_Inf,0,1596170032.657865
CF_Tcu_DSmode_Inf,0,1596170032.9571881
CF_Tcu_DSmode_Inf,0,1596170033.059084
CF_Tcu_DSmode_Inf,0,1596170033.2598898
CF_Tcu_DSmode_Inf,0,1596170033.358168
CF_Tcu_DSmode_Inf,0,1596170033.657444
CF_Tcu_DSmode_Inf,0,1596170033.8584
CF_Tcu_DSmode_Inf,0,1596170033.960259
CF_Tcu_DSmode_Inf,0,1596170034.357565
CF_Tcu_DSmode_Inf,0,1596170034.5587
CF_Tcu_DSmode_Inf,0,1596170034.759288
CF_Tcu_DSmode_Inf,0,1596170034.857633
CF_Tcu_DSmode_Inf,0,1596170035.160269
CF_Tcu_DSmode_Inf,0,1596170035.25857
CF_Tcu_DSmode_Inf,0,1596170035.360898
CF_Tcu_DSmode_Inf,0,1596170035.459307
CF_Tcu_DSmode_Inf,0,1596170035.659974
CF_Tcu_DSmode_Inf,0,1596170035.955332
CF_Tcu_DSmode_Inf,0,1596170036.0577571
CF_Tcu_DSmode_Inf,0,1596170036.258075
CF_Tcu_DSmode_Inf,0,1596170036.3566911
CF_Tcu_DSmode_Inf,0,1596170037.458109
CF_Tcu_DSmode_Inf,0,1596170037.556818
CF_Tcu_DSmode_Inf,0,1596170037.757444
CF_Tcu_DSmode_Inf,0,1596170038.060224
CF_Tcu_DSmode_Inf,0,1596170038.457809
CF_Tcu_DSmode_Inf,0,1596170038.559839
CF_Tcu_DSmode_Inf,0,1596170038.658586
CF_Tcu_DSmode_Inf,0,1596170038.7605698
CF_Tcu_DSmode_Inf,0,1596170038.9575524
CF_Tcu_DSmode_Inf,0,1596170039.059551
CF_Tcu_DSmode_Inf,0,1596170039.3586078
CF_Tcu_DSmode_Inf,0,1596170039.559218
CF_Tcu_DSmode_Inf,0,1596170039.6574998
CF_Tcu_DSmode_Inf,0,1596170039.858654
CF_Tcu_DSmode_Inf,0,1596170039.9568386
CF_Tcu_DSmode_Inf,0,1596170040.259676
CF_Tcu_DSmode_Inf,0,1596170040.460312
CF_Tcu_DSmode_Inf,0,1596170040.857949
CF_Tcu_DSmode_Inf,0,1596170040.9599848
CF_Tcu_DSmode_Inf,0,1596170041.058729
CF_Tcu_DSmode_Inf,0,1596170041.156992
CF_Tcu_DSmode_Inf,0,1596170041.3573172
CF_Tcu_DSmode_Inf,0,1596170041.4597301
CF_Tcu_DSmode_Inf,0,1596170041.660228
CF_Tcu_DSmode_Inf,0,1596170041.758643
CF_Tcu_DSmode_Inf,0,1596170042.058034
CF_Tcu_DSmode_Inf,0,1596170043.257746
CF_Tcu_DSmode_Inf,0,1596170043.458782
CF_Tcu_DSmode_Inf,0,1596170043.55702
CF_Tcu_DSmode_Inf,0,1596170043.757676
CF_Tcu_DSmode_Inf,0,1596170043.859835
CF_Tcu_DSmode_Inf,0,1596170044.0604222
CF_Tcu_DSmode_Inf,0,1596170044.1588
CF_Tcu_DSmode_Inf,0,1596170044.360032
CF_Tcu_DSmode_Inf,0,1596170044.757251
CF_Tcu_DSmode_Inf,0,1596170044.859257
CF_Tcu_DSmode_Inf,0,1596170044.9579258
CF_Tcu_DSmode_Inf,0,1596170045.059981
CF_Tcu_DSmode_Inf,0,1596170045.158293
CF_Tcu_DSmode_Inf,0,1596170045.5596712
CF_Tcu_DSmode_Inf,0,1596170045.658537
CF_Tcu_DSmode_Inf,0,1596170045.8589132
CF_Tcu_DSmode_Inf,0,1596170046.1615472
CF_Tcu_DSmode_Inf,0,1596170046.260034
CF_Tcu_DSmode_Inf,0,1596170046.4606874
CF_Tcu_DSmode_Inf,0,1596170046.558976
CF_Tcu_DSmode_Inf,0,1596170046.7597408
CF_Tcu_DSmode_Inf,0,1596170047.1573222
CF_Tcu_DSmode_Inf,0,1596170047.357733
CF_Tcu_DSmode_Inf,0,1596170047.460114
CF_Tcu_DSmode_Inf,0,1596170047.6606221
CF_Tcu_DSmode_Inf,0,1596170047.7589788
CF_Tcu_DSmode_Inf,0,1596170047.959865
CF_Tcu_DSmode_Inf,0,1596170048.0620182
CF_Tcu_DSmode_Inf,0,1596170048.156807
CF_Tcu_DSmode_Inf,0,1596170048.258698
CF_Tcu_DSmode_Inf,0,1596170048.558048
CF_Tcu_DSmode_Inf,0,1596170048.6601279
CF_Tcu_DSmode_Inf,0,1596170048.860766
CF_Tcu_DSmode_Inf,0,1596170048.959041
CF_Tcu_DSmode_Inf,0,1596170049.159925
CF_Tcu_DSmode_Inf,0,1596170049.258158
CF_Tcu_DSmode_Inf,0,1596170049.356979
CF_Tcu_DSmode_Inf,0,1596170049.561024
CF_Tcu_DSmode_Inf,0,1596170049.659532
CF_Tcu_DSmode_Inf,0,1596170049.757835
CF_Tcu_DSmode_Inf,0,1596170049.860196
CF_Tcu_DSmode_Inf,0,1596170050.0609381
CF_Tcu_DSmode_Inf,0,1596170050.1592
CF_Tcu_DSmode_Inf,0,1596170050.458466
CF_Tcu_DSmode_Inf,0,1596170050.6588314
CF_Tcu_DSmode_Inf,0,1596170050.859664
CF_Tcu_DSmode_Inf,0,1596170051.0601358
CF_Tcu_DSmode_Inf,0,1596170051.359295
CF_Tcu_DSmode_Inf,0,1596170051.559985
CF_Tcu_DSmode_Inf,0,1596170051.6582432
CF_Tcu_DSmode_Inf,0,1596170051.957551
CF_Tcu_DSmode_Inf,0,1596170052.158401
CF_Tcu_DSmode_Inf,0,1596170052.3585892
CF_Tcu_DSmode_Inf,0,1596170052.5594141
CF_Tcu_DSmode_Inf,0,1596170052.7600489
CF_Tcu_DSmode_Inf,0,1596170052.858636
CF_Tcu_DSmode_Inf,0,1596170053.059028
CF_Tcu_DSmode_Inf,0,1596170053.4602966
CF_Tcu_DSmode_Inf,0,1596170053.558623
CF_Tcu_DSmode_Inf,0,1596170053.657416
CF_Tcu_DSmode_Inf,0,1596170053.9600382
CF_Tcu_DSmode_Inf,0,1596170054.058652
CF_Tcu_DSmode_Inf,0,1596170054.1569679
CF_Tcu_DSmode_Inf,0,1596170054.259101
CF_Tcu_DSmode_Inf,0,1596170054.357739
CF_Tcu_DSmode_Inf,0,1596170054.459692
CF_Tcu_DSmode_Inf,0,1596170054.7586956
CF_Tcu_DSmode_Inf,0,1596170054.857425
CF_Tcu_DSmode_Inf,0,1596170054.959466
CF_Tcu_DSmode_Inf,0,1596170055.16027
CF_Tcu_DSmode_Inf,0,1596170055.2587461
CF_Tcu_DSmode_Inf,0,1596170055.3571
CF_Tcu_DSmode_Inf,0,1596170055.55795
CF_Tcu_DSmode_Inf,0,1596170055.65981
CF_Tcu_DSmode_Inf,0,1596170055.8604748
CF_Tcu_DSmode_Inf,0,1596170055.9588132
CF_Tcu_DSmode_Inf,0,1596170056.159564
CF_Tcu_DSmode_Inf,0,1596170056.458816
CF_Tcu_DSmode_Inf,0,1596170056.560742
CF_Tcu_DSmode_Inf,0,1596170056.659554
CF_Tcu_DSmode_Inf,0,1596170056.757992
CF_Tcu_DSmode_Inf,0,1596170056.8598988
CF_Tcu_DSmode_Inf,0,1596170057.158925
CF_Tcu_DSmode_Inf,0,1596170057.257214
CF_Tcu_DSmode_Inf,0,1596170057.359642
CF_Tcu_DSmode_Inf,0,1596170057.4584398
CF_Tcu_DSmode_Inf,0,1596170057.6585758
CF_Tcu_DSmode_Inf,0,1596170057.9615788
CF_Tcu_DSmode_Inf,0,1596170058.358929
CF_Tcu_DSmode_Inf,0,1596170058.4572556
CF_Tcu_DSmode_Inf,0,1596170058.858662
CF_Tcu_DSmode_Inf,0,1596170058.9573429
CF_Tcu_DSmode_Inf,0,1596170059.059865
CF_Tcu_DSmode_Inf,0,1596170059.1616518
CF_Tcu_DSmode_Inf,0,1596170059.256204
CF_Tcu_DSmode_Inf,0,1596170059.358311
CF_Tcu_DSmode_Inf,0,1596170059.46069
CF_Tcu_DSmode_Inf,0,1596170059.5590641
CF_Tcu_DSmode_Inf,0,1596170059.7597694
CF_Tcu_DSmode_Inf,0,1596170059.858177
CF_Tcu_DSmode_Inf,0,1596170060.0591512
CF_Tcu_DSmode_Inf,0,1596170060.358101
CF_Tcu_DSmode_Inf,0,1596170060.456476
CF_Tcu_DSmode_Inf,0,1596170060.55835
CF_Tcu_DSmode_Inf,0,1596170060.6570725
CF_Tcu_DSmode_Inf,0,1596170061.058217
CF_Tcu_DSmode_Inf,0,1596170061.259212
CF_Tcu_DSmode_Inf,0,1596170061.35779
CF_Tcu_DSmode_Inf,0,1596170061.459548
CF_Tcu_DSmode_Inf,0,1596170061.558007
CF_Tcu_DSmode_Inf,0,1596170061.860766
CF_Tcu_DSmode_Inf,0,1596170061.9592562
CF_Tcu_DSmode_Inf,0,1596170062.057573
CF_Tcu_DSmode_Inf,0,1596170062.159847
CF_Tcu_DSmode_Inf,0,1596170062.45925
CF_Tcu_DSmode_Inf,0,1596170062.5575411
CF_Tcu_DSmode_Inf,0,1596170063.159272
CF_Tcu_DSmode_Inf,0,1596170063.458237
CF_Tcu_DSmode_Inf,0,1596170063.9583151
CF_Tcu_DSmode_Inf,0,1596170064.056524
CF_Tcu_DSmode_Inf,0,1596170064.1585548
CF_Tcu_DSmode_Inf,0,1596170064.2609534
CF_Tcu_DSmode_Inf,0,1596170064.359354
CF_Tcu_DSmode_Inf,0,1596170064.5600069
CF_Tcu_DSmode_Inf,0,1596170064.658293
CF_Tcu_DSmode_Inf,0,1596170064.756858
CF_Tcu_DSmode_Inf,0,1596170064.961299
CF_Tcu_DSmode_Inf,0,1596170065.161973
CF_Tcu_DSmode_Inf,0,1596170065.260376
CF_Tcu_DSmode_Inf,0,1596170065.457432
CF_Tcu_DSmode_Inf,0,1596170065.657699
CF_Tcu_DSmode_Inf,0,1596170065.76011
CF_Tcu_DSmode_Inf,0,1596170065.8583891
CF_Tcu_DSmode_Inf,0,1596170066.059666
CF_Tcu_DSmode_Inf,0,1596170066.1574
CF_Tcu_DSmode_Inf,0,1596170066.358433
CF_Tcu_DSmode_Inf,0,1596170066.460377
CF_Tcu_DSmode_Inf,0,1596170066.759427
CF_Tcu_DSmode_Inf,0,1596170066.960104
CF_Tcu_DSmode_Inf,0,1596170067.058517
CF_Tcu_DSmode_Inf,0,1596170067.259107
CF_Tcu_DSmode_Inf,0,1596170067.3577304
CF_Tcu_DSmode_Inf,0,1596170067.45975
CF_Tcu_DSmode_Inf,0,1596170067.562124
CF_Tcu_DSmode_Inf,0,1596170067.660439
CF_Tcu_DSmode_Inf,0,1596170067.758879
CF_Tcu_DSmode_Inf,0,1596170068.160234
CF_Tcu_DSmode_Inf,0,1596170068.2584019
CF_Tcu_DSmode_Inf,0,1596170068.356857
CF_Tcu_DSmode_Inf,0,1596170068.5615208
CF_Tcu_DSmode_Inf,0,1596170068.659769
CF_Tcu_DSmode_Inf,0,1596170068.856897
CF_Tcu_DSmode_Inf,0,1596170068.9589438
CF_Tcu_DSmode_Inf,0,1596170069.159591
CF_Tcu_DSmode_Inf,0,1596170069.36042
CF_Tcu_DSmode_Inf,0,1596170069.557358
CF_Tcu_DSmode_Inf,0,1596170069.7579
CF_Tcu_DSmode_Inf,0,1596170069.859966
CF_Tcu_DSmode_Inf,0,1596170070.060601
CF_Tcu_DSmode_Inf,0,1596170070.159063
CF_Tcu_DSmode_Inf,0,1596170070.2577431
CF_Tcu_DSmode_Inf,0,1596170070.3596008
CF_Tcu_DSmode_Inf,0,1596170070.457997
CF_Tcu_DSmode_Inf,0,1596170070.560416
CF_Tcu_DSmode_Inf,0,1596170070.6591392
CF_Tcu_DSmode_Inf,0,1596170070.9576802
CF_Tcu_DSmode_Inf,0,1596170071.0599391
CF_Tcu_DSmode_Inf,0,1596170071.256916
CF_Tcu_DSmode_Inf,0,1596170071.359027
CF_Tcu_DSmode_Inf,0,1596170071.5597706
CF_Tcu_DSmode_Inf,0,1596170071.957367
CF_Tcu_DSmode_Inf,0,1596170072.15808
CF_Tcu_DSmode_Inf,0,1596170072.457185
CF_Tcu_DSmode_Inf,0,1596170072.7597818
CF_Tcu_DSmode_Inf,0,1596170072.8581018
CF_Tcu_DSmode_Inf,0,1596170072.9569018
CF_Tcu_DSmode_Inf,0,1596170073.058877
CF_Tcu_DSmode_Inf,0,1596170073.456515
CF_Tcu_DSmode_Inf,0,1596170073.657142
CF_Tcu_DSmode_Inf,0,1596170073.9561944
CF_Tcu_DSmode_Inf,0,1596170074.058178
CF_Tcu_DSmode_Inf,0,1596170074.156835
CF_Tcu_DSmode_Inf,0,1596170074.557842
CF_Tcu_DSmode_Inf,0,1596170074.8573039
CF_Tcu_DSmode_Inf,0,1596170075.5572329
CF_Tcu_DSmode_Inf,0,1596170075.958682
CF_Tcu_DSmode_Inf,0,1596170076.0609062
CF_Tcu_DSmode_Inf,0,1596170076.1593864
CF_Tcu_DSmode_Inf,0,1596170076.3599222
CF_Tcu_DSmode_Inf,0,1596170076.6591141
CF_Tcu_DSmode_Inf,0,1596170076.757757
CF_Tcu_DSmode_Inf,0,1596170076.9622452
CF_Tcu_DSmode_Inf,0,1596170077.0602932
CF_Tcu_DSmode_Inf,0,1596170077.359539
CF_Tcu_DSmode_Inf,0,1596170077.658401
CF_Tcu_DSmode_Inf,0,1596170077.859074
CF_Tcu_DSmode_Inf,0,1596170077.957845
CF_Tcu_DSmode_Inf,0,1596170078.0597088
CF_Tcu_DSmode_Inf,0,1596170078.260442
CF_Tcu_DSmode_Inf,0,1596170078.4576044
CF_Tcu_DSmode_Inf,0,1596170078.559434
CF_Tcu_DSmode_Inf,0,1596170078.7600694
CF_Tcu_DSmode_Inf,0,1596170078.8585136
CF_Tcu_DSmode_Inf,0,1596170079.059541
CF_Tcu_DSmode_Inf,0,1596170079.15754
CF_Tcu_DSmode_Inf,0,1596170079.256182
CF_Tcu_DSmode_Inf,0,1596170079.3581374
CF_Tcu_DSmode_Inf,0,1596170079.4567306
CF_Tcu_DSmode_Inf,0,1596170079.558901
CF_Tcu_DSmode_Inf,0,1596170079.7595918
CF_Tcu_DSmode_Inf,0,1596170079.9602704
CF_Tcu_DSmode_Inf,0,1596170080.05862
CF_Tcu_DSmode_Inf,0,1596170080.157367
CF_Tcu_DSmode_Inf,0,1596170080.259265
CF_Tcu_DSmode_Inf,0,1596170080.660546
CF_Tcu_DSmode_Inf,0,1596170080.758967
CF_Tcu_DSmode_Inf,0,1596170080.8576849
CF_Tcu_DSmode_Inf,0,1596170081.057878
CF_Tcu_DSmode_Inf,0,1596170081.1565552
CF_Tcu_DSmode_Inf,0,1596170081.258801
CF_Tcu_DSmode_Inf,0,1596170081.356958
CF_Tcu_DSmode_Inf,0,1596170081.459392
CF_Tcu_DSmode_Inf,0,1596170081.558038
CF_Tcu_DSmode_Inf,0,1596170081.758282
CF_Tcu_DSmode_Inf,0,1596170081.955128
CF_Tcu_DSmode_Inf,0,1596170082.159723
CF_Tcu_DSmode_Inf,0,1596170082.356717
CF_Tcu_DSmode_Inf,0,1596170082.4586961
CF_Tcu_DSmode_Inf,0,1596170082.65945
CF_Tcu_DSmode_Inf,0,1596170082.758025
CF_Tcu_DSmode_Inf,0,1596170082.958383
CF_Tcu_DSmode_Inf,0,1596170083.060658
CF_Tcu_DSmode_Inf,0,1596170083.1590881
CF_Tcu_DSmode_Inf,0,1596170083.2578602
CF_Tcu_DSmode_Inf,0,1596170083.457995
CF_Tcu_DSmode_Inf,0,1596170083.560369
CF_Tcu_DSmode_Inf,0,1596170083.659264
CF_Tcu_DSmode_Inf,0,1596170083.757042
CF_Tcu_DSmode_Inf,0,1596170083.8599222
CF_Tcu_DSmode_Inf,0,1596170083.957765
CF_Tcu_DSmode_Inf,0,1596170084.559807
CF_Tcu_DSmode_Inf,0,1596170084.8590221
CF_Tcu_DSmode_Inf,0,1596170084.957623
CF_Tcu_DSmode_Inf,0,1596170085.158043
CF_Tcu_DSmode_Inf,0,1596170085.457216
CF_Tcu_DSmode_Inf,0,1596170085.8585842
CF_Tcu_DSmode_Inf,0,1596170086.0588422
CF_Tcu_DSmode_Inf,0,1596170086.15764
CF_Tcu_DSmode_Inf,0,1596170086.357885
CF_Tcu_DSmode_Inf,0,1596170086.6609519
CF_Tcu_DSmode_Inf,0,1596170086.759219
CF_Tcu_DSmode_Inf,0,1596170086.956119
CF_Tcu_DSmode_Inf,0,1596170087.0582988
CF_Tcu_DSmode_Inf,0,1596170087.15696
CF_Tcu_DSmode_Inf,0,1596170087.259027
CF_Tcu_DSmode_Inf,0,1596170087.3573716
CF_Tcu_DSmode_Inf,0,1596170087.558269
CF_Tcu_DSmode_Inf,0,1596170087.6602669
CF_Tcu_DSmode_Inf,0,1596170087.7587252
CF_Tcu_DSmode_Inf,0,1596170087.8609226
CF_Tcu_DSmode_Inf,0,1596170088.2585876
CF_Tcu_DSmode_Inf,0,1596170088.3566198
CF_Tcu_DSmode_Inf,0,1596170088.4595132
CF_Tcu_DSmode_Inf,0,1596170088.55735
CF_Tcu_DSmode_Inf,0,1596170088.7583551
CF_Tcu_DSmode_Inf,0,1596170088.860348
CF_Tcu_DSmode_Inf,0,1596170089.3563151
CF_Tcu_DSmode_Inf,0,1596170089.757557
CF_Tcu_DSmode_Inf,0,1596170090.05667
CF_Tcu_DSmode_Inf,0,1596170090.261146
CF_Tcu_DSmode_Inf,0,1596170090.457751
CF_Tcu_DSmode_Inf,0,1596170090.560202
CF_Tcu_DSmode_Inf,0,1596170090.859252
CF_Tcu_DSmode_Inf,0,1596170091.2605498
CF_Tcu_DSmode_Inf,0,1596170091.4611788
CF_Tcu_DSmode_Inf,0,1596170091.5560222
CF_Tcu_DSmode_Inf,0,1596170091.8585
CF_Tcu_DSmode_Inf,0,1596170092.1575038
CF_Tcu_DSmode_Inf,0,1596170092.256257
CF_Tcu_DSmode_Inf,0,1596170092.3622859
CF_Tcu_DSmode_Inf,0,1596170092.456903
CF_Tcu_DSmode_Inf,0,1596170092.661271
CF_Tcu_DSmode_Inf,0,1596170092.759544
CF_Tcu_DSmode_Inf,0,1596170093.059108
CF_Tcu_DSmode_Inf,0,1596170093.156952
CF_Tcu_DSmode_Inf,0,1596170093.259709
CF_Tcu_DSmode_Inf,0,1596170093.3575208
CF_Tcu_DSmode_Inf,0,1596170093.45631
CF_Tcu_DSmode_Inf,0,1596170093.660599
CF_Tcu_DSmode_Inf,0,1596170093.861291
CF_Tcu_DSmode_Inf,0,1596170093.956083
CF_Tcu_DSmode_Inf,0,1596170094.1566849
CF_Tcu_DSmode_Inf,0,1596170094.3574169
CF_Tcu_DSmode_Inf,0,1596170094.656364
CF_Tcu_DSmode_Inf,0,1596170094.8608868
CF_Tcu_DSmode_Inf,0,1596170095.057761
CF_Tcu_DSmode_Inf,0,1596170095.1560206
CF_Tcu_DSmode_Inf,0,1596170095.2580369
CF_Tcu_DSmode_Inf,0,1596170095.3604634
CF_Tcu_DSmode_Inf,0,1596170095.659543
CF_Tcu_DSmode_Inf,0,1596170095.856418
CF_Tcu_DSmode_Inf,0,1596170096.0571132
CF_Tcu_DSmode_Inf,0,1596170096.2578206
CF_Tcu_DSmode_Inf,0,1596170096.359801
CF_Tcu_DSmode_Inf,0,1596170096.757202
CF_Tcu_DSmode_Inf,0,1596170096.859508
CF_Tcu_DSmode_Inf,0,1596170096.958144
CF_Tcu_DSmode_Inf,0,1596170097.0600722
CF_Tcu_DSmode_Inf,0,1596170097.257313
CF_Tcu_DSmode_Inf,0,1596170097.355642
CF_Tcu_DSmode_Inf,0,1596170097.559708
CF_Tcu_DSmode_Inf,0,1596170097.658208
CF_Tcu_DSmode_Inf,0,1596170097.760688
CF_Tcu_DSmode_Inf,0,1596170097.8589802
CF_Tcu_DSmode_Inf,0,1596170098.1579401
CF_Tcu_DSmode_Inf,0,1596170098.256454
CF_Tcu_DSmode_Inf,0,1596170098.358594
CF_Tcu_DSmode_Inf,0,1596170098.457335
CF_Tcu_DSmode_Inf,0,1596170098.559403
CF_Tcu_DSmode_Inf,0,1596170098.756254
CF_Tcu_DSmode_Inf,0,1596170099.157226
CF_Tcu_DSmode_Inf,0,1596170099.259622
CF_Tcu_DSmode_Inf,0,1596170099.358444
CF_Tcu_DSmode_Inf,0,1596170099.4566991
CF_Tcu_DSmode_Inf,0,1596170099.759207
CF_Tcu_DSmode_Inf,0,1596170099.9562411
CF_Tcu_DSmode_Inf,0,1596170100.160741
CF_Tcu_DSmode_Inf,0,1596170100.259094
CF_Tcu_DSmode_Inf,0,1596170100.8573716
CF_Tcu_DSmode_Inf,0,1596170101.0577438
CF_Tcu_DSmode_Inf,0,1596170101.160058
CF_Tcu_DSmode_Inf,0,1596170101.25845
CF_Tcu_DSmode_Inf,0,1596170101.3572092
CF_Tcu_DSmode_Inf,0,1596170101.4590142
CF_Tcu_DSmode_Inf,0,1596170101.6599278
CF_Tcu_DSmode_Inf,0,1596170101.758122
CF_Tcu_DSmode_Inf,0,1596170101.8567932
CF_Tcu_DSmode_Inf,0,1596170101.95892
CF_Tcu_DSmode_Inf,0,1596170102.057158
CF_Tcu_DSmode_Inf,0,1596170102.155772
CF_Tcu_DSmode_Inf,0,1596170102.3564632
CF_Tcu_DSmode_Inf,0,1596170102.4585109
CF_Tcu_DSmode_Inf,0,1596170102.560755
CF_Tcu_DSmode_Inf,0,1596170102.659204
CF_Tcu_DSmode_Inf,0,1596170102.7574801
CF_Tcu_DSmode_Inf,0,1596170103.060447
CF_Tcu_DSmode_Inf,0,1596170103.2577481
CF_Tcu_DSmode_Inf,0,1596170103.359497
CF_Tcu_DSmode_Inf,0,1596170103.5565321
CF_Tcu_DSmode_Inf,0,1596170103.658567
CF_Tcu_DSmode_Inf,0,1596170103.8591402
CF_Tcu_DSmode_Inf,0,1596170103.9575279
CF_Tcu_DSmode_Inf,0,1596170104.1587489
CF_Tcu_DSmode_Inf,0,1596170104.4572446
CF_Tcu_DSmode_Inf,0,1596170104.5558774
CF_Tcu_DSmode_Inf,0,1596170104.760339
CF_Tcu_DSmode_Inf,0,1596170104.8587134
CF_Tcu_DSmode_Inf,0,1596170105.0593688
CF_Tcu_DSmode_Inf,0,1596170105.157662
CF_Tcu_DSmode_Inf,0,1596170105.2562938
CF_Tcu_DSmode_Inf,0,1596170105.358242
CF_Tcu_DSmode_Inf,0,1596170105.4570599
CF_Tcu_DSmode_Inf,0,1596170105.6572778
CF_Tcu_DSmode_Inf,0,1596170105.7595801
CF_Tcu_DSmode_Inf,0,1596170106.5584464
CF_Tcu_DSmode_Inf,0,1596170106.656679
CF_Tcu_DSmode_Inf,0,1596170107.160435
CF_Tcu_DSmode_Inf,0,1596170107.2587829
CF_Tcu_DSmode_Inf,0,1596170107.459442
CF_Tcu_DSmode_Inf,0,1596170107.5578241
CF_Tcu_DSmode_Inf,0,1596170107.758932
CF_Tcu_DSmode_Inf,0,1596170107.857392
CF_Tcu_DSmode_Inf,0,1596170108.0577471
CF_Tcu_DSmode_Inf,0,1596170108.159816
CF_Tcu_DSmode_Inf,0,1596170108.2581391
CF_Tcu_DSmode_Inf,0,1596170108.458835
CF_Tcu_DSmode_Inf,0,1596170108.659499
CF_Tcu_DSmode_Inf,0,1596170108.757797
CF_Tcu_DSmode_Inf,0,1596170108.9592721
CF_Tcu_DSmode_Inf,0,1596170109.159126
CF_Tcu_DSmode_Inf,0,1596170109.356291
CF_Tcu_DSmode_Inf,0,1596170109.4582589
CF_Tcu_DSmode_Inf,0,1596170109.556844
CF_Tcu_DSmode_Inf,0,1596170109.658875
CF_Tcu_DSmode_Inf,0,1596170109.757225
CF_Tcu_DSmode_Inf,0,1596170109.85956
CF_Tcu_DSmode_Inf,0,1596170110.159063
CF_Tcu_DSmode_Inf,0,1596170110.2573268
CF_Tcu_DSmode_Inf,0,1596170110.457899
CF_Tcu_DSmode_Inf,0,1596170110.6582868
CF_Tcu_DSmode_Inf,0,1596170110.858967
CF_Tcu_DSmode_Inf,0,1596170110.957278
CF_Tcu_DSmode_Inf,0,1596170111.055986
CF_Tcu_DSmode_Inf,0,1596170111.157982
CF_Tcu_DSmode_Inf,0,1596170111.35869
CF_Tcu_DSmode_Inf,0,1596170111.555676
CF_Tcu_DSmode_Inf,0,1596170111.7599142
CF_Tcu_DSmode_Inf,0,1596170111.9570296
CF_Tcu_DSmode_Inf,0,1596170112.059125
CF_Tcu_DSmode_Inf,0,1596170112.157333
CF_Tcu_DSmode_Inf,0,1596170112.2595992
CF_Tcu_DSmode_Inf,0,1596170112.358606
CF_Tcu_DSmode_Inf,0,1596170112.5591311
CF_Tcu_DSmode_Inf,0,1596170112.661134
CF_Tcu_DSmode_Inf,0,1596170112.85764
CF_Tcu_DSmode_Inf,0,1596170113.0583699
CF_Tcu_DSmode_Inf,0,1596170113.1569886
CF_Tcu_DSmode_Inf,0,1596170113.25906
CF_Tcu_DSmode_Inf,0,1596170113.5581398
CF_Tcu_DSmode_Inf,0,1596170113.6569114
CF_Tcu_DSmode_Inf,0,1596170113.861151
CF_Tcu_DSmode_Inf,0,1596170114.1601226
CF_Tcu_DSmode_Inf,0,1596170114.258535
CF_Tcu_DSmode_Inf,0,1596170114.356897
CF_Tcu_DSmode_Inf,0,1596170114.459147
CF_Tcu_DSmode_Inf,0,1596170114.557487
CF_Tcu_DSmode_Inf,0,1596170114.758232
CF_Tcu_DSmode_Inf,0,1596170114.856791
CF_Tcu_DSmode_Inf,0,1596170114.9589274
CF_Tcu_DSmode_Inf,0,1596170115.155849
CF_Tcu_DSmode_Inf,0,1596170115.2577882
CF_Tcu_DSmode_Inf,0,1596170115.4585009
CF_Tcu_DSmode_Inf,0,1596170115.659159
CF_Tcu_DSmode_Inf,0,1596170115.7578828
CF_Tcu_DSmode_Inf,0,1596170115.958708
CF_Tcu_DSmode_Inf,0,1596170116.0568929
CF_Tcu_DSmode_Inf,0,1596170116.257654
CF_Tcu_DSmode_Inf,0,1596170116.359585
CF_Tcu_DSmode_Inf,0,1596170116.46193
CF_Tcu_DSmode_Inf,0,1596170116.560313
CF_Tcu_DSmode_Inf,0,1596170116.957622
CF_Tcu_DSmode_Inf,0,1596170117.158352
CF_Tcu_DSmode_Inf,0,1596170117.461322
CF_Tcu_DSmode_Inf,0,1596170117.7567039
CF_Tcu_DSmode_Inf,0,1596170118.059365
