CR_Ems_BstPre,0.0,1596169660.111406
CR_Ems_BstPre,0.0,1596169660.3902981
CR_Ems_BstPre,0.0,1596169660.611705
CR_Ems_BstPre,0.0,1596169660.730863
CR_Ems_BstPre,0.0,1596169660.8528259
CR_Ems_BstPre,0.0,1596169660.9142568
CR_Ems_BstPre,0.0,1596169661.1518688
CR_Ems_BstPre,0.0,1596169661.2133918
CR_Ems_BstPre,0.0,1596169661.2337859
CR_Ems_BstPre,0.0,1596169661.512149
CR_Ems_BstPre,0.0,1596169662.052948
CR_Ems_BstPre,0.0,1596169662.1516721
CR_Ems_BstPre,0.0,1596169662.212494
CR_Ems_BstPre,0.0,1596169662.233075
CR_Ems_BstPre,0.0,1596169662.2704134
CR_Ems_BstPre,0.0,1596169662.31091
CR_Ems_BstPre,0.0,1596169662.409408
CR_Ems_BstPre,0.0,1596169662.7327528
CR_Ems_BstPre,0.0,1596169662.75326
CR_Ems_BstPre,0.0,1596169662.851624
CR_Ems_BstPre,0.0,1596169663.290109
CR_Ems_BstPre,0.0,1596169663.453635
CR_Ems_BstPre,0.0,1596169663.831239
CR_Ems_BstPre,0.0,1596169663.9125054
CR_Ems_BstPre,0.0,1596169664.2112641
CR_Ems_BstPre,0.0,1596169664.2524102
CR_Ems_BstPre,0.0,1596169665.010344
CR_Ems_BstPre,0.0,1596169665.452376
CR_Ems_BstPre,0.0,1596169665.833236
CR_Ems_BstPre,0.0,1596169666.01354
CR_Ems_BstPre,0.0,1596169666.1528716
CR_Ems_BstPre,0.0,1596169666.410799
CR_Ems_BstPre,0.0,1596169666.672844
CR_Ems_BstPre,0.0,1596169666.7509089
CR_Ems_BstPre,0.0,1596169667.012919
CR_Ems_BstPre,0.0,1596169667.193068
CR_Ems_BstPre,0.0,1596169667.869548
CR_Ems_BstPre,0.0,1596169667.8900852
CR_Ems_BstPre,0.0,1596169668.270804
CR_Ems_BstPre,0.0,1596169668.389899
CR_Ems_BstPre,0.0,1596169668.4714546
CR_Ems_BstPre,0.0,1596169668.610553
CR_Ems_BstPre,0.0,1596169668.733129
CR_Ems_BstPre,0.0,1596169668.8722718
CR_Ems_BstPre,0.0,1596169668.930588
CR_Ems_BstPre,0.0,1596169669.2123706
CR_Ems_BstPre,0.0,1596169669.773433
CR_Ems_BstPre,0.0,1596169669.9740472
CR_Ems_BstPre,0.0,1596169670.011188
CR_Ems_BstPre,0.0,1596169670.293545
CR_Ems_BstPre,0.0,1596169670.432926
CR_Ems_BstPre,0.0,1596169670.690944
CR_Ems_BstPre,0.0,1596169670.8507302
CR_Ems_BstPre,0.0,1596169670.932447
CR_Ems_BstPre,0.0,1596169671.1332748
CR_Ems_BstPre,0.0,1596169671.2110775
CR_Ems_BstPre,0.0,1596169671.452693
CR_Ems_BstPre,0.0,1596169671.632926
CR_Ems_BstPre,0.0,1596169671.7928672
CR_Ems_BstPre,0.0,1596169671.952405
CR_Ems_BstPre,0.0,1596169671.993267
CR_Ems_BstPre,0.0,1596169672.112191
CR_Ems_BstPre,0.0,1596169672.370941
CR_Ems_BstPre,0.0,1596169673.033692
CR_Ems_BstPre,0.0,1596169673.131979
CR_Ems_BstPre,0.0,1596169673.2103412
CR_Ems_BstPre,0.0,1596169673.869674
CR_Ems_BstPre,0.0,1596169673.992265
CR_Ems_BstPre,0.0,1596169674.291191
CR_Ems_BstPre,0.0,1596169674.5533981
CR_Ems_BstPre,0.0,1596169675.090291
CR_Ems_BstPre,0.0,1596169675.212639
CR_Ems_BstPre,0.0,1596169675.3318322
CR_Ems_BstPre,0.0,1596169675.470985
CR_Ems_BstPre,0.0,1596169676.269758
CR_Ems_BstPre,0.0,1596169676.7900321
CR_Ems_BstPre,0.0,1596169676.830883
CR_Ems_BstPre,0.0,1596169676.8510768
CR_Ems_BstPre,0.0,1596169676.9123619
CR_Ems_BstPre,0.0,1596169677.072441
CR_Ems_BstPre,0.0,1596169677.252523
CR_Ems_BstPre,0.0,1596169678.1123786
CR_Ems_BstPre,0.0,1596169678.153367
CR_Ems_BstPre,0.0,1596169678.33364
CR_Ems_BstPre,0.0,1596169678.649567
CR_Ems_BstPre,0.0,1596169679.410816
CR_Ems_BstPre,0.0,1596169679.4725869
CR_Ems_BstPre,0.0,1596169679.53375
CR_Ems_BstPre,0.0,1596169679.611642
CR_Ems_BstPre,0.0,1596169679.8495288
CR_Ems_BstPre,0.0,1596169679.972373
CR_Ems_BstPre,0.0,1596169680.234084
CR_Ems_BstPre,0.0,1596169680.5905118
CR_Ems_BstPre,0.0,1596169680.651901
CR_Ems_BstPre,0.0,1596169680.7337546
CR_Ems_BstPre,0.0,1596169680.91034
CR_Ems_BstPre,0.0,1596169680.930499
CR_Ems_BstPre,0.0,1596169680.9716249
CR_Ems_BstPre,0.0,1596169681.110754
CR_Ems_BstPre,0.0,1596169681.1516302
CR_Ems_BstPre,0.0,1596169681.311459
CR_Ems_BstPre,0.0,1596169681.332155
CR_Ems_BstPre,0.0,1596169681.709362
CR_Ems_BstPre,0.0,1596169681.733275
CR_Ems_BstPre,0.0,1596169681.7705991
CR_Ems_BstPre,0.0,1596169681.851897
CR_Ems_BstPre,0.0,1596169681.8897462
CR_Ems_BstPre,0.0,1596169682.110516
CR_Ems_BstPre,0.0,1596169682.1716852
CR_Ems_BstPre,0.0,1596169682.3107731
CR_Ems_BstPre,0.0,1596169682.53195
CR_Ems_BstPre,0.0,1596169682.8721752
CR_Ems_BstPre,0.0,1596169682.950294
CR_Ems_BstPre,0.0,1596169683.130358
CR_Ems_BstPre,0.0,1596169683.273226
CR_Ems_BstPre,0.0,1596169683.350987
CR_Ems_BstPre,0.0,1596169683.3717608
CR_Ems_BstPre,0.0,1596169683.432986
CR_Ems_BstPre,0.0,1596169683.531445
CR_Ems_BstPre,0.0,1596169683.57273
CR_Ems_BstPre,0.0,1596169683.8716102
CR_Ems_BstPre,0.0,1596169684.0514731
CR_Ems_BstPre,0.0,1596169684.0722408
CR_Ems_BstPre,0.0,1596169684.2320158
CR_Ems_BstPre,0.0,1596169684.330443
CR_Ems_BstPre,0.0,1596169684.469619
CR_Ems_BstPre,0.0,1596169684.73136
CR_Ems_BstPre,0.0,1596169685.1904252
CR_Ems_BstPre,0.0,1596169685.370538
CR_Ems_BstPre,0.0,1596169685.390846
CR_Ems_BstPre,0.0,1596169685.432137
CR_Ems_BstPre,0.0,1596169685.550545
CR_Ems_BstPre,0.0,1596169685.5915039
CR_Ems_BstPre,0.0,1596169685.6324966
CR_Ems_BstPre,0.0,1596169685.931477
CR_Ems_BstPre,0.0,1596169686.4723618
CR_Ems_BstPre,0.0,1596169686.750787
CR_Ems_BstPre,0.0,1596169687.213373
CR_Ems_BstPre,0.0,1596169687.4104161
CR_Ems_BstPre,0.0,1596169687.4311922
CR_Ems_BstPre,0.0,1596169687.471838
CR_Ems_BstPre,0.0,1596169687.532855
CR_Ems_BstPre,0.0,1596169687.689493
CR_Ems_BstPre,0.0,1596169687.709717
CR_Ems_BstPre,0.0,1596169687.811883
CR_Ems_BstPre,0.0,1596169687.90984
CR_Ems_BstPre,0.0,1596169688.01213
CR_Ems_BstPre,0.0,1596169688.049539
CR_Ems_BstPre,0.0,1596169688.1107774
CR_Ems_BstPre,0.0,1596169689.191822
CR_Ems_BstPre,0.0,1596169689.249461
CR_Ems_BstPre,0.0,1596169689.290401
CR_Ems_BstPre,0.0,1596169689.330987
CR_Ems_BstPre,0.0,1596169689.490861
CR_Ems_BstPre,0.0,1596169689.711822
CR_Ems_BstPre,0.0,1596169689.7322948
CR_Ems_BstPre,0.0,1596169690.0518024
CR_Ems_BstPre,0.0,1596169690.109581
CR_Ems_BstPre,0.0,1596169690.252508
CR_Ems_BstPre,0.0,1596169690.310039
CR_Ems_BstPre,0.0,1596169690.793173
CR_Ems_BstPre,0.0,1596169690.891572
CR_Ems_BstPre,0.0,1596169690.97339
CR_Ems_BstPre,0.0,1596169691.571608
CR_Ems_BstPre,0.0,1596169692.0341089
CR_Ems_BstPre,0.0,1596169692.0915034
CR_Ems_BstPre,0.0,1596169692.2512069
CR_Ems_BstPre,0.0,1596169692.329511
CR_Ems_BstPre,0.0,1596169692.3906794
CR_Ems_BstPre,0.0,1596169692.6323452
CR_Ems_BstPre,0.0,1596169692.9312801
CR_Ems_BstPre,0.0,1596169693.3121061
CR_Ems_BstPre,0.0,1596169693.8901582
CR_Ems_BstPre,0.0,1596169693.9919622
CR_Ems_BstPre,0.0,1596169694.049681
CR_Ems_BstPre,0.0,1596169694.114733
CR_Ems_BstPre,0.0,1596169694.6104589
CR_Ems_BstPre,0.0,1596169694.7296894
CR_Ems_BstPre,0.0,1596169694.831672
CR_Ems_BstPre,0.0,1596169694.8727226
CR_Ems_BstPre,0.0,1596169694.9098802
CR_Ems_BstPre,0.0,1596169695.069757
CR_Ems_BstPre,0.0,1596169695.130664
CR_Ems_BstPre,0.0,1596169695.208897
CR_Ems_BstPre,0.0,1596169695.3314614
CR_Ems_BstPre,0.0,1596169695.892679
CR_Ems_BstPre,0.0,1596169696.449882
CR_Ems_BstPre,0.0,1596169696.470759
CR_Ems_BstPre,0.0,1596169696.511156
CR_Ems_BstPre,0.0,1596169696.531399
CR_Ems_BstPre,0.0,1596169696.572476
CR_Ems_BstPre,0.0,1596169696.6098912
CR_Ems_BstPre,0.0,1596169697.031082
CR_Ems_BstPre,0.0,1596169697.309912
CR_Ems_BstPre,0.0,1596169697.432595
CR_Ems_BstPre,0.0,1596169697.5103052
CR_Ems_BstPre,0.0,1596169697.6708732
CR_Ems_BstPre,0.0,1596169699.13228
CR_Ems_BstPre,0.0,1596169699.2716892
CR_Ems_BstPre,0.0,1596169699.291929
CR_Ems_BstPre,0.0,1596169699.550147
CR_Ems_BstPre,0.0,1596169699.591161
CR_Ems_BstPre,0.0,1596169699.890228
CR_Ems_BstPre,0.0,1596169699.951374
CR_Ems_BstPre,0.0,1596169700.209662
CR_Ems_BstPre,0.0,1596169700.332315
CR_Ems_BstPre,0.0,1596169700.3695412
CR_Ems_BstPre,0.0,1596169700.549494
CR_Ems_BstPre,0.0,1596169700.770764
CR_Ems_BstPre,0.0,1596169700.869198
CR_Ems_BstPre,0.0,1596169701.450562
CR_Ems_BstPre,0.0,1596169701.532495
CR_Ems_BstPre,0.0,1596169702.6505866
CR_Ems_BstPre,0.0,1596169702.691534
CR_Ems_BstPre,0.0,1596169702.708395
CR_Ems_BstPre,0.0,1596169702.7324939
CR_Ems_BstPre,0.0,1596169702.8106759
CR_Ems_BstPre,0.0,1596169703.03157
CR_Ems_BstPre,0.0,1596169703.15022
CR_Ems_BstPre,0.0,1596169703.510983
CR_Ems_BstPre,0.0,1596169704.0309794
CR_Ems_BstPre,0.0,1596169704.0512726
CR_Ems_BstPre,0.0,1596169704.109173
CR_Ems_BstPre,0.0,1596169704.411686
CR_Ems_BstPre,0.0,1596169704.4489038
CR_Ems_BstPre,0.0,1596169705.0098078
CR_Ems_BstPre,0.0,1596169705.1084402
CR_Ems_BstPre,0.0,1596169706.288802
CR_Ems_BstPre,0.0,1596169706.693299
CR_Ems_BstPre,0.0,1596169707.090471
CR_Ems_BstPre,0.0,1596169707.151836
CR_Ems_BstPre,0.0,1596169707.529015
CR_Ems_BstPre,0.0,1596169707.5905228
CR_Ems_BstPre,0.0,1596169708.0324562
CR_Ems_BstPre,0.0,1596169708.069798
CR_Ems_BstPre,0.0,1596169708.130836
CR_Ems_BstPre,0.0,1596169708.6308851
CR_Ems_BstPre,0.0,1596169708.790282
CR_Ems_BstPre,0.0,1596169708.851511
CR_Ems_BstPre,0.0,1596169709.171341
CR_Ems_BstPre,0.0,1596169709.5315619
CR_Ems_BstPre,0.0,1596169709.7906716
CR_Ems_BstPre,0.0,1596169709.888914
CR_Ems_BstPre,0.0,1596169709.9497864
CR_Ems_BstPre,0.0,1596169710.231894
CR_Ems_BstPre,0.0,1596169710.310018
CR_Ems_BstPre,0.0,1596169710.350734
CR_Ems_BstPre,0.0,1596169710.752033
CR_Ems_BstPre,0.0,1596169710.949203
CR_Ems_BstPre,0.0,1596169711.25174
CR_Ems_BstPre,0.0,1596169711.4933069
CR_Ems_BstPre,0.0,1596169711.550723
CR_Ems_BstPre,0.0,1596169711.6700609
CR_Ems_BstPre,0.0,1596169711.731016
CR_Ems_BstPre,0.0,1596169711.7514722
CR_Ems_BstPre,0.0,1596169711.931673
CR_Ems_BstPre,0.0,1596169712.0303712
CR_Ems_BstPre,0.0,1596169712.108393
CR_Ems_BstPre,0.0,1596169712.169544
CR_Ems_BstPre,0.0,1596169712.272022
CR_Ems_BstPre,0.0,1596169712.329341
CR_Ems_BstPre,0.0,1596169712.7304268
CR_Ems_BstPre,0.0,1596169712.972322
CR_Ems_BstPre,0.0,1596169713.189601
CR_Ems_BstPre,0.0,1596169713.311875
CR_Ems_BstPre,0.0,1596169714.4100552
CR_Ems_BstPre,0.0,1596169714.6511462
CR_Ems_BstPre,0.0,1596169714.930275
CR_Ems_BstPre,0.0,1596169714.950407
CR_Ems_BstPre,0.0,1596169715.1305194
CR_Ems_BstPre,0.0,1596169715.589632
CR_Ems_BstPre,0.0,1596169715.990597
CR_Ems_BstPre,0.0,1596169716.011041
CR_Ems_BstPre,0.0,1596169716.249057
CR_Ems_BstPre,0.0,1596169716.552031
CR_Ems_BstPre,0.0,1596169716.769235
CR_Ems_BstPre,0.0,1596169716.83032
CR_Ems_BstPre,0.0,1596169716.9120672
CR_Ems_BstPre,0.0,1596169717.0721679
CR_Ems_BstPre,0.0,1596169718.149632
CR_Ems_BstPre,0.0,1596169718.4111722
CR_Ems_BstPre,0.0,1596169718.509957
CR_Ems_BstPre,0.0,1596169718.64929
CR_Ems_BstPre,0.0,1596169718.7921114
CR_Ems_BstPre,0.0,1596169719.390181
CR_Ems_BstPre,0.0,1596169719.611291
CR_Ems_BstPre,0.0,1596169719.9475908
CR_Ems_BstPre,0.0,1596169720.029469
CR_Ems_BstPre,0.0,1596169720.0909262
CR_Ems_BstPre,0.0,1596169720.3694491
CR_Ems_BstPre,0.0,1596169720.790848
CR_Ems_BstPre,0.0,1596169720.8692698
CR_Ems_BstPre,0.0,1596169720.8896158
CR_Ems_BstPre,0.0,1596169721.1308851
CR_Ems_BstPre,0.0,1596169721.348215
CR_Ems_BstPre,0.0,1596169721.430352
CR_Ems_BstPre,0.0,1596169721.708834
CR_Ems_BstPre,0.0,1596169721.8107
CR_Ems_BstPre,0.0,1596169722.031939
CR_Ems_BstPre,0.0,1596169722.069149
CR_Ems_BstPre,0.0,1596169722.0897136
CR_Ems_BstPre,0.0,1596169722.269593
CR_Ems_BstPre,0.0,1596169722.851058
CR_Ems_BstPre,0.0,1596169722.9088972
CR_Ems_BstPre,0.0,1596169723.391941
CR_Ems_BstPre,0.0,1596169723.412189
CR_Ems_BstPre,0.0,1596169723.8095279
CR_Ems_BstPre,0.0,1596169724.1087446
CR_Ems_BstPre,0.0,1596169724.7105222
CR_Ems_BstPre,0.0,1596169724.8713212
CR_Ems_BstPre,0.0,1596169724.969017
CR_Ems_BstPre,0.0,1596169725.108333
CR_Ems_BstPre,0.0,1596169725.6694221
CR_Ems_BstPre,0.0,1596169726.6314726
CR_Ems_BstPre,0.0,1596169726.7913148
CR_Ems_BstPre,0.0,1596169727.311393
CR_Ems_BstPre,0.0,1596169727.389803
CR_Ems_BstPre,0.0,1596169727.4714482
CR_Ems_BstPre,0.0,1596169727.532555
CR_Ems_BstPre,0.0,1596169727.689404
CR_Ems_BstPre,0.0,1596169727.749723
CR_Ems_BstPre,0.0,1596169728.1888108
CR_Ems_BstPre,0.0,1596169728.208859
CR_Ems_BstPre,0.0,1596169728.290405
CR_Ems_BstPre,0.0,1596169728.5113864
CR_Ems_BstPre,0.0,1596169728.6915839
CR_Ems_BstPre,0.0,1596169728.9500391
CR_Ems_BstPre,0.0,1596169729.0520582
CR_Ems_BstPre,0.0,1596169729.470037
CR_Ems_BstPre,0.0,1596169729.6716619
CR_Ems_BstPre,0.0,1596169729.732042
CR_Ems_BstPre,0.0,1596169730.5102348
CR_Ems_BstPre,0.0,1596169730.530761
CR_Ems_BstPre,0.0,1596169730.60862
CR_Ems_BstPre,0.0,1596169730.751829
CR_Ems_BstPre,0.0,1596169730.8301039
CR_Ems_BstPre,0.0,1596169731.0309172
CR_Ems_BstPre,0.0,1596169731.071611
CR_Ems_BstPre,0.0,1596169731.2684288
CR_Ems_BstPre,0.0,1596169731.3498778
CR_Ems_BstPre,0.0,1596169731.591402
CR_Ems_BstPre,0.0,1596169732.332798
CR_Ems_BstPre,0.0,1596169732.529823
CR_Ems_BstPre,0.0,1596169732.5706694
CR_Ems_BstPre,0.0,1596169732.869649
CR_Ems_BstPre,0.0,1596169733.0497382
CR_Ems_BstPre,0.0,1596169733.23029
CR_Ems_BstPre,0.0,1596169733.2508051
CR_Ems_BstPre,0.0,1596169733.3322446
CR_Ems_BstPre,0.0,1596169733.430947
CR_Ems_BstPre,0.0,1596169733.451027
CR_Ems_BstPre,0.0,1596169733.750008
CR_Ems_BstPre,0.0,1596169733.8897002
CR_Ems_BstPre,0.0,1596169734.532184
CR_Ems_BstPre,0.0,1596169734.950174
CR_Ems_BstPre,0.0,1596169735.2326062
CR_Ems_BstPre,0.0,1596169735.470531
CR_Ems_BstPre,0.0,1596169735.9090052
CR_Ems_BstPre,0.0,1596169736.031296
CR_Ems_BstPre,0.0,1596169736.2115312
CR_Ems_BstPre,0.0,1596169736.232159
CR_Ems_BstPre,0.0,1596169736.5310774
CR_Ems_BstPre,0.0,1596169736.809727
CR_Ems_BstPre,0.0,1596169736.850922
CR_Ems_BstPre,0.0,1596169737.051342
CR_Ems_BstPre,0.0,1596169737.1295
CR_Ems_BstPre,0.0,1596169737.149974
CR_Ems_BstPre,0.0,1596169737.432166
CR_Ems_BstPre,0.0,1596169738.169577
CR_Ems_BstPre,0.0,1596169738.4893398
CR_Ems_BstPre,0.0,1596169738.611645
CR_Ems_BstPre,0.0,1596169738.849834
CR_Ems_BstPre,0.0,1596169739.070851
CR_Ems_BstPre,0.0,1596169739.1692839
CR_Ems_BstPre,0.0,1596169739.328966
CR_Ems_BstPre,0.0,1596169739.4888058
CR_Ems_BstPre,0.0,1596169739.529546
CR_Ems_BstPre,0.0,1596169739.5500438
CR_Ems_BstPre,0.0,1596169739.6893902
CR_Ems_BstPre,0.0,1596169740.008826
CR_Ems_BstPre,0.0,1596169740.831724
CR_Ems_BstPre,0.0,1596169740.9095619
CR_Ems_BstPre,0.0,1596169741.1511161
CR_Ems_BstPre,0.0,1596169741.310833
CR_Ems_BstPre,0.0,1596169741.430037
CR_Ems_BstPre,0.0,1596169741.732918
CR_Ems_BstPre,0.0,1596169742.3886619
CR_Ems_BstPre,0.0,1596169742.409018
CR_Ems_BstPre,0.0,1596169742.7116039
CR_Ems_BstPre,0.0,1596169742.749048
CR_Ems_BstPre,0.0,1596169742.9902134
CR_Ems_BstPre,0.0,1596169743.051601
CR_Ems_BstPre,0.0,1596169743.150204
CR_Ems_BstPre,0.0,1596169743.191128
CR_Ems_BstPre,0.0,1596169743.2486668
CR_Ems_BstPre,0.0,1596169743.4902651
CR_Ems_BstPre,0.0,1596169743.6091142
CR_Ems_BstPre,0.0,1596169743.809584
CR_Ems_BstPre,0.0,1596169744.10842
CR_Ems_BstPre,0.0,1596169744.370764
CR_Ems_BstPre,0.0,1596169744.730826
CR_Ems_BstPre,0.0,1596169744.8907046
CR_Ems_BstPre,0.0,1596169744.9684546
CR_Ems_BstPre,0.0,1596169745.2101526
CR_Ems_BstPre,0.0,1596169745.648734
CR_Ems_BstPre,0.0,1596169745.788832
CR_Ems_BstPre,0.0,1596169745.951352
CR_Ems_BstPre,0.0,1596169746.267173
CR_Ems_BstPre,0.0,1596169746.4306939
CR_Ems_BstPre,0.0,1596169746.570158
CR_Ems_BstPre,0.0,1596169746.9097972
CR_Ems_BstPre,0.0,1596169747.130975
CR_Ems_BstPre,0.0,1596169747.610358
CR_Ems_BstPre,0.0,1596169748.0283911
CR_Ems_BstPre,0.0,1596169748.4092634
CR_Ems_BstPre,0.0,1596169748.5318668
CR_Ems_BstPre,0.0,1596169748.5894802
CR_Ems_BstPre,0.0,1596169748.630207
CR_Ems_BstPre,0.0,1596169748.7489762
CR_Ems_BstPre,0.0,1596169749.350949
CR_Ems_BstPre,0.0,1596169749.453492
CR_Ems_BstPre,0.0,1596169750.129524
CR_Ems_BstPre,0.0,1596169750.510051
CR_Ems_BstPre,0.0,1596169750.53056
CR_Ems_BstPre,0.0,1596169750.9319189
CR_Ems_BstPre,0.0,1596169751.4893482
CR_Ems_BstPre,0.0,1596169751.5300748
CR_Ems_BstPre,0.0,1596169751.76789
CR_Ems_BstPre,0.0,1596169752.0296252
CR_Ems_BstPre,0.0,1596169752.189397
CR_Ems_BstPre,0.0,1596169752.2675898
CR_Ems_BstPre,0.0,1596169752.431093
CR_Ems_BstPre,0.0,1596169753.168779
CR_Ems_BstPre,0.0,1596169753.229759
CR_Ems_BstPre,0.0,1596169753.270946
CR_Ems_BstPre,0.0,1596169753.389562
CR_Ems_BstPre,0.0,1596169753.488827
CR_Ems_BstPre,0.0,1596169753.590471
CR_Ems_BstPre,0.0,1596169753.668391
CR_Ems_BstPre,0.0,1596169753.7294168
CR_Ems_BstPre,0.0,1596169753.8897939
CR_Ems_BstPre,0.0,1596169754.090038
CR_Ems_BstPre,0.0,1596169754.2496052
CR_Ems_BstPre,0.0,1596169754.532146
CR_Ems_BstPre,0.0,1596169754.569141
CR_Ems_BstPre,0.0,1596169754.6884954
CR_Ems_BstPre,0.0,1596169754.8105578
CR_Ems_BstPre,0.0,1596169754.8682911
CR_Ems_BstPre,0.0,1596169755.1505976
CR_Ems_BstPre,0.0,1596169755.249347
CR_Ems_BstPre,0.0,1596169755.4126878
CR_Ems_BstPre,0.0,1596169755.4905481
CR_Ems_BstPre,0.0,1596169755.629969
CR_Ems_BstPre,0.0,1596169756.211377
CR_Ems_BstPre,0.0,1596169756.388618
CR_Ems_BstPre,0.0,1596169756.871178
CR_Ems_BstPre,0.0,1596169756.969397
CR_Ems_BstPre,0.0,1596169757.2481556
CR_Ems_BstPre,0.0,1596169757.3500302
CR_Ems_BstPre,0.0,1596169757.6899352
CR_Ems_BstPre,0.0,1596169758.2885408
CR_Ems_BstPre,0.0,1596169759.0705788
CR_Ems_BstPre,0.0,1596169759.2304056
CR_Ems_BstPre,0.0,1596169759.3288732
CR_Ems_BstPre,0.0,1596169759.4681392
CR_Ems_BstPre,0.0,1596169759.6687472
CR_Ems_BstPre,0.0,1596169759.6891448
CR_Ems_BstPre,0.0,1596169759.889584
CR_Ems_BstPre,0.0,1596169759.9100552
CR_Ems_BstPre,0.0,1596169760.610312
CR_Ems_BstPre,0.0,1596169760.8483179
CR_Ems_BstPre,0.0,1596169761.0491352
CR_Ems_BstPre,0.0,1596169761.1304538
CR_Ems_BstPre,0.0,1596169761.232836
CR_Ems_BstPre,0.0,1596169761.7489939
CR_Ems_BstPre,0.0,1596169762.048415
CR_Ems_BstPre,0.0,1596169762.1912134
CR_Ems_BstPre,0.0,1596169762.3677962
CR_Ems_BstPre,0.0,1596169762.6295972
CR_Ems_BstPre,0.0,1596169762.650045
CR_Ems_BstPre,0.0,1596169762.769408
CR_Ems_BstPre,0.0,1596169763.0310152
CR_Ems_BstPre,0.0,1596169763.04764
CR_Ems_BstPre,0.0,1596169763.1497462
CR_Ems_BstPre,0.0,1596169763.469352
CR_Ems_BstPre,0.0,1596169763.4897711
CR_Ems_BstPre,0.0,1596169763.5102
CR_Ems_BstPre,0.0,1596169763.530604
CR_Ems_BstPre,0.0,1596169763.568199
CR_Ems_BstPre,0.0,1596169763.6701212
CR_Ems_BstPre,0.0,1596169763.891084
CR_Ems_BstPre,0.0,1596169763.931999
CR_Ems_BstPre,0.0,1596169764.4894311
CR_Ems_BstPre,0.0,1596169764.550488
CR_Ems_BstPre,0.0,1596169764.767982
CR_Ems_BstPre,0.0,1596169765.009247
CR_Ems_BstPre,0.0,1596169765.18945
CR_Ems_BstPre,0.0,1596169765.210068
CR_Ems_BstPre,0.0,1596169765.2304242
CR_Ems_BstPre,0.0,1596169765.3086221
CR_Ems_BstPre,0.0,1596169765.988818
CR_Ems_BstPre,0.0,1596169766.229916
CR_Ems_BstPre,0.0,1596169766.6311932
CR_Ems_BstPre,0.0,1596169767.491217
CR_Ems_BstPre,0.0,1596169767.7701359
CR_Ems_BstPre,0.0,1596169767.831298
CR_Ems_BstPre,0.0,1596169767.929482
CR_Ems_BstPre,0.0,1596169768.249067
CR_Ems_BstPre,0.0,1596169768.269633
CR_Ems_BstPre,0.0,1596169768.708215
CR_Ems_BstPre,0.0,1596169768.728589
CR_Ems_BstPre,0.0,1596169768.908673
CR_Ems_BstPre,0.0,1596169769.048234
CR_Ems_BstPre,0.0,1596169769.40878
CR_Ems_BstPre,0.0,1596169769.711235
CR_Ems_BstPre,0.0,1596169769.8095694
CR_Ems_BstPre,0.0,1596169770.0103061
CR_Ems_BstPre,0.0,1596169770.088511
CR_Ems_BstPre,0.0,1596169770.2891471
CR_Ems_BstPre,0.0,1596169770.3501284
CR_Ems_BstPre,0.0,1596169771.050591
CR_Ems_BstPre,0.0,1596169771.0885231
CR_Ems_BstPre,0.0,1596169771.329391
CR_Ems_BstPre,0.0,1596169771.4314966
CR_Ems_BstPre,0.0,1596169771.771606
CR_Ems_BstPre,0.0,1596169771.829163
CR_Ems_BstPre,0.0,1596169771.8700411
CR_Ems_BstPre,0.0,1596169771.9478972
CR_Ems_BstPre,0.0,1596169771.968477
CR_Ems_BstPre,0.0,1596169772.250565
CR_Ems_BstPre,0.0,1596169772.48914
CR_Ems_BstPre,0.0,1596169772.95103
CR_Ems_BstPre,0.0,1596169772.971492
CR_Ems_BstPre,0.0,1596169773.0493538
CR_Ems_BstPre,0.0,1596169773.090194
CR_Ems_BstPre,0.0,1596169773.131218
CR_Ems_BstPre,0.0,1596169773.369034
CR_Ems_BstPre,0.0,1596169773.7296572
CR_Ems_BstPre,0.0,1596169773.8724954
CR_Ems_BstPre,0.0,1596169773.889007
CR_Ems_BstPre,0.0,1596169774.00817
CR_Ems_BstPre,0.0,1596169774.270071
CR_Ems_BstPre,0.0,1596169774.32755
CR_Ems_BstPre,0.0,1596169774.368609
CR_Ems_BstPre,0.0,1596169775.109451
CR_Ems_BstPre,0.0,1596169775.6501062
CR_Ems_BstPre,0.0,1596169775.810208
CR_Ems_BstPre,0.0,1596169775.949455
CR_Ems_BstPre,0.0,1596169776.408396
CR_Ems_BstPre,0.0,1596169776.72767
CR_Ems_BstPre,0.0,1596169776.788867
CR_Ems_BstPre,0.0,1596169777.009972
CR_Ems_BstPre,0.0,1596169777.108881
CR_Ems_BstPre,0.0,1596169777.132761
CR_Ems_BstPre,0.0,1596169777.210507
CR_Ems_BstPre,0.0,1596169778.148624
CR_Ems_BstPre,0.0,1596169778.332799
CR_Ems_BstPre,0.0,1596169778.730186
CR_Ems_BstPre,0.0,1596169778.750617
CR_Ems_BstPre,0.0,1596169778.9309711
CR_Ems_BstPre,0.0,1596169779.0703359
CR_Ems_BstPre,0.0,1596169779.3080869
CR_Ems_BstPre,0.0,1596169779.5329614
CR_Ems_BstPre,0.0,1596169780.168218
CR_Ems_BstPre,0.0,1596169780.488363
CR_Ems_BstPre,0.0,1596169780.8682961
CR_Ems_BstPre,0.0,1596169780.9912071
CR_Ems_BstPre,0.0,1596169781.011518
CR_Ems_BstPre,0.0,1596169781.109775
CR_Ems_BstPre,0.0,1596169781.1303182
CR_Ems_BstPre,0.0,1596169781.490773
CR_Ems_BstPre,0.0,1596169781.5686774
CR_Ems_BstPre,0.0,1596169782.007338
CR_Ems_BstPre,0.0,1596169782.330376
CR_Ems_BstPre,0.0,1596169782.371362
CR_Ems_BstPre,0.0,1596169782.38826
CR_Ems_BstPre,0.0,1596169782.449265
CR_Ems_BstPre,0.0,1596169782.748538
CR_Ems_BstPre,0.0,1596169783.010198
CR_Ems_BstPre,0.0,1596169783.129153
CR_Ems_BstPre,0.0,1596169783.4116778
CR_Ems_BstPre,0.0,1596169783.7685552
CR_Ems_BstPre,0.0,1596169783.9283829
CR_Ems_BstPre,0.0,1596169783.989287
CR_Ems_BstPre,0.0,1596169784.088247
CR_Ems_BstPre,0.0,1596169784.329666
CR_Ems_BstPre,0.0,1596169784.3907
CR_Ems_BstPre,0.0,1596169784.94815
CR_Ems_BstPre,0.0,1596169785.4681609
CR_Ems_BstPre,0.0,1596169785.7094061
CR_Ems_BstPre,0.0,1596169786.36964
CR_Ems_BstPre,0.0,1596169786.590038
CR_Ems_BstPre,0.0,1596169786.9504259
CR_Ems_BstPre,0.0,1596169787.1306958
CR_Ems_BstPre,0.0,1596169787.388829
CR_Ems_BstPre,0.0,1596169787.609858
CR_Ems_BstPre,0.0,1596169787.7901812
CR_Ems_BstPre,0.0,1596169787.8273878
CR_Ems_BstPre,0.0,1596169788.129998
CR_Ems_BstPre,0.0,1596169788.330879
CR_Ems_BstPre,0.0,1596169788.470308
CR_Ems_BstPre,0.0,1596169788.490508
CR_Ems_BstPre,0.0,1596169788.74892
CR_Ems_BstPre,0.0,1596169788.9086199
CR_Ems_BstPre,0.0,1596169788.9901881
CR_Ems_BstPre,0.0,1596169789.1706612
CR_Ems_BstPre,0.0,1596169789.330174
CR_Ems_BstPre,0.0,1596169789.64973
CR_Ems_BstPre,0.0,1596169789.6905348
CR_Ems_BstPre,0.0,1596169789.768602
CR_Ems_BstPre,0.0,1596169789.9321349
CR_Ems_BstPre,0.0,1596169790.026901
CR_Ems_BstPre,0.0,1596169790.489268
CR_Ems_BstPre,0.0,1596169790.550646
CR_Ems_BstPre,0.0,1596169790.571232
CR_Ems_BstPre,0.0,1596169790.7309284
CR_Ems_BstPre,0.0,1596169790.968694
CR_Ems_BstPre,0.0,1596169791.308519
CR_Ems_BstPre,0.0,1596169791.5295749
CR_Ems_BstPre,0.0,1596169791.849024
CR_Ems_BstPre,0.0,1596169792.4100964
CR_Ems_BstPre,0.0,1596169792.688782
CR_Ems_BstPre,0.0,1596169792.831994
CR_Ems_BstPre,0.0,1596169792.848417
CR_Ems_BstPre,0.0,1596169792.9508214
CR_Ems_BstPre,0.0,1596169793.4673429
CR_Ems_BstPre,0.0,1596169793.651152
CR_Ems_BstPre,0.0,1596169793.77031
CR_Ems_BstPre,0.0,1596169794.0280151
CR_Ems_BstPre,0.0,1596169794.187892
CR_Ems_BstPre,0.0,1596169794.33119
CR_Ems_BstPre,0.0,1596169794.548686
CR_Ems_BstPre,0.0,1596169794.7085671
CR_Ems_BstPre,0.0,1596169794.7489438
CR_Ems_BstPre,0.0,1596169794.8681102
CR_Ems_BstPre,0.0,1596169794.949558
CR_Ems_BstPre,0.0,1596169794.9702868
CR_Ems_BstPre,0.0,1596169795.02774
CR_Ems_BstPre,0.0,1596169795.0684214
CR_Ems_BstPre,0.0,1596169795.428876
CR_Ems_BstPre,0.0,1596169795.6093369
CR_Ems_BstPre,0.0,1596169795.8098462
CR_Ems_BstPre,0.0,1596169796.010297
CR_Ems_BstPre,0.0,1596169796.489677
CR_Ems_BstPre,0.0,1596169796.56748
CR_Ems_BstPre,0.0,1596169796.628892
CR_Ems_BstPre,0.0,1596169796.748306
CR_Ems_BstPre,0.0,1596169796.907948
CR_Ems_BstPre,0.0,1596169797.3497038
CR_Ems_BstPre,0.0,1596169797.4111328
CR_Ems_BstPre,0.0,1596169797.4686801
CR_Ems_BstPre,0.0,1596169797.890573
CR_Ems_BstPre,0.0,1596169798.128215
CR_Ems_BstPre,0.0,1596169798.169128
CR_Ems_BstPre,0.0,1596169798.1896071
CR_Ems_BstPre,0.0,1596169798.607552
CR_Ems_BstPre,0.0,1596169798.66878
CR_Ems_BstPre,0.0,1596169798.709612
CR_Ems_BstPre,0.0,1596169798.770973
CR_Ems_BstPre,0.0,1596169798.9475381
CR_Ems_BstPre,0.0,1596169799.1277828
CR_Ems_BstPre,0.0,1596169799.5327098
CR_Ems_BstPre,0.0,1596169799.9504972
CR_Ems_BstPre,0.0,1596169800.028853
CR_Ems_BstPre,0.0,1596169800.0900102
CR_Ems_BstPre,0.0,1596169800.147614
CR_Ems_BstPre,0.0,1596169800.348323
CR_Ems_BstPre,0.0,1596169800.429832
CR_Ems_BstPre,0.0,1596169800.7491894
CR_Ems_BstPre,0.0,1596169800.888535
CR_Ems_BstPre,0.0,1596169800.949909
CR_Ems_BstPre,0.0,1596169801.208213
CR_Ems_BstPre,0.0,1596169801.667252
CR_Ems_BstPre,0.0,1596169801.7693179
CR_Ems_BstPre,0.0,1596169802.03126
CR_Ems_BstPre,0.0,1596169802.408175
CR_Ems_BstPre,0.0,1596169802.4900222
CR_Ems_BstPre,0.0,1596169802.5682368
CR_Ems_BstPre,0.0,1596169802.629227
CR_Ems_BstPre,0.0,1596169802.687967
CR_Ems_BstPre,0.0,1596169802.707378
CR_Ems_BstPre,0.0,1596169802.969383
CR_Ems_BstPre,0.0,1596169803.051053
CR_Ems_BstPre,0.0,1596169803.1289294
CR_Ems_BstPre,0.0,1596169803.927965
CR_Ems_BstPre,0.0,1596169804.370364
CR_Ems_BstPre,0.0,1596169804.869898
CR_Ems_BstPre,0.0,1596169804.9884949
CR_Ems_BstPre,0.0,1596169805.230032
CR_Ems_BstPre,0.0,1596169805.2672858
CR_Ems_BstPre,0.0,1596169805.348883
CR_Ems_BstPre,0.0,1596169805.369612
CR_Ems_BstPre,0.0,1596169805.4681866
CR_Ems_BstPre,0.0,1596169805.587539
CR_Ems_BstPre,0.0,1596169805.750201
CR_Ems_BstPre,0.0,1596169806.0492
CR_Ems_BstPre,0.0,1596169806.127459
CR_Ems_BstPre,0.0,1596169806.270565
CR_Ems_BstPre,0.0,1596169806.369522
CR_Ems_BstPre,0.0,1596169806.409548
CR_Ems_BstPre,0.0,1596169806.610193
CR_Ems_BstPre,0.0,1596169806.970772
CR_Ems_BstPre,0.0,1596169807.007704
CR_Ems_BstPre,0.0,1596169807.089608
CR_Ems_BstPre,0.0,1596169807.208373
CR_Ems_BstPre,0.0,1596169807.748971
CR_Ems_BstPre,0.0,1596169808.0278091
CR_Ems_BstPre,0.0,1596169808.068567
CR_Ems_BstPre,0.0,1596169808.167153
CR_Ems_BstPre,0.0,1596169808.510714
CR_Ems_BstPre,0.0,1596169808.5313456
CR_Ems_BstPre,0.0,1596169809.2481222
CR_Ems_BstPre,0.0,1596169809.469464
CR_Ems_BstPre,0.0,1596169809.547542
CR_Ems_BstPre,0.0,1596169809.588047
CR_Ems_BstPre,0.0,1596169809.649389
CR_Ems_BstPre,0.0,1596169809.88803
CR_Ems_BstPre,0.0,1596169810.34974
CR_Ems_BstPre,0.0,1596169810.370558
CR_Ems_BstPre,0.0,1596169810.5299711
CR_Ems_BstPre,0.0,1596169810.550415
CR_Ems_BstPre,0.0,1596169810.570924
CR_Ems_BstPre,0.0,1596169810.8085034
CR_Ems_BstPre,0.0,1596169810.829129
CR_Ems_BstPre,0.0,1596169810.968408
CR_Ems_BstPre,0.0,1596169811.607636
CR_Ems_BstPre,0.0,1596169811.9308524
CR_Ems_BstPre,0.0,1596169812.270761
CR_Ems_BstPre,0.0,1596169812.38965
CR_Ems_BstPre,0.0,1596169812.48795
CR_Ems_BstPre,0.0,1596169812.729482
CR_Ems_BstPre,0.0,1596169812.828265
CR_Ems_BstPre,0.0,1596169812.8689866
CR_Ems_BstPre,0.0,1596169813.127179
CR_Ems_BstPre,0.0,1596169813.209012
CR_Ems_BstPre,0.0,1596169813.409369
CR_Ems_BstPre,0.0,1596169813.6475232
CR_Ems_BstPre,0.0,1596169813.869018
CR_Ems_BstPre,0.0,1596169813.8886788
CR_Ems_BstPre,0.0,1596169813.9667802
CR_Ems_BstPre,0.0,1596169814.188268
CR_Ems_BstPre,0.0,1596169814.4293768
CR_Ems_BstPre,0.0,1596169814.527951
CR_Ems_BstPre,0.0,1596169814.8471072
CR_Ems_BstPre,0.0,1596169814.928917
CR_Ems_BstPre,0.0,1596169815.129628
CR_Ems_BstPre,0.0,1596169815.309832
CR_Ems_BstPre,0.0,1596169815.5069132
CR_Ems_BstPre,0.0,1596169815.870917
CR_Ems_BstPre,0.0,1596169815.907924
CR_Ems_BstPre,0.0,1596169815.989922
CR_Ems_BstPre,0.0,1596169816.149402
CR_Ems_BstPre,0.0,1596169816.4284108
CR_Ems_BstPre,0.0,1596169816.608595
CR_Ems_BstPre,0.0,1596169816.690057
CR_Ems_BstPre,0.0,1596169816.849778
CR_Ems_BstPre,0.0,1596169817.546578
CR_Ems_BstPre,0.0,1596169817.808589
CR_Ems_BstPre,0.0,1596169817.90716
CR_Ems_BstPre,0.0,1596169818.090849
CR_Ems_BstPre,0.0,1596169818.3697839
CR_Ems_BstPre,0.0,1596169819.188697
CR_Ems_BstPre,0.0,1596169819.34838
CR_Ems_BstPre,0.0,1596169819.4675438
CR_Ems_BstPre,0.0,1596169819.569675
CR_Ems_BstPre,0.0,1596169819.7291572
CR_Ems_BstPre,0.0,1596169820.008095
CR_Ems_BstPre,0.0,1596169820.089638
CR_Ems_BstPre,0.0,1596169820.347748
CR_Ems_BstPre,0.0,1596169820.8883488
CR_Ems_BstPre,0.0,1596169821.028136
CR_Ems_BstPre,0.0,1596169821.1671429
CR_Ems_BstPre,0.0,1596169821.347585
CR_Ems_BstPre,0.0,1596169821.4085119
CR_Ems_BstPre,0.0,1596169821.4875
CR_Ems_BstPre,0.0,1596169821.527675
CR_Ems_BstPre,0.0,1596169821.6296382
CR_Ems_BstPre,0.0,1596169821.769336
CR_Ems_BstPre,0.0,1596169821.8097851
CR_Ems_BstPre,0.0,1596169822.007124
CR_Ems_BstPre,0.0,1596169822.068078
CR_Ems_BstPre,0.0,1596169822.108904
CR_Ems_BstPre,0.0,1596169822.1293151
CR_Ems_BstPre,0.0,1596169822.207546
CR_Ems_BstPre,0.0,1596169822.2481768
CR_Ems_BstPre,0.0,1596169822.6293359
CR_Ems_BstPre,0.0,1596169822.768509
CR_Ems_BstPre,0.0,1596169822.788786
CR_Ems_BstPre,0.0,1596169822.829686
CR_Ems_BstPre,0.0,1596169822.888446
CR_Ems_BstPre,0.0,1596169823.0474231
CR_Ems_BstPre,0.0,1596169823.088098
CR_Ems_BstPre,0.0,1596169823.207065
CR_Ems_BstPre,0.0,1596169823.428034
CR_Ems_BstPre,0.0,1596169824.3700118
CR_Ems_BstPre,0.0,1596169825.107264
CR_Ems_BstPre,0.0,1596169825.147927
CR_Ems_BstPre,0.0,1596169825.229837
CR_Ems_BstPre,0.0,1596169825.369497
CR_Ems_BstPre,0.0,1596169825.4064028
CR_Ems_BstPre,0.0,1596169825.430584
CR_Ems_BstPre,0.0,1596169826.069777
CR_Ems_BstPre,0.0,1596169826.127182
CR_Ems_BstPre,0.0,1596169826.3074439
CR_Ems_BstPre,0.0,1596169826.770132
CR_Ems_BstPre,0.0,1596169826.9092221
CR_Ems_BstPre,0.0,1596169827.0075786
CR_Ems_BstPre,0.0,1596169827.130353
CR_Ems_BstPre,0.0,1596169827.167613
CR_Ems_BstPre,0.0,1596169827.249066
CR_Ems_BstPre,0.0,1596169827.368417
CR_Ems_BstPre,0.0,1596169827.6505132
CR_Ems_BstPre,0.0,1596169827.8677402
CR_Ems_BstPre,0.0,1596169827.888145
CR_Ems_BstPre,0.0,1596169828.166982
CR_Ems_BstPre,0.0,1596169828.269701
CR_Ems_BstPre,0.0,1596169828.428876
CR_Ems_BstPre,0.0,1596169828.449269
CR_Ems_BstPre,0.0,1596169828.5105288
CR_Ems_BstPre,0.0,1596169828.687833
CR_Ems_BstPre,0.0,1596169828.986926
CR_Ems_BstPre,0.0,1596169829.2069519
CR_Ems_BstPre,0.0,1596169829.3502462
CR_Ems_BstPre,0.0,1596169829.628885
CR_Ems_BstPre,0.0,1596169829.6700008
CR_Ems_BstPre,0.0,1596169829.866913
CR_Ems_BstPre,0.0,1596169829.88705
CR_Ems_BstPre,0.0,1596169830.108016
CR_Ems_BstPre,0.0,1596169830.128459
CR_Ems_BstPre,0.0,1596169830.230952
CR_Ems_BstPre,0.0,1596169830.370518
CR_Ems_BstPre,0.0,1596169830.447957
CR_Ems_BstPre,0.0,1596169830.509254
CR_Ems_BstPre,0.0,1596169830.689652
CR_Ems_BstPre,0.0,1596169830.726757
CR_Ems_BstPre,0.0,1596169830.8083386
CR_Ems_BstPre,0.0,1596169830.9072874
CR_Ems_BstPre,0.0,1596169831.0668
CR_Ems_BstPre,0.0,1596169831.148314
CR_Ems_BstPre,0.0,1596169831.508672
CR_Ems_BstPre,0.0,1596169831.628027
CR_Ems_BstPre,0.0,1596169831.807994
CR_Ems_BstPre,0.0,1596169831.988367
CR_Ems_BstPre,0.0,1596169832.131258
CR_Ems_BstPre,0.0,1596169832.308052
CR_Ems_BstPre,0.0,1596169832.389525
CR_Ems_BstPre,0.0,1596169832.4671721
CR_Ems_BstPre,0.0,1596169832.5286348
CR_Ems_BstPre,0.0,1596169832.88908
CR_Ems_BstPre,0.0,1596169832.94679
CR_Ems_BstPre,0.0,1596169833.3889651
CR_Ems_BstPre,0.0,1596169833.466938
CR_Ems_BstPre,0.0,1596169833.5283358
CR_Ems_BstPre,0.0,1596169833.8274848
CR_Ems_BstPre,0.0,1596169834.0277321
CR_Ems_BstPre,0.0,1596169834.0481322
CR_Ems_BstPre,0.0,1596169834.208363
CR_Ems_BstPre,0.0,1596169834.3475788
CR_Ems_BstPre,0.0,1596169834.707966
CR_Ems_BstPre,0.0,1596169834.88792
CR_Ems_BstPre,0.0,1596169834.928711
CR_Ems_BstPre,0.0,1596169834.9871054
CR_Ems_BstPre,0.0,1596169835.1089618
CR_Ems_BstPre,0.0,1596169835.24822
CR_Ems_BstPre,0.0,1596169835.36747
CR_Ems_BstPre,0.0,1596169835.387846
CR_Ems_BstPre,0.0,1596169835.747935
CR_Ems_BstPre,0.0,1596169835.789005
CR_Ems_BstPre,0.0,1596169836.2682636
CR_Ems_BstPre,0.0,1596169836.489229
CR_Ems_BstPre,0.0,1596169836.5470982
CR_Ems_BstPre,0.0,1596169836.706712
CR_Ems_BstPre,0.0,1596169836.727244
CR_Ems_BstPre,0.0,1596169836.968695
CR_Ems_BstPre,0.0,1596169837.447784
CR_Ems_BstPre,0.0,1596169837.747236
CR_Ems_BstPre,0.0,1596169837.8286214
CR_Ems_BstPre,0.0,1596169837.869847
CR_Ems_BstPre,0.0,1596169838.22997
CR_Ems_BstPre,0.0,1596169838.3283381
CR_Ems_BstPre,0.0,1596169838.467638
CR_Ems_BstPre,0.0,1596169838.566386
CR_Ems_BstPre,0.0,1596169838.8279688
CR_Ems_BstPre,0.0,1596169838.9677818
CR_Ems_BstPre,0.0,1596169839.1884842
CR_Ems_BstPre,0.0,1596169839.2088661
CR_Ems_BstPre,0.0,1596169839.229288
CR_Ems_BstPre,0.0,1596169839.348125
CR_Ems_BstPre,0.0,1596169839.7873788
CR_Ems_BstPre,0.0,1596169839.9260092
CR_Ems_BstPre,0.0,1596169840.408884
CR_Ems_BstPre,0.0,1596169840.6300972
CR_Ems_BstPre,0.0,1596169840.728482
CR_Ems_BstPre,0.0,1596169840.7898722
CR_Ems_BstPre,0.0,1596169840.908733
CR_Ems_BstPre,0.0,1596169840.929125
CR_Ems_BstPre,0.0,1596169841.06866
CR_Ems_BstPre,0.0,1596169841.10922
CR_Ems_BstPre,0.0,1596169841.129825
CR_Ems_BstPre,0.0,1596169841.146559
CR_Ems_BstPre,0.0,1596169841.3304539
CR_Ems_BstPre,0.0,1596169841.4492204
CR_Ems_BstPre,0.0,1596169841.547912
CR_Ems_BstPre,0.0,1596169842.0272946
CR_Ems_BstPre,0.0,1596169842.088379
CR_Ems_BstPre,0.0,1596169842.2889519
CR_Ems_BstPre,0.0,1596169842.3466392
CR_Ems_BstPre,0.0,1596169842.506582
CR_Ems_BstPre,0.0,1596169842.64928
CR_Ems_BstPre,0.0,1596169843.148981
CR_Ems_BstPre,0.0,1596169843.767689
CR_Ems_BstPre,0.0,1596169843.808403
CR_Ems_BstPre,0.0,1596169843.8662179
CR_Ems_BstPre,0.0,1596169844.2097678
CR_Ems_BstPre,0.0,1596169844.5872374
CR_Ems_BstPre,0.0,1596169844.6280706
CR_Ems_BstPre,0.0,1596169844.7057762
CR_Ems_BstPre,0.0,1596169845.328052
CR_Ems_BstPre,0.0,1596169845.6476278
CR_Ems_BstPre,0.0,1596169846.188142
CR_Ems_BstPre,0.0,1596169846.2494311
CR_Ems_BstPre,0.0,1596169846.3483572
CR_Ems_BstPre,0.0,1596169846.467031
CR_Ems_BstPre,0.0,1596169846.528128
CR_Ems_BstPre,0.0,1596169846.7901359
CR_Ems_BstPre,0.0,1596169847.007603
CR_Ems_BstPre,0.0,1596169847.1095822
CR_Ems_BstPre,0.0,1596169847.466436
CR_Ems_BstPre,0.0,1596169847.6502962
CR_Ems_BstPre,0.0,1596169847.728149
CR_Ems_BstPre,0.0,1596169848.109041
CR_Ems_BstPre,0.0,1596169848.2281768
CR_Ems_BstPre,0.0,1596169848.407973
CR_Ems_BstPre,0.0,1596169848.4286149
CR_Ems_BstPre,0.0,1596169848.53086
CR_Ems_BstPre,0.0,1596169848.588224
CR_Ems_BstPre,0.0,1596169848.6086938
CR_Ems_BstPre,0.0,1596169848.94866
CR_Ems_BstPre,0.0,1596169849.0880158
CR_Ems_BstPre,0.0,1596169849.187171
CR_Ems_BstPre,0.0,1596169849.22725
CR_Ems_BstPre,0.0,1596169849.948093
CR_Ems_BstPre,0.0,1596169850.329055
CR_Ems_BstPre,0.0,1596169851.107559
CR_Ems_BstPre,0.0,1596169851.230103
CR_Ems_BstPre,0.0,1596169851.467801
CR_Ems_BstPre,0.0,1596169851.6072161
CR_Ems_BstPre,0.0,1596169852.090074
CR_Ems_BstPre,0.0,1596169852.328052
CR_Ems_BstPre,0.0,1596169852.3688488
CR_Ems_BstPre,0.0,1596169852.5284538
CR_Ems_BstPre,0.0,1596169852.7290206
CR_Ems_BstPre,0.0,1596169852.745846
CR_Ems_BstPre,0.0,1596169852.9261801
CR_Ems_BstPre,0.0,1596169853.106441
CR_Ems_BstPre,0.0,1596169853.2660294
CR_Ems_BstPre,0.0,1596169853.32759
CR_Ems_BstPre,0.0,1596169853.667148
CR_Ems_BstPre,0.0,1596169854.187755
CR_Ems_BstPre,0.0,1596169854.687259
CR_Ems_BstPre,0.0,1596169854.8673751
CR_Ems_BstPre,0.0,1596169855.346848
CR_Ems_BstPre,0.0,1596169855.669919
CR_Ems_BstPre,0.0,1596169855.690409
CR_Ems_BstPre,0.0,1596169855.7477582
CR_Ems_BstPre,0.0,1596169855.8057444
CR_Ems_BstPre,0.0,1596169856.58769
CR_Ems_BstPre,0.0,1596169856.686626
CR_Ems_BstPre,0.0,1596169856.8289368
CR_Ems_BstPre,0.0,1596169857.066657
CR_Ems_BstPre,0.0,1596169857.2098699
CR_Ems_BstPre,0.0,1596169857.267467
CR_Ems_BstPre,0.0,1596169857.4688768
CR_Ems_BstPre,0.0,1596169857.488575
CR_Ems_BstPre,0.0,1596169857.505357
CR_Ems_BstPre,0.0,1596169857.8488152
CR_Ems_BstPre,0.0,1596169858.049475
CR_Ems_BstPre,0.0,1596169858.107457
CR_Ems_BstPre,0.0,1596169858.246596
CR_Ems_BstPre,0.0,1596169858.406312
CR_Ems_BstPre,0.0,1596169858.6274614
CR_Ems_BstPre,0.0,1596169858.7498732
CR_Ems_BstPre,0.0,1596169858.869173
CR_Ems_BstPre,0.0,1596169858.906112
CR_Ems_BstPre,0.0,1596169858.987902
CR_Ems_BstPre,0.0,1596169859.0079944
CR_Ems_BstPre,0.0,1596169859.0284126
CR_Ems_BstPre,0.0,1596169859.4298398
CR_Ems_BstPre,0.0,1596169859.9464374
CR_Ems_BstPre,0.0,1596169860.470152
CR_Ems_BstPre,0.0,1596169860.527581
CR_Ems_BstPre,0.0,1596169860.7076821
CR_Ems_BstPre,0.0,1596169861.085595
CR_Ems_BstPre,0.0,1596169861.1089852
CR_Ems_BstPre,0.0,1596169861.228283
CR_Ems_BstPre,0.0,1596169861.428617
CR_Ems_BstPre,0.0,1596169861.465852
CR_Ems_BstPre,0.0,1596169861.4868321
CR_Ems_BstPre,0.0,1596169861.567853
CR_Ems_BstPre,0.0,1596169861.6293938
CR_Ems_BstPre,0.0,1596169861.7480938
CR_Ems_BstPre,0.0,1596169861.8670762
CR_Ems_BstPre,0.0,1596169862.027051
CR_Ems_BstPre,0.0,1596169862.3056312
CR_Ems_BstPre,0.0,1596169862.329725
CR_Ems_BstPre,0.0,1596169862.846122
CR_Ems_BstPre,0.0,1596169863.165699
CR_Ems_BstPre,0.0,1596169863.3663418
CR_Ems_BstPre,0.0,1596169863.6281881
CR_Ems_BstPre,0.0,1596169864.066272
CR_Ems_BstPre,0.0,1596169864.3285801
CR_Ems_BstPre,0.0,1596169864.387089
CR_Ems_BstPre,0.0,1596169864.4066381
CR_Ems_BstPre,0.0,1596169864.607582
CR_Ems_BstPre,0.0,1596169864.631422
CR_Ems_BstPre,0.0,1596169864.729857
CR_Ems_BstPre,0.0,1596169864.807683
CR_Ems_BstPre,0.0,1596169864.848693
CR_Ems_BstPre,0.0,1596169864.930439
CR_Ems_BstPre,0.0,1596169865.2873142
CR_Ems_BstPre,0.0,1596169865.8279881
CR_Ems_BstPre,0.0,1596169865.9299529
CR_Ems_BstPre,0.0,1596169866.106425
CR_Ems_BstPre,0.0,1596169866.2492194
CR_Ems_BstPre,0.0,1596169866.2661626
CR_Ems_BstPre,0.0,1596169866.306766
CR_Ems_BstPre,0.0,1596169866.388887
CR_Ems_BstPre,0.0,1596169866.429673
CR_Ems_BstPre,0.0,1596169866.507343
CR_Ems_BstPre,0.0,1596169866.8474612
CR_Ems_BstPre,0.0,1596169866.9877582
CR_Ems_BstPre,0.0,1596169867.007491
CR_Ems_BstPre,0.0,1596169867.48682
CR_Ems_BstPre,0.0,1596169867.5272682
CR_Ems_BstPre,0.0,1596169867.928688
CR_Ems_BstPre,0.0,1596169867.9490829
CR_Ems_BstPre,0.0,1596169868.027401
CR_Ems_BstPre,0.0,1596169868.207541
CR_Ems_BstPre,0.0,1596169868.227668
CR_Ems_BstPre,0.0,1596169868.289047
CR_Ems_BstPre,0.0,1596169868.387428
CR_Ems_BstPre,0.0,1596169868.7069151
CR_Ems_BstPre,0.0,1596169868.887224
CR_Ems_BstPre,0.0,1596169869.0878909
CR_Ems_BstPre,0.0,1596169869.227453
CR_Ems_BstPre,0.0,1596169869.448148
CR_Ems_BstPre,0.0,1596169869.747252
CR_Ems_BstPre,0.0,1596169869.7881954
CR_Ems_BstPre,0.0,1596169869.886793
CR_Ems_BstPre,0.0,1596169870.288173
CR_Ems_BstPre,0.0,1596169870.5876126
CR_Ems_BstPre,0.0,1596169870.96793
CR_Ems_BstPre,0.0,1596169871.3486214
CR_Ems_BstPre,0.0,1596169871.5084689
CR_Ems_BstPre,0.0,1596169871.528754
CR_Ems_BstPre,0.0,1596169871.5873551
CR_Ems_BstPre,0.0,1596169872.0285306
CR_Ems_BstPre,0.0,1596169872.126911
CR_Ems_BstPre,0.0,1596169872.1882956
CR_Ems_BstPre,0.0,1596169872.647312
CR_Ems_BstPre,0.0,1596169872.929612
CR_Ems_BstPre,0.0,1596169872.946542
CR_Ems_BstPre,0.0,1596169873.606074
CR_Ems_BstPre,0.0,1596169873.806419
CR_Ems_BstPre,0.0,1596169873.9868171
CR_Ems_BstPre,0.0,1596169874.068458
CR_Ems_BstPre,0.0,1596169874.347101
CR_Ems_BstPre,0.0,1596169874.367321
CR_Ems_BstPre,0.0,1596169874.408308
CR_Ems_BstPre,0.0,1596169874.5681472
CR_Ems_BstPre,0.0,1596169875.2685301
CR_Ems_BstPre,0.0,1596169875.448457
CR_Ems_BstPre,0.0,1596169875.4867141
CR_Ems_BstPre,0.0,1596169875.9689422
CR_Ems_BstPre,0.0,1596169876.0059779
CR_Ems_BstPre,0.0,1596169876.206934
CR_Ems_BstPre,0.0,1596169876.4072802
CR_Ems_BstPre,0.0,1596169876.4890661
CR_Ems_BstPre,0.0,1596169876.7675722
CR_Ems_BstPre,0.0,1596169876.8866231
CR_Ems_BstPre,0.0,1596169877.168868
CR_Ems_BstPre,0.0,1596169877.566537
CR_Ems_BstPre,0.0,1596169877.668676
CR_Ems_BstPre,0.0,1596169877.6888509
CR_Ems_BstPre,0.0,1596169878.0493162
CR_Ems_BstPre,0.0,1596169878.188641
CR_Ems_BstPre,0.0,1596169878.2463539
CR_Ems_BstPre,0.0,1596169878.405953
CR_Ems_BstPre,0.0,1596169878.487644
CR_Ems_BstPre,0.0,1596169878.508131
CR_Ems_BstPre,0.0,1596169878.827616
CR_Ems_BstPre,0.0,1596169879.188001
CR_Ems_BstPre,0.0,1596169879.466959
CR_Ems_BstPre,0.0,1596169879.606316
CR_Ems_BstPre,0.0,1596169879.847462
CR_Ems_BstPre,0.0,1596169879.868129
CR_Ems_BstPre,0.0,1596169880.0076852
CR_Ems_BstPre,0.0,1596169880.2657018
CR_Ems_BstPre,0.0,1596169880.769046
CR_Ems_BstPre,0.0,1596169880.8878772
CR_Ems_BstPre,0.0,1596169880.9491048
CR_Ems_BstPre,0.0,1596169881.04777
CR_Ems_BstPre,0.0,1596169881.1087732
CR_Ems_BstPre,0.0,1596169881.1463661
CR_Ems_BstPre,0.0,1596169881.33013
CR_Ems_BstPre,0.0,1596169881.387548
CR_Ems_BstPre,0.0,1596169881.5066
CR_Ems_BstPre,0.0,1596169881.666372
CR_Ems_BstPre,0.0,1596169881.846646
CR_Ems_BstPre,0.0,1596169881.948475
CR_Ems_BstPre,0.0,1596169882.067416
CR_Ems_BstPre,0.0,1596169882.087916
CR_Ems_BstPre,0.0,1596169882.14555
CR_Ems_BstPre,0.0,1596169882.5875268
CR_Ems_BstPre,0.0,1596169882.7473938
CR_Ems_BstPre,0.0,1596169882.8867214
CR_Ems_BstPre,0.0,1596169882.947988
CR_Ems_BstPre,0.0,1596169882.968718
CR_Ems_BstPre,0.0,1596169883.3865669
CR_Ems_BstPre,0.0,1596169883.447592
CR_Ems_BstPre,0.0,1596169883.4886036
CR_Ems_BstPre,0.0,1596169883.845279
CR_Ems_BstPre,0.0,1596169883.886542
CR_Ems_BstPre,0.0,1596169884.1070552
CR_Ems_BstPre,0.0,1596169884.3865018
CR_Ems_BstPre,0.0,1596169884.426882
CR_Ems_BstPre,0.0,1596169884.467754
CR_Ems_BstPre,0.0,1596169885.008091
CR_Ems_BstPre,0.0,1596169885.229342
CR_Ems_BstPre,0.0,1596169885.4878619
CR_Ems_BstPre,0.0,1596169885.507749
CR_Ems_BstPre,0.0,1596169885.6065931
CR_Ems_BstPre,0.0,1596169885.92607
CR_Ems_BstPre,0.0,1596169886.0280056
CR_Ems_BstPre,0.0,1596169886.327102
CR_Ems_BstPre,0.0,1596169886.5863152
CR_Ems_BstPre,0.0,1596169886.707893
CR_Ems_BstPre,0.0,1596169887.0070279
CR_Ems_BstPre,0.0,1596169887.088956
CR_Ems_BstPre,0.0,1596169887.1466384
CR_Ems_BstPre,0.0,1596169887.3879502
CR_Ems_BstPre,0.0,1596169887.629448
CR_Ems_BstPre,0.0,1596169887.8676422
CR_Ems_BstPre,0.0,1596169888.047411
CR_Ems_BstPre,0.0,1596169888.247911
CR_Ems_BstPre,0.0,1596169888.588075
CR_Ems_BstPre,0.0,1596169888.645605
CR_Ems_BstPre,0.0,1596169888.706808
CR_Ems_BstPre,0.0,1596169888.866585
CR_Ems_BstPre,0.0,1596169888.94832
CR_Ems_BstPre,0.0,1596169889.165942
CR_Ems_BstPre,0.0,1596169889.288337
CR_Ems_BstPre,0.0,1596169889.329222
CR_Ems_BstPre,0.0,1596169889.427551
CR_Ems_BstPre,0.0,1596169889.505798
CR_Ems_BstPre,0.0,1596169889.628165
CR_Ems_BstPre,0.0,1596169889.648675
CR_Ems_BstPre,0.0,1596169889.8457222
CR_Ems_BstPre,0.0,1596169890.046706
CR_Ems_BstPre,0.0,1596169890.308063
CR_Ems_BstPre,0.0,1596169890.4884748
CR_Ems_BstPre,0.0,1596169890.648078
CR_Ems_BstPre,0.0,1596169890.767097
CR_Ems_BstPre,0.0,1596169890.8282912
CR_Ems_BstPre,0.0,1596169891.3652241
CR_Ems_BstPre,0.0,1596169891.545483
CR_Ems_BstPre,0.0,1596169892.0862331
CR_Ems_BstPre,0.0,1596169892.229089
CR_Ems_BstPre,0.0,1596169892.327809
CR_Ems_BstPre,0.0,1596169892.426305
CR_Ems_BstPre,0.0,1596169892.4872231
CR_Ems_BstPre,0.0,1596169892.9867
CR_Ems_BstPre,0.0,1596169893.0482302
CR_Ems_BstPre,0.0,1596169893.466312
CR_Ems_BstPre,0.0,1596169893.888027
CR_Ems_BstPre,0.0,1596169893.9082448
CR_Ems_BstPre,0.0,1596169893.9866118
CR_Ems_BstPre,0.0,1596169894.108992
CR_Ems_BstPre,0.0,1596169894.2689831
CR_Ems_BstPre,0.0,1596169894.289247
CR_Ems_BstPre,0.0,1596169895.0064251
CR_Ems_BstPre,0.0,1596169895.067648
CR_Ems_BstPre,0.0,1596169895.1662009
CR_Ems_BstPre,0.0,1596169895.44828
CR_Ems_BstPre,0.0,1596169895.727332
CR_Ems_BstPre,0.0,1596169895.968876
CR_Ems_BstPre,0.0,1596169896.107742
CR_Ems_BstPre,0.0,1596169896.2880409
CR_Ems_BstPre,0.0,1596169896.5296881
CR_Ems_BstPre,0.0,1596169896.5869598
CR_Ems_BstPre,0.0,1596169896.7057471
CR_Ems_BstPre,0.0,1596169896.9269302
CR_Ems_BstPre,0.0,1596169896.947371
CR_Ems_BstPre,0.0,1596169897.185784
CR_Ems_BstPre,0.0,1596169897.3248024
CR_Ems_BstPre,0.0,1596169897.529124
CR_Ems_BstPre,0.0,1596169897.8280132
CR_Ems_BstPre,0.0,1596169897.88644
CR_Ems_BstPre,0.0,1596169898.008354
CR_Ems_BstPre,0.0,1596169898.0659046
CR_Ems_BstPre,0.0,1596169898.3690088
CR_Ems_BstPre,0.0,1596169898.5451438
CR_Ems_BstPre,0.0,1596169898.6067688
CR_Ems_BstPre,0.0,1596169898.667903
CR_Ems_BstPre,0.0,1596169899.586167
CR_Ems_BstPre,0.0,1596169899.7693892
CR_Ems_BstPre,0.0,1596169899.847226
CR_Ems_BstPre,0.0,1596169899.966312
CR_Ems_BstPre,0.0,1596169900.187267
CR_Ems_BstPre,0.0,1596169900.40486
CR_Ems_BstPre,0.0,1596169900.527235
CR_Ems_BstPre,0.0,1596169900.605571
CR_Ems_BstPre,0.0,1596169900.6258318
CR_Ems_BstPre,0.0,1596169900.646379
CR_Ems_BstPre,0.0,1596169900.8265758
CR_Ems_BstPre,0.0,1596169901.2888386
CR_Ems_BstPre,0.0,1596169901.407884
CR_Ems_BstPre,0.0,1596169901.6664364
CR_Ems_BstPre,0.0,1596169901.867295
CR_Ems_BstPre,0.0,1596169901.96519
CR_Ems_BstPre,0.0,1596169902.3292758
CR_Ems_BstPre,0.0,1596169902.346281
CR_Ems_BstPre,0.0,1596169902.4892929
CR_Ems_BstPre,0.0,1596169902.607892
CR_Ems_BstPre,0.0,1596169902.8664262
CR_Ems_BstPre,0.0,1596169902.906788
CR_Ems_BstPre,0.0,1596169903.2471561
CR_Ems_BstPre,0.0,1596169903.349098
CR_Ems_BstPre,0.0,1596169903.566345
CR_Ems_BstPre,0.0,1596169903.72642
CR_Ems_BstPre,0.0,1596169903.767115
CR_Ems_BstPre,0.0,1596169903.8451211
CR_Ems_BstPre,0.0,1596169904.56625
CR_Ems_BstPre,0.0,1596169904.668315
CR_Ems_BstPre,0.0,1596169904.848187
CR_Ems_BstPre,0.0,1596169904.9264839
CR_Ems_BstPre,0.0,1596169905.327553
CR_Ems_BstPre,0.0,1596169905.487205
CR_Ems_BstPre,0.0,1596169905.786268
CR_Ems_BstPre,0.0,1596169905.946456
CR_Ems_BstPre,0.0,1596169905.9869812
CR_Ems_BstPre,0.0,1596169906.146612
CR_Ems_BstPre,0.0,1596169906.466142
CR_Ems_BstPre,0.0,1596169906.666742
CR_Ems_BstPre,0.0,1596169906.9289238
CR_Ems_BstPre,0.0,1596169906.949323
CR_Ems_BstPre,0.0,1596169907.146157
CR_Ems_BstPre,0.0,1596169907.2689269
CR_Ems_BstPre,0.0,1596169907.48609
CR_Ems_BstPre,0.0,1596169907.547369
CR_Ems_BstPre,0.0,1596169907.646116
CR_Ems_BstPre,0.0,1596169907.6868212
CR_Ems_BstPre,0.0,1596169908.104865
CR_Ems_BstPre,0.0,1596169908.227251
CR_Ems_BstPre,0.0,1596169908.268468
CR_Ems_BstPre,0.0,1596169908.325976
CR_Ems_BstPre,0.0,1596169908.686115
CR_Ems_BstPre,0.0,1596169908.886702
CR_Ems_BstPre,0.0,1596169909.005777
CR_Ems_BstPre,0.0,1596169909.06714
CR_Ems_BstPre,0.0,1596169909.505671
CR_Ems_BstPre,0.0,1596169909.546274
CR_Ems_BstPre,0.0,1596169910.1481721
CR_Ems_BstPre,0.0,1596169910.205931
CR_Ems_BstPre,0.0,1596169910.328393
CR_Ems_BstPre,0.0,1596169910.488239
CR_Ems_BstPre,0.0,1596169910.668575
CR_Ems_BstPre,0.0,1596169910.705699
CR_Ems_BstPre,0.0,1596169910.828075
CR_Ems_BstPre,0.0,1596169910.848562
CR_Ems_BstPre,0.0,1596169911.1475134
CR_Ems_BstPre,0.0,1596169911.185811
CR_Ems_BstPre,0.0,1596169911.545248
CR_Ems_BstPre,0.0,1596169911.745991
CR_Ems_BstPre,0.0,1596169911.766506
CR_Ems_BstPre,0.0,1596169911.8889241
CR_Ems_BstPre,0.0,1596169912.167639
CR_Ems_BstPre,0.0,1596169912.507387
CR_Ems_BstPre,0.0,1596169912.72864
CR_Ems_BstPre,0.0,1596169912.765857
CR_Ems_BstPre,0.0,1596169912.786324
CR_Ems_BstPre,0.0,1596169913.0479512
CR_Ems_BstPre,0.0,1596169913.2862122
CR_Ems_BstPre,0.0,1596169913.884764
CR_Ems_BstPre,0.0,1596169914.32624
CR_Ems_BstPre,0.0,1596169914.727423
CR_Ems_BstPre,0.0,1596169914.866678
CR_Ems_BstPre,0.0,1596169914.8871412
CR_Ems_BstPre,0.0,1596169914.927983
CR_Ems_BstPre,0.0,1596169915.006217
CR_Ems_BstPre,0.0,1596169915.0877721
CR_Ems_BstPre,0.0,1596169915.288384
CR_Ems_BstPre,0.0,1596169915.4276538
CR_Ems_BstPre,0.0,1596169915.448164
CR_Ems_BstPre,0.0,1596169916.566454
CR_Ems_BstPre,0.0,1596169916.6073148
CR_Ems_BstPre,0.0,1596169916.705844
CR_Ems_BstPre,0.0,1596169916.726387
CR_Ems_BstPre,0.0,1596169916.9062731
CR_Ems_BstPre,0.0,1596169916.9680052
CR_Ems_BstPre,0.0,1596169917.1647599
CR_Ems_BstPre,0.0,1596169917.426851
CR_Ems_BstPre,0.0,1596169917.4878778
CR_Ems_BstPre,0.0,1596169917.885847
CR_Ems_BstPre,0.0,1596169917.946675
CR_Ems_BstPre,0.0,1596169918.0285869
CR_Ems_BstPre,0.0,1596169918.2255082
CR_Ems_BstPre,0.0,1596169918.286625
CR_Ems_BstPre,0.0,1596169918.446312
CR_Ems_BstPre,0.0,1596169918.90906
CR_Ems_BstPre,0.0,1596169919.027895
CR_Ems_BstPre,0.0,1596169919.527935
CR_Ems_BstPre,0.0,1596169919.7078788
CR_Ems_BstPre,0.0,1596169920.0684779
CR_Ems_BstPre,0.0,1596169920.109132
CR_Ems_BstPre,0.0,1596169920.1665974
CR_Ems_BstPre,0.0,1596169920.326601
CR_Ems_BstPre,0.0,1596169920.928343
CR_Ems_BstPre,0.0,1596169921.3055658
CR_Ems_BstPre,0.0,1596169921.325927
CR_Ems_BstPre,0.0,1596169921.448424
CR_Ems_BstPre,0.0,1596169921.526356
CR_Ems_BstPre,0.0,1596169922.128468
CR_Ems_BstPre,0.0,1596169922.165704
CR_Ems_BstPre,0.0,1596169922.2471929
CR_Ems_BstPre,0.0,1596169922.6281052
CR_Ems_BstPre,0.0,1596169922.845794
CR_Ems_BstPre,0.0,1596169922.90659
CR_Ems_BstPre,0.0,1596169922.947567
CR_Ems_BstPre,0.0,1596169923.2672029
CR_Ems_BstPre,0.0,1596169923.2877572
CR_Ems_BstPre,0.0,1596169923.5049212
CR_Ems_BstPre,0.0,1596169923.705987
CR_Ems_BstPre,0.0,1596169923.8856962
CR_Ems_BstPre,0.0,1596169924.0493288
CR_Ems_BstPre,0.0,1596169924.06585
CR_Ems_BstPre,0.0,1596169924.307334
CR_Ems_BstPre,0.0,1596169924.36516
CR_Ems_BstPre,0.0,1596169924.7050982
CR_Ems_BstPre,0.0,1596169925.0282
CR_Ems_BstPre,0.0,1596169925.1470609
CR_Ems_BstPre,0.0,1596169925.3067381
CR_Ems_BstPre,0.0,1596169925.405834
CR_Ems_BstPre,0.0,1596169925.5447738
CR_Ems_BstPre,0.0,1596169925.585758
CR_Ems_BstPre,0.0,1596169926.064942
CR_Ems_BstPre,0.0,1596169926.0856938
CR_Ems_BstPre,0.0,1596169926.22839
CR_Ems_BstPre,0.0,1596169926.306124
CR_Ems_BstPre,0.0,1596169926.388126
CR_Ems_BstPre,0.0,1596169926.588768
CR_Ems_BstPre,0.0,1596169926.9287126
CR_Ems_BstPre,0.0,1596169926.965621
CR_Ems_BstPre,0.0,1596169926.986083
CR_Ems_BstPre,0.0,1596169927.1461608
CR_Ems_BstPre,0.0,1596169927.227708
CR_Ems_BstPre,0.0,1596169927.4284182
CR_Ems_BstPre,0.0,1596169927.465568
CR_Ems_BstPre,0.0,1596169928.145612
CR_Ems_BstPre,0.0,1596169928.247472
CR_Ems_BstPre,0.0,1596169928.407273
CR_Ems_BstPre,0.0,1596169928.607883
CR_Ems_BstPre,0.0,1596169928.88654
CR_Ems_BstPre,0.0,1596169929.28791
CR_Ems_BstPre,0.0,1596169929.586902
CR_Ems_BstPre,0.0,1596169929.808011
CR_Ems_BstPre,0.0,1596169930.086609
CR_Ems_BstPre,0.0,1596169930.1855571
CR_Ems_BstPre,0.0,1596169930.2463412
CR_Ems_BstPre,0.0,1596169930.56645
CR_Ems_BstPre,0.0,1596169930.664433
CR_Ems_BstPre,0.0,1596169930.705426
CR_Ems_BstPre,0.0,1596169930.7672439
CR_Ems_BstPre,0.0,1596169930.807376
CR_Ems_BstPre,0.0,1596169931.405652
CR_Ems_BstPre,0.0,1596169931.60625
CR_Ems_BstPre,0.0,1596169931.6881142
CR_Ems_BstPre,0.0,1596169932.204441
CR_Ems_BstPre,0.0,1596169932.347366
CR_Ems_BstPre,0.0,1596169932.3681722
CR_Ems_BstPre,0.0,1596169932.728447
CR_Ems_BstPre,0.0,1596169932.8882294
CR_Ems_BstPre,0.0,1596169933.0478039
CR_Ems_BstPre,0.0,1596169933.3063636
CR_Ems_BstPre,0.0,1596169933.3635552
CR_Ems_BstPre,0.0,1596169933.466105
CR_Ems_BstPre,0.0,1596169933.5885284
CR_Ems_BstPre,0.0,1596169933.645947
CR_Ems_BstPre,0.0,1596169933.9285212
CR_Ems_BstPre,0.0,1596169934.0679212
CR_Ems_BstPre,0.0,1596169934.145689
CR_Ems_BstPre,0.0,1596169934.227467
CR_Ems_BstPre,0.0,1596169934.286093
CR_Ems_BstPre,0.0,1596169934.346199
CR_Ems_BstPre,0.0,1596169934.587855
CR_Ems_BstPre,0.0,1596169934.727096
CR_Ems_BstPre,0.0,1596169934.9278011
CR_Ems_BstPre,0.0,1596169934.9650831
CR_Ems_BstPre,0.0,1596169935.128577
CR_Ems_BstPre,0.0,1596169935.185912
CR_Ems_BstPre,0.0,1596169935.5260868
CR_Ems_BstPre,0.0,1596169935.587378
CR_Ems_BstPre,0.0,1596169935.845376
CR_Ems_BstPre,0.0,1596169935.98875
CR_Ems_BstPre,0.0,1596169936.103915
CR_Ems_BstPre,0.0,1596169937.386317
CR_Ems_BstPre,0.0,1596169937.627001
CR_Ems_BstPre,0.0,1596169937.807086
CR_Ems_BstPre,0.0,1596169937.8650892
CR_Ems_BstPre,0.0,1596169938.028393
CR_Ems_BstPre,0.0,1596169938.0656798
CR_Ems_BstPre,0.0,1596169938.1881974
CR_Ems_BstPre,0.0,1596169938.245394
CR_Ems_BstPre,0.0,1596169938.605886
CR_Ems_BstPre,0.0,1596169938.6675892
CR_Ems_BstPre,0.0,1596169938.925612
CR_Ems_BstPre,0.0,1596169939.347033
CR_Ems_BstPre,0.0,1596169939.4254124
CR_Ems_BstPre,0.0,1596169939.547824
CR_Ems_BstPre,0.0,1596169940.105161
CR_Ems_BstPre,0.0,1596169940.224224
CR_Ems_BstPre,0.0,1596169940.265054
CR_Ems_BstPre,0.0,1596169940.346563
CR_Ems_BstPre,0.0,1596169940.428535
CR_Ems_BstPre,0.0,1596169940.7478988
CR_Ems_BstPre,0.0,1596169941.006012
CR_Ems_BstPre,0.0,1596169941.346272
CR_Ems_BstPre,0.0,1596169941.485549
CR_Ems_BstPre,0.0,1596169941.8254778
CR_Ems_BstPre,0.0,1596169942.406656
CR_Ems_BstPre,0.0,1596169942.644723
CR_Ems_BstPre,0.0,1596169942.72661
CR_Ems_BstPre,0.0,1596169942.82861
CR_Ems_BstPre,0.0,1596169942.8456311
CR_Ems_BstPre,0.0,1596169943.188898
CR_Ems_BstPre,0.0,1596169943.5048358
CR_Ems_BstPre,0.0,1596169943.705197
CR_Ems_BstPre,0.0,1596169944.004508
CR_Ems_BstPre,0.0,1596169944.905483
CR_Ems_BstPre,0.0,1596169944.926016
CR_Ems_BstPre,0.0,1596169945.2456892
CR_Ems_BstPre,0.0,1596169945.286134
CR_Ems_BstPre,0.0,1596169945.445844
CR_Ems_BstPre,0.0,1596169945.94559
CR_Ems_BstPre,0.0,1596169946.2653491
CR_Ems_BstPre,0.0,1596169946.3848588
CR_Ems_BstPre,0.0,1596169946.585459
CR_Ems_BstPre,0.0,1596169946.768769
CR_Ems_BstPre,0.0,1596169947.2069552
CR_Ems_BstPre,0.0,1596169947.4650931
CR_Ems_BstPre,0.0,1596169948.0465589
CR_Ems_BstPre,0.0,1596169948.3255
CR_Ems_BstPre,0.0,1596169948.645217
CR_Ems_BstPre,0.0,1596169948.8458269
CR_Ems_BstPre,0.0,1596169949.0666518
CR_Ems_BstPre,0.0,1596169949.1074274
CR_Ems_BstPre,0.0,1596169949.2467232
CR_Ems_BstPre,0.0,1596169949.4063966
CR_Ems_BstPre,0.0,1596169949.5256948
CR_Ems_BstPre,0.0,1596169949.68551
CR_Ems_BstPre,0.0,1596169950.4675539
CR_Ems_BstPre,0.0,1596169950.745882
CR_Ems_BstPre,0.0,1596169951.1267529
CR_Ems_BstPre,0.0,1596169951.1849668
CR_Ems_BstPre,0.0,1596169951.687864
CR_Ems_BstPre,0.0,1596169951.745984
CR_Ems_BstPre,0.0,1596169951.88847
CR_Ems_BstPre,0.0,1596169952.007295
CR_Ems_BstPre,0.0,1596169952.126168
CR_Ems_BstPre,0.0,1596169952.326781
CR_Ems_BstPre,0.0,1596169952.3851821
CR_Ems_BstPre,0.0,1596169952.466283
CR_Ems_BstPre,0.0,1596169952.646167
CR_Ems_BstPre,0.0,1596169952.765353
CR_Ems_BstPre,0.0,1596169953.3056908
CR_Ems_BstPre,0.0,1596169953.945039
CR_Ems_BstPre,0.0,1596169954.567554
CR_Ems_BstPre,0.0,1596169954.845906
CR_Ems_BstPre,0.0,1596169954.886694
CR_Ems_BstPre,0.0,1596169955.046355
CR_Ems_BstPre,0.0,1596169955.107766
CR_Ems_BstPre,0.0,1596169955.746737
CR_Ems_BstPre,0.0,1596169956.1481018
CR_Ems_BstPre,0.0,1596169956.267138
CR_Ems_BstPre,0.0,1596169956.304201
CR_Ems_BstPre,0.0,1596169956.3453212
CR_Ems_BstPre,0.0,1596169956.4268851
CR_Ems_BstPre,0.0,1596169956.5454462
CR_Ems_BstPre,0.0,1596169956.586427
CR_Ems_BstPre,0.0,1596169956.6646302
CR_Ems_BstPre,0.0,1596169956.7259562
CR_Ems_BstPre,0.0,1596169957.086262
CR_Ems_BstPre,0.0,1596169957.987356
CR_Ems_BstPre,0.0,1596169958.024318
CR_Ems_BstPre,0.0,1596169958.044688
CR_Ems_BstPre,0.0,1596169958.2252688
CR_Ems_BstPre,0.0,1596169958.364375
CR_Ems_BstPre,0.0,1596169958.684902
CR_Ems_BstPre,0.0,1596169958.7044609
CR_Ems_BstPre,0.0,1596169958.966604
CR_Ems_BstPre,0.0,1596169959.0275114
CR_Ems_BstPre,0.0,1596169959.085324
CR_Ems_BstPre,0.0,1596169959.527201
CR_Ems_BstPre,0.0,1596169959.543967
CR_Ems_BstPre,0.0,1596169959.6460268
CR_Ems_BstPre,0.0,1596169960.026936
CR_Ems_BstPre,0.0,1596169960.186718
CR_Ems_BstPre,0.0,1596169960.486167
CR_Ems_BstPre,0.0,1596169960.5470018
CR_Ems_BstPre,0.0,1596169961.005686
CR_Ems_BstPre,0.0,1596169961.2273982
CR_Ems_BstPre,0.0,1596169961.345721
CR_Ems_BstPre,0.0,1596169961.505545
CR_Ems_BstPre,0.0,1596169961.546456
CR_Ems_BstPre,0.0,1596169962.0054998
CR_Ems_BstPre,0.0,1596169962.226462
CR_Ems_BstPre,0.0,1596169962.525692
CR_Ems_BstPre,0.0,1596169962.68522
CR_Ems_BstPre,0.0,1596169962.746527
CR_Ems_BstPre,0.0,1596169963.0051632
CR_Ems_BstPre,0.0,1596169963.045506
CR_Ems_BstPre,0.0,1596169963.3281126
CR_Ems_BstPre,0.0,1596169963.446892
CR_Ems_BstPre,0.0,1596169963.4851608
CR_Ems_BstPre,0.0,1596169964.2865114
CR_Ems_BstPre,0.0,1596169964.327486
CR_Ems_BstPre,0.0,1596169964.585726
CR_Ems_BstPre,0.0,1596169964.8271801
CR_Ems_BstPre,0.0,1596169964.847614
CR_Ems_BstPre,0.0,1596169965.007283
CR_Ems_BstPre,0.0,1596169965.1057131
CR_Ems_BstPre,0.0,1596169965.126587
CR_Ems_BstPre,0.0,1596169965.146626
CR_Ems_BstPre,0.0,1596169965.5442839
CR_Ems_BstPre,0.0,1596169965.585561
CR_Ems_BstPre,0.0,1596169965.884927
CR_Ems_BstPre,0.0,1596169965.904742
CR_Ems_BstPre,0.0,1596169966.027343
CR_Ems_BstPre,0.0,1596169966.105073
CR_Ems_BstPre,0.0,1596169966.1257188
CR_Ems_BstPre,0.0,1596169966.2653275
CR_Ems_BstPre,0.0,1596169966.785435
CR_Ems_BstPre,0.0,1596169967.006133
CR_Ems_BstPre,0.0,1596169967.105097
CR_Ems_BstPre,0.0,1596169967.2068534
CR_Ems_BstPre,0.0,1596169967.4038439
CR_Ems_BstPre,0.0,1596169967.428096
CR_Ems_BstPre,0.0,1596169967.6046562
CR_Ems_BstPre,0.0,1596169967.845779
CR_Ems_BstPre,0.0,1596169968.185857
CR_Ems_BstPre,0.0,1596169968.304586
CR_Ems_BstPre,0.0,1596169968.38648
CR_Ems_BstPre,0.0,1596169968.4646242
CR_Ems_BstPre,0.0,1596169968.726442
CR_Ems_BstPre,0.0,1596169969.726076
CR_Ems_BstPre,0.0,1596169969.8655038
CR_Ems_BstPre,0.0,1596169969.9468849
CR_Ems_BstPre,0.0,1596169970.365344
CR_Ems_BstPre,0.0,1596169970.524873
CR_Ems_BstPre,0.0,1596169970.9258971
CR_Ems_BstPre,0.0,1596169971.065614
CR_Ems_BstPre,0.0,1596169971.364487
CR_Ems_BstPre,0.0,1596169971.5444422
CR_Ems_BstPre,0.0,1596169971.847243
CR_Ems_BstPre,0.0,1596169971.905056
CR_Ems_BstPre,0.0,1596169971.945663
CR_Ems_BstPre,0.0,1596169972.027675
CR_Ems_BstPre,0.0,1596169972.1054158
CR_Ems_BstPre,0.0,1596169972.306657
CR_Ems_BstPre,0.0,1596169972.347095
CR_Ems_BstPre,0.0,1596169972.887658
CR_Ems_BstPre,0.0,1596169973.207158
CR_Ems_BstPre,0.0,1596169973.3672562
CR_Ems_BstPre,0.0,1596169973.666188
CR_Ems_BstPre,0.0,1596169973.744113
CR_Ems_BstPre,0.0,1596169973.985703
CR_Ems_BstPre,0.0,1596169974.067598
CR_Ems_BstPre,0.0,1596169974.206491
CR_Ems_BstPre,0.0,1596169974.3053892
CR_Ems_BstPre,0.0,1596169974.4648774
CR_Ems_BstPre,0.0,1596169974.686121
CR_Ems_BstPre,0.0,1596169974.7062528
CR_Ems_BstPre,0.0,1596169974.7641046
CR_Ems_BstPre,0.0,1596169974.9273882
CR_Ems_BstPre,0.0,1596169975.066825
CR_Ems_BstPre,0.0,1596169975.1243849
CR_Ems_BstPre,0.0,1596169975.267519
CR_Ems_BstPre,0.0,1596169975.607293
CR_Ems_BstPre,0.0,1596169975.7465348
CR_Ems_BstPre,0.0,1596169975.8657851
CR_Ems_BstPre,0.0,1596169977.1063778
CR_Ems_BstPre,0.0,1596169977.385976
CR_Ems_BstPre,0.0,1596169977.545133
CR_Ems_BstPre,0.0,1596169977.626564
CR_Ems_BstPre,0.0,1596169977.966845
CR_Ems_BstPre,0.0,1596169978.044889
CR_Ems_BstPre,0.0,1596169978.4866636
CR_Ems_BstPre,0.0,1596169978.5649931
CR_Ems_BstPre,0.0,1596169978.728343
CR_Ems_BstPre,0.0,1596169978.8849401
CR_Ems_BstPre,0.0,1596169979.3635774
CR_Ems_BstPre,0.0,1596169979.445457
CR_Ems_BstPre,0.0,1596169979.727788
CR_Ems_BstPre,0.0,1596169979.9452019
CR_Ems_BstPre,0.0,1596169980.284797
CR_Ems_BstPre,0.0,1596169980.305161
CR_Ems_BstPre,0.0,1596169980.743945
CR_Ems_BstPre,0.0,1596169981.0672839
CR_Ems_BstPre,0.0,1596169981.226841
CR_Ems_BstPre,0.0,1596169981.2640474
CR_Ems_BstPre,0.0,1596169981.345657
CR_Ems_BstPre,0.0,1596169981.485261
CR_Ems_BstPre,0.0,1596169981.567009
CR_Ems_BstPre,0.0,1596169981.6856296
CR_Ems_BstPre,0.0,1596169982.24654
CR_Ems_BstPre,0.0,1596169982.304654
CR_Ems_BstPre,0.0,1596169982.365486
CR_Ems_BstPre,0.0,1596169982.4473312
CR_Ems_BstPre,0.0,1596169982.525526
CR_Ems_BstPre,0.0,1596169982.6069794
CR_Ems_BstPre,0.0,1596169982.767146
CR_Ems_BstPre,0.0,1596169982.984962
CR_Ems_BstPre,0.0,1596169983.266687
CR_Ems_BstPre,0.0,1596169984.126534
CR_Ems_BstPre,0.0,1596169984.6058626
CR_Ems_BstPre,0.0,1596169984.62625
CR_Ems_BstPre,0.0,1596169984.806418
CR_Ems_BstPre,0.0,1596169984.904799
CR_Ems_BstPre,0.0,1596169985.1873071
CR_Ems_BstPre,0.0,1596169985.2857141
CR_Ems_BstPre,0.0,1596169985.8263562
CR_Ems_BstPre,0.0,1596169985.945129
CR_Ems_BstPre,0.0,1596169986.264787
CR_Ems_BstPre,0.0,1596169986.3841279
CR_Ems_BstPre,0.0,1596169986.5061948
CR_Ems_BstPre,0.0,1596169986.645601
CR_Ems_BstPre,0.0,1596169986.706951
CR_Ems_BstPre,0.0,1596169986.924374
CR_Ems_BstPre,0.0,1596169987.005874
CR_Ems_BstPre,0.0,1596169987.0263839
CR_Ems_BstPre,0.0,1596169987.4647849
CR_Ems_BstPre,0.0,1596169987.825084
CR_Ems_BstPre,0.0,1596169987.866299
CR_Ems_BstPre,0.0,1596169988.06707
CR_Ems_BstPre,0.0,1596169988.386374
CR_Ems_BstPre,0.0,1596169988.5459476
CR_Ems_BstPre,0.0,1596169988.587085
CR_Ems_BstPre,0.0,1596169989.1070302
CR_Ems_BstPre,0.0,1596169989.1441052
CR_Ems_BstPre,0.0,1596169989.267106
CR_Ems_BstPre,0.0,1596169989.287304
CR_Ems_BstPre,0.0,1596169989.3448892
CR_Ems_BstPre,0.0,1596169989.484576
CR_Ems_BstPre,0.0,1596169989.9057634
CR_Ems_BstPre,0.0,1596169989.946655
CR_Ems_BstPre,0.0,1596169990.0044038
CR_Ems_BstPre,0.0,1596169990.168065
CR_Ems_BstPre,0.0,1596169990.4873278
CR_Ems_BstPre,0.0,1596169991.0853894
CR_Ems_BstPre,0.0,1596169991.126379
CR_Ems_BstPre,0.0,1596169991.16359
CR_Ems_BstPre,0.0,1596169992.16709
CR_Ems_BstPre,0.0,1596169992.346817
CR_Ems_BstPre,0.0,1596169992.543943
CR_Ems_BstPre,0.0,1596169992.585002
CR_Ems_BstPre,0.0,1596169992.645786
CR_Ems_BstPre,0.0,1596169992.6870024
CR_Ems_BstPre,0.0,1596169992.82604
CR_Ems_BstPre,0.0,1596169992.9043
CR_Ems_BstPre,0.0,1596169993.1662998
CR_Ems_BstPre,0.0,1596169993.367135
CR_Ems_BstPre,0.0,1596169993.903893
CR_Ems_BstPre,0.0,1596169994.5259788
CR_Ems_BstPre,0.0,1596169994.9272351
CR_Ems_BstPre,0.0,1596169995.045891
CR_Ems_BstPre,0.0,1596169995.0667439
CR_Ems_BstPre,0.0,1596169995.2876859
CR_Ems_BstPre,0.0,1596169995.42694
CR_Ems_BstPre,0.0,1596169995.5456529
CR_Ems_BstPre,0.0,1596169995.566459
CR_Ems_BstPre,0.0,1596169995.685149
CR_Ems_BstPre,0.0,1596169995.725891
CR_Ems_BstPre,0.0,1596169995.7670634
CR_Ems_BstPre,0.0,1596169995.78417
CR_Ems_BstPre,0.0,1596169995.963967
CR_Ems_BstPre,0.0,1596169996.0456474
CR_Ems_BstPre,0.0,1596169996.205035
CR_Ems_BstPre,0.0,1596169996.3038578
CR_Ems_BstPre,0.0,1596169996.504707
CR_Ems_BstPre,0.0,1596169996.565678
CR_Ems_BstPre,0.0,1596169996.7049556
CR_Ems_BstPre,0.0,1596169996.787061
CR_Ems_BstPre,0.0,1596169996.8240821
CR_Ems_BstPre,0.0,1596169996.9464908
CR_Ems_BstPre,0.0,1596169996.984321
CR_Ems_BstPre,0.0,1596169997.0449226
CR_Ems_BstPre,0.0,1596169997.1267142
CR_Ems_BstPre,0.0,1596169997.1470652
CR_Ems_BstPre,0.0,1596169997.1845374
CR_Ems_BstPre,0.0,1596169997.3442721
CR_Ems_BstPre,0.0,1596169997.483886
CR_Ems_BstPre,0.0,1596169997.786058
CR_Ems_BstPre,0.0,1596169997.843837
CR_Ems_BstPre,0.0,1596169997.864373
CR_Ems_BstPre,0.0,1596169998.085202
CR_Ems_BstPre,0.0,1596169998.167618
CR_Ems_BstPre,0.0,1596169998.245003
CR_Ems_BstPre,0.0,1596169998.306186
CR_Ems_BstPre,0.0,1596169998.32685
CR_Ems_BstPre,0.0,1596169998.5036368
CR_Ems_BstPre,0.0,1596169998.687076
CR_Ems_BstPre,0.0,1596169998.904934
CR_Ems_BstPre,0.0,1596169998.9451811
CR_Ems_BstPre,0.0,1596169999.82579
CR_Ems_BstPre,0.0,1596169999.9040158
CR_Ems_BstPre,0.0,1596169999.985672
CR_Ems_BstPre,0.0,1596170000.227272
CR_Ems_BstPre,0.0,1596170000.264729
CR_Ems_BstPre,0.0,1596170000.305068
CR_Ems_BstPre,0.0,1596170000.3871698
CR_Ems_BstPre,0.0,1596170000.4039462
CR_Ems_BstPre,0.0,1596170000.845711
CR_Ems_BstPre,0.0,1596170001.36604
CR_Ems_BstPre,0.0,1596170001.423769
CR_Ems_BstPre,0.0,1596170002.0256839
CR_Ems_BstPre,0.0,1596170002.0666099
CR_Ems_BstPre,0.0,1596170002.225857
CR_Ems_BstPre,0.0,1596170002.824348
CR_Ems_BstPre,0.0,1596170002.9467864
CR_Ems_BstPre,0.0,1596170003.0249212
CR_Ems_BstPre,0.0,1596170003.045193
CR_Ems_BstPre,0.0,1596170003.2458508
CR_Ems_BstPre,0.0,1596170003.3239589
CR_Ems_BstPre,0.0,1596170003.3655858
CR_Ems_BstPre,0.0,1596170003.484051
CR_Ems_BstPre,0.0,1596170003.5448642
CR_Ems_BstPre,0.0,1596170003.7250562
CR_Ems_BstPre,0.0,1596170003.987322
CR_Ems_BstPre,0.0,1596170004.1059
CR_Ems_BstPre,0.0,1596170004.146815
CR_Ems_BstPre,0.0,1596170004.204344
CR_Ems_BstPre,0.0,1596170004.6464891
CR_Ems_BstPre,0.0,1596170004.884563
CR_Ems_BstPre,0.0,1596170005.1462169
CR_Ems_BstPre,0.0,1596170005.425169
CR_Ems_BstPre,0.0,1596170005.7853088
CR_Ems_BstPre,0.0,1596170005.863741
CR_Ems_BstPre,0.0,1596170005.90418
CR_Ems_BstPre,0.0,1596170006.207024
CR_Ems_BstPre,0.0,1596170006.8051538
CR_Ems_BstPre,0.0,1596170006.904032
CR_Ems_BstPre,0.0,1596170007.063442
CR_Ems_BstPre,0.0,1596170007.1450438
CR_Ems_BstPre,0.0,1596170007.284308
CR_Ems_BstPre,0.0,1596170007.4850726
CR_Ems_BstPre,0.0,1596170007.6039832
CR_Ems_BstPre,0.0,1596170007.7265868
CR_Ems_BstPre,0.0,1596170007.845425
CR_Ems_BstPre,0.0,1596170008.304238
CR_Ems_BstPre,0.0,1596170008.324995
CR_Ems_BstPre,0.0,1596170008.7464788
CR_Ems_BstPre,0.0,1596170008.9267476
CR_Ems_BstPre,0.0,1596170009.0044901
CR_Ems_BstPre,0.0,1596170009.266835
CR_Ems_BstPre,0.0,1596170009.5451288
CR_Ems_BstPre,0.0,1596170009.705
CR_Ems_BstPre,0.0,1596170009.7458072
CR_Ems_BstPre,0.0,1596170009.885309
CR_Ems_BstPre,0.0,1596170010.004457
CR_Ems_BstPre,0.0,1596170010.143667
CR_Ems_BstPre,0.0,1596170010.5244422
CR_Ems_BstPre,0.0,1596170010.8646138
CR_Ems_BstPre,0.0,1596170010.94592
CR_Ems_BstPre,0.0,1596170011.163336
CR_Ems_BstPre,0.0,1596170011.203972
CR_Ems_BstPre,0.0,1596170011.306247
CR_Ems_BstPre,0.0,1596170011.445674
CR_Ems_BstPre,0.0,1596170011.7855961
CR_Ems_BstPre,0.0,1596170011.94529
CR_Ems_BstPre,0.0,1596170012.3262491
CR_Ems_BstPre,0.0,1596170012.764585
CR_Ems_BstPre,0.0,1596170012.965364
CR_Ems_BstPre,0.0,1596170013.166101
CR_Ems_BstPre,0.0,1596170013.247665
CR_Ems_BstPre,0.0,1596170013.645061
CR_Ems_BstPre,0.0,1596170013.6860766
CR_Ems_BstPre,0.0,1596170013.8457801
CR_Ems_BstPre,0.0,1596170014.104032
CR_Ems_BstPre,0.0,1596170014.243513
CR_Ems_BstPre,0.0,1596170014.4273279
CR_Ems_BstPre,0.0,1596170014.6041136
CR_Ems_BstPre,0.0,1596170014.963948
CR_Ems_BstPre,0.0,1596170015.5865972
CR_Ems_BstPre,0.0,1596170015.647831
CR_Ems_BstPre,0.0,1596170015.74612
CR_Ems_BstPre,0.0,1596170015.824385
CR_Ems_BstPre,0.0,1596170015.8651938
CR_Ems_BstPre,0.0,1596170016.024694
CR_Ems_BstPre,0.0,1596170016.483871
CR_Ems_BstPre,0.0,1596170016.7663288
CR_Ems_BstPre,0.0,1596170017.106024
CR_Ems_BstPre,0.0,1596170017.126559
CR_Ems_BstPre,0.0,1596170017.483916
CR_Ems_BstPre,0.0,1596170017.626127
CR_Ems_BstPre,0.0,1596170017.785921
CR_Ems_BstPre,0.0,1596170017.806282
CR_Ems_BstPre,0.0,1596170017.9455614
CR_Ems_BstPre,0.0,1596170018.383939
CR_Ems_BstPre,0.0,1596170018.8430939
CR_Ems_BstPre,0.0,1596170018.904417
CR_Ems_BstPre,0.0,1596170019.043873
CR_Ems_BstPre,0.0,1596170019.227666
CR_Ems_BstPre,0.0,1596170019.563977
CR_Ems_BstPre,0.0,1596170020.3664641
CR_Ems_BstPre,0.0,1596170021.1035109
CR_Ems_BstPre,0.0,1596170021.243212
CR_Ems_BstPre,0.0,1596170021.284441
CR_Ems_BstPre,0.0,1596170021.386115
CR_Ems_BstPre,0.0,1596170021.627676
CR_Ems_BstPre,0.0,1596170021.664816
CR_Ems_BstPre,0.0,1596170021.705657
CR_Ems_BstPre,0.0,1596170022.365315
CR_Ems_BstPre,0.0,1596170022.463833
CR_Ems_BstPre,0.0,1596170022.5452118
CR_Ems_BstPre,0.0,1596170022.885283
CR_Ems_BstPre,0.0,1596170023.004164
CR_Ems_BstPre,0.0,1596170023.126982
CR_Ems_BstPre,0.0,1596170023.503985
CR_Ems_BstPre,0.0,1596170024.1635
CR_Ems_BstPre,0.0,1596170024.265589
CR_Ems_BstPre,0.0,1596170025.023633
CR_Ems_BstPre,0.0,1596170025.084712
CR_Ems_BstPre,0.0,1596170025.1460161
CR_Ems_BstPre,0.0,1596170025.20386
CR_Ems_BstPre,0.0,1596170025.227873
CR_Ems_BstPre,0.0,1596170025.2854214
CR_Ems_BstPre,0.0,1596170025.5843544
CR_Ems_BstPre,0.0,1596170026.04373
CR_Ems_BstPre,0.0,1596170026.104567
CR_Ems_BstPre,0.0,1596170026.325579
CR_Ems_BstPre,0.0,1596170026.4075599
CR_Ems_BstPre,0.0,1596170026.7065651
CR_Ems_BstPre,0.0,1596170026.8253279
CR_Ems_BstPre,0.0,1596170026.8837252
CR_Ems_BstPre,0.0,1596170027.0055866
CR_Ems_BstPre,0.0,1596170027.083909
CR_Ems_BstPre,0.0,1596170027.9236
CR_Ems_BstPre,0.0,1596170028.5661774
CR_Ems_BstPre,0.0,1596170028.783924
CR_Ems_BstPre,0.0,1596170028.9636748
CR_Ems_BstPre,0.0,1596170029.06599
CR_Ems_BstPre,0.0,1596170029.385396
CR_Ems_BstPre,0.0,1596170029.4837918
CR_Ems_BstPre,0.0,1596170029.843945
CR_Ems_BstPre,0.0,1596170030.343759
CR_Ems_BstPre,0.0,1596170030.445956
CR_Ems_BstPre,0.0,1596170030.503684
CR_Ems_BstPre,0.0,1596170030.646605
CR_Ems_BstPre,0.0,1596170030.843824
CR_Ems_BstPre,0.0,1596170031.163306
CR_Ems_BstPre,0.0,1596170031.2654002
CR_Ems_BstPre,0.0,1596170031.466207
CR_Ems_BstPre,0.0,1596170031.8263009
CR_Ems_BstPre,0.0,1596170032.0640142
CR_Ems_BstPre,0.0,1596170032.0844462
CR_Ems_BstPre,0.0,1596170032.145719
CR_Ems_BstPre,0.0,1596170032.264742
CR_Ems_BstPre,0.0,1596170033.083793
CR_Ems_BstPre,0.0,1596170033.4852412
CR_Ems_BstPre,0.0,1596170033.92368
CR_Ems_BstPre,0.0,1596170033.9644349
CR_Ems_BstPre,0.0,1596170034.005399
CR_Ems_BstPre,0.0,1596170034.025776
CR_Ems_BstPre,0.0,1596170034.2839394
CR_Ems_BstPre,0.0,1596170034.464127
CR_Ems_BstPre,0.0,1596170034.886067
CR_Ems_BstPre,0.0,1596170035.4060988
CR_Ems_BstPre,0.0,1596170035.463649
CR_Ems_BstPre,0.0,1596170035.5043788
CR_Ems_BstPre,0.0,1596170035.52479
CR_Ems_BstPre,0.0,1596170035.6440961
CR_Ems_BstPre,0.0,1596170036.024996
CR_Ems_BstPre,0.0,1596170036.1064024
CR_Ems_BstPre,0.0,1596170036.4054568
CR_Ems_BstPre,0.0,1596170036.425865
CR_Ems_BstPre,0.0,1596170036.6840694
CR_Ems_BstPre,0.0,1596170036.725059
CR_Ems_BstPre,0.0,1596170036.7832868
CR_Ems_BstPre,0.0,1596170036.8031318
CR_Ems_BstPre,0.0,1596170036.843777
CR_Ems_BstPre,0.0,1596170037.204104
CR_Ems_BstPre,0.0,1596170037.3030589
CR_Ems_BstPre,0.0,1596170037.3852742
CR_Ems_BstPre,0.0,1596170037.8436642
CR_Ems_BstPre,0.0,1596170038.0644329
CR_Ems_BstPre,0.0,1596170038.105174
CR_Ems_BstPre,0.0,1596170038.12558
CR_Ems_BstPre,0.0,1596170038.265124
CR_Ems_BstPre,0.0,1596170038.625345
CR_Ems_BstPre,0.0,1596170038.6867461
CR_Ems_BstPre,0.0,1596170038.924449
CR_Ems_BstPre,0.0,1596170039.145561
CR_Ems_BstPre,0.0,1596170039.223652
CR_Ems_BstPre,0.0,1596170039.363086
CR_Ems_BstPre,0.0,1596170039.505836
CR_Ems_BstPre,0.0,1596170039.825401
CR_Ems_BstPre,0.0,1596170039.886805
CR_Ems_BstPre,0.0,1596170040.144904
CR_Ems_BstPre,0.0,1596170040.165619
CR_Ems_BstPre,0.0,1596170040.66515
CR_Ems_BstPre,0.0,1596170041.144317
CR_Ems_BstPre,0.0,1596170041.1853828
CR_Ems_BstPre,0.0,1596170041.304204
CR_Ems_BstPre,0.0,1596170041.504713
CR_Ems_BstPre,0.0,1596170041.525308
CR_Ems_BstPre,0.0,1596170041.824646
CR_Ems_BstPre,0.0,1596170041.963943
CR_Ems_BstPre,0.0,1596170042.066116
CR_Ems_BstPre,0.0,1596170042.324207
CR_Ems_BstPre,0.0,1596170042.4631932
CR_Ems_BstPre,0.0,1596170042.663924
CR_Ems_BstPre,0.0,1596170042.844072
CR_Ems_BstPre,0.0,1596170043.085574
CR_Ems_BstPre,0.0,1596170043.143563
CR_Ems_BstPre,0.0,1596170043.5853279
CR_Ems_BstPre,0.0,1596170043.786193
CR_Ems_BstPre,0.0,1596170043.904768
CR_Ems_BstPre,0.0,1596170044.064811
CR_Ems_BstPre,0.0,1596170044.302818
CR_Ems_BstPre,0.0,1596170044.322992
CR_Ems_BstPre,0.0,1596170044.4045231
CR_Ems_BstPre,0.0,1596170044.5850172
CR_Ems_BstPre,0.0,1596170044.646062
CR_Ems_BstPre,0.0,1596170044.785474
CR_Ems_BstPre,0.0,1596170044.80586
CR_Ems_BstPre,0.0,1596170045.264916
CR_Ems_BstPre,0.0,1596170045.28526
CR_Ems_BstPre,0.0,1596170045.465802
CR_Ems_BstPre,0.0,1596170045.805235
CR_Ems_BstPre,0.0,1596170045.846116
CR_Ems_BstPre,0.0,1596170046.0264869
CR_Ems_BstPre,0.0,1596170046.1451619
CR_Ems_BstPre,0.0,1596170046.202965
CR_Ems_BstPre,0.0,1596170046.325591
CR_Ems_BstPre,0.0,1596170046.8047206
CR_Ems_BstPre,0.0,1596170046.964758
CR_Ems_BstPre,0.0,1596170047.005238
CR_Ems_BstPre,0.0,1596170047.7635212
CR_Ems_BstPre,0.0,1596170048.566078
CR_Ems_BstPre,0.0,1596170048.885385
CR_Ems_BstPre,0.0,1596170049.083327
CR_Ems_BstPre,0.0,1596170049.123476
CR_Ems_BstPre,0.0,1596170049.6267118
CR_Ems_BstPre,0.0,1596170049.663753
CR_Ems_BstPre,0.0,1596170049.766284
CR_Ems_BstPre,0.0,1596170050.204124
CR_Ems_BstPre,0.0,1596170050.3644722
CR_Ems_BstPre,0.0,1596170050.4048488
CR_Ems_BstPre,0.0,1596170050.483312
CR_Ems_BstPre,0.0,1596170050.544468
CR_Ems_BstPre,0.0,1596170050.7655704
CR_Ems_BstPre,0.0,1596170050.8026292
CR_Ems_BstPre,0.0,1596170051.0033472
CR_Ems_BstPre,0.0,1596170051.142603
CR_Ems_BstPre,0.0,1596170051.3265011
CR_Ems_BstPre,0.0,1596170051.72412
CR_Ems_BstPre,0.0,1596170051.8430011
CR_Ems_BstPre,0.0,1596170051.924423
CR_Ems_BstPre,0.0,1596170052.063812
CR_Ems_BstPre,0.0,1596170052.485766
CR_Ems_BstPre,0.0,1596170052.7029364
CR_Ems_BstPre,0.0,1596170052.9033382
CR_Ems_BstPre,0.0,1596170052.985178
CR_Ems_BstPre,0.0,1596170053.1040132
CR_Ems_BstPre,0.0,1596170053.165778
CR_Ems_BstPre,0.0,1596170053.3251672
CR_Ems_BstPre,0.0,1596170053.4645429
CR_Ems_BstPre,0.0,1596170053.563193
CR_Ems_BstPre,0.0,1596170053.9237769
CR_Ems_BstPre,0.0,1596170054.226294
CR_Ems_BstPre,0.0,1596170054.402955
CR_Ems_BstPre,0.0,1596170055.103075
CR_Ems_BstPre,0.0,1596170055.3444412
CR_Ems_BstPre,0.0,1596170055.8236642
CR_Ems_BstPre,0.0,1596170056.34387
CR_Ems_BstPre,0.0,1596170056.384782
CR_Ems_BstPre,0.0,1596170056.823398
CR_Ems_BstPre,0.0,1596170056.966391
CR_Ems_BstPre,0.0,1596170057.023689
CR_Ems_BstPre,0.0,1596170057.183816
CR_Ems_BstPre,0.0,1596170057.503315
CR_Ems_BstPre,0.0,1596170057.544152
CR_Ems_BstPre,0.0,1596170057.924769
CR_Ems_BstPre,0.0,1596170058.0436401
CR_Ems_BstPre,0.0,1596170058.1255438
CR_Ems_BstPre,0.0,1596170058.2241962
CR_Ems_BstPre,0.0,1596170058.604633
CR_Ems_BstPre,0.0,1596170058.965524
CR_Ems_BstPre,0.0,1596170059.1044009
CR_Ems_BstPre,0.0,1596170059.345943
CR_Ems_BstPre,0.0,1596170059.6040711
CR_Ems_BstPre,0.0,1596170059.723232
CR_Ems_BstPre,0.0,1596170059.8625126
CR_Ems_BstPre,0.0,1596170059.8829849
CR_Ems_BstPre,0.0,1596170059.90371
CR_Ems_BstPre,0.0,1596170060.1826508
CR_Ems_BstPre,0.0,1596170060.264369
CR_Ems_BstPre,0.0,1596170060.383219
CR_Ems_BstPre,0.0,1596170060.4031591
CR_Ems_BstPre,0.0,1596170061.7257118
CR_Ems_BstPre,0.0,1596170061.76659
CR_Ems_BstPre,0.0,1596170062.1233552
CR_Ems_BstPre,0.0,1596170062.242034
CR_Ems_BstPre,0.0,1596170062.4261286
CR_Ems_BstPre,0.0,1596170062.6062331
CR_Ems_BstPre,0.0,1596170062.663718
CR_Ems_BstPre,0.0,1596170062.905343
CR_Ems_BstPre,0.0,1596170063.102253
CR_Ems_BstPre,0.0,1596170063.582294
CR_Ems_BstPre,0.0,1596170063.782709
CR_Ems_BstPre,0.0,1596170064.343426
CR_Ems_BstPre,0.0,1596170064.6831622
CR_Ems_BstPre,0.0,1596170064.785253
CR_Ems_BstPre,0.0,1596170064.822423
CR_Ems_BstPre,0.0,1596170064.904138
CR_Ems_BstPre,0.0,1596170064.9245498
CR_Ems_BstPre,0.0,1596170065.3259342
CR_Ems_BstPre,0.0,1596170065.4655626
CR_Ems_BstPre,0.0,1596170065.8629918
CR_Ems_BstPre,0.0,1596170065.944358
CR_Ems_BstPre,0.0,1596170066.022624
CR_Ems_BstPre,0.0,1596170066.2639391
CR_Ems_BstPre,0.0,1596170066.9644759
CR_Ems_BstPre,0.0,1596170067.124259
CR_Ems_BstPre,0.0,1596170067.28379
CR_Ems_BstPre,0.0,1596170067.361904
CR_Ems_BstPre,0.0,1596170067.4641721
CR_Ems_BstPre,0.0,1596170067.484606
CR_Ems_BstPre,0.0,1596170067.525331
CR_Ems_BstPre,0.0,1596170067.943247
CR_Ems_BstPre,0.0,1596170068.1237152
CR_Ems_BstPre,0.0,1596170068.70487
CR_Ems_BstPre,0.0,1596170068.8039072
CR_Ems_BstPre,0.0,1596170068.963137
CR_Ems_BstPre,0.0,1596170069.2046869
CR_Ems_BstPre,0.0,1596170069.343914
CR_Ems_BstPre,0.0,1596170069.5245068
CR_Ems_BstPre,0.0,1596170069.745194
CR_Ems_BstPre,0.0,1596170069.7621038
CR_Ems_BstPre,0.0,1596170069.86405
CR_Ems_BstPre,0.0,1596170070.4624028
CR_Ems_BstPre,0.0,1596170070.5031571
CR_Ems_BstPre,0.0,1596170070.9862132
CR_Ems_BstPre,0.0,1596170071.043741
CR_Ems_BstPre,0.0,1596170071.2443242
CR_Ems_BstPre,0.0,1596170071.326315
CR_Ems_BstPre,0.0,1596170071.543589
CR_Ems_BstPre,0.0,1596170071.6047099
CR_Ems_BstPre,0.0,1596170071.682936
CR_Ems_BstPre,0.0,1596170071.703105
CR_Ems_BstPre,0.0,1596170072.002667
CR_Ems_BstPre,0.0,1596170072.203151
CR_Ems_BstPre,0.0,1596170072.3629088
CR_Ems_BstPre,0.0,1596170072.505814
CR_Ems_BstPre,0.0,1596170072.944097
CR_Ems_BstPre,0.0,1596170073.124658
CR_Ems_BstPre,0.0,1596170073.165424
CR_Ems_BstPre,0.0,1596170073.5630212
CR_Ems_BstPre,0.0,1596170073.9438
CR_Ems_BstPre,0.0,1596170073.9844851
CR_Ems_BstPre,0.0,1596170074.103258
CR_Ems_BstPre,0.0,1596170074.1441472
CR_Ems_BstPre,0.0,1596170074.70519
CR_Ems_BstPre,0.0,1596170074.783134
CR_Ems_BstPre,0.0,1596170075.164332
CR_Ems_BstPre,0.0,1596170076.0445306
CR_Ems_BstPre,0.0,1596170076.10608
CR_Ems_BstPre,0.0,1596170076.245325
CR_Ems_BstPre,0.0,1596170077.085075
CR_Ems_BstPre,0.0,1596170077.163458
CR_Ems_BstPre,0.0,1596170077.343068
CR_Ems_BstPre,0.0,1596170078.0437632
CR_Ems_BstPre,0.0,1596170078.166249
CR_Ems_BstPre,0.0,1596170079.00228
CR_Ems_BstPre,0.0,1596170079.083774
CR_Ems_BstPre,0.0,1596170079.243816
CR_Ems_BstPre,0.0,1596170079.284436
CR_Ems_BstPre,0.0,1596170079.3867161
CR_Ems_BstPre,0.0,1596170079.4033859
CR_Ems_BstPre,0.0,1596170079.4236786
CR_Ems_BstPre,0.0,1596170079.5834448
CR_Ems_BstPre,0.0,1596170079.902874
CR_Ems_BstPre,0.0,1596170079.9439206
CR_Ems_BstPre,0.0,1596170080.063009
CR_Ems_BstPre,0.0,1596170080.1825652
CR_Ems_BstPre,0.0,1596170080.222987
CR_Ems_BstPre,0.0,1596170080.2639546
CR_Ems_BstPre,0.0,1596170080.304204
CR_Ems_BstPre,0.0,1596170080.361984
CR_Ems_BstPre,0.0,1596170080.804014
CR_Ems_BstPre,0.0,1596170081.143934
CR_Ems_BstPre,0.0,1596170081.165345
CR_Ems_BstPre,0.0,1596170081.3444886
CR_Ems_BstPre,0.0,1596170081.504418
CR_Ems_BstPre,0.0,1596170081.582485
CR_Ems_BstPre,0.0,1596170081.684545
CR_Ems_BstPre,0.0,1596170082.065425
CR_Ems_BstPre,0.0,1596170082.4258912
CR_Ems_BstPre,0.0,1596170082.503681
CR_Ems_BstPre,0.0,1596170082.524258
CR_Ems_BstPre,0.0,1596170082.663637
CR_Ems_BstPre,0.0,1596170082.7415938
CR_Ems_BstPre,0.0,1596170083.1632109
CR_Ems_BstPre,0.0,1596170083.683318
CR_Ems_BstPre,0.0,1596170084.163009
CR_Ems_BstPre,0.0,1596170084.223896
CR_Ems_BstPre,0.0,1596170084.343091
CR_Ems_BstPre,0.0,1596170084.523212
CR_Ems_BstPre,0.0,1596170084.625442
CR_Ems_BstPre,0.0,1596170084.6421704
CR_Ems_BstPre,0.0,1596170084.9824011
CR_Ems_BstPre,0.0,1596170085.02669
CR_Ems_BstPre,0.0,1596170085.5839472
CR_Ems_BstPre,0.0,1596170085.624759
CR_Ems_BstPre,0.0,1596170086.202641
CR_Ems_BstPre,0.0,1596170086.362329
CR_Ems_BstPre,0.0,1596170087.025547
CR_Ems_BstPre,0.0,1596170087.165215
CR_Ems_BstPre,0.0,1596170087.3244412
CR_Ems_BstPre,0.0,1596170087.382777
CR_Ems_BstPre,0.0,1596170087.541895
CR_Ems_BstPre,0.0,1596170087.705303
CR_Ems_BstPre,0.0,1596170087.8446221
CR_Ems_BstPre,0.0,1596170087.882717
CR_Ems_BstPre,0.0,1596170087.9429178
CR_Ems_BstPre,0.0,1596170087.984106
CR_Ems_BstPre,0.0,1596170088.205009
CR_Ems_BstPre,0.0,1596170088.2628288
CR_Ems_BstPre,0.0,1596170088.7421708
CR_Ems_BstPre,0.0,1596170088.803355
CR_Ems_BstPre,0.0,1596170089.082834
CR_Ems_BstPre,0.0,1596170089.143091
CR_Ems_BstPre,0.0,1596170089.2621028
CR_Ems_BstPre,0.0,1596170089.3436658
CR_Ems_BstPre,0.0,1596170089.462518
CR_Ems_BstPre,0.0,1596170089.5651786
CR_Ems_BstPre,0.0,1596170089.761484
CR_Ems_BstPre,0.0,1596170089.7825599
CR_Ems_BstPre,0.0,1596170089.8028858
CR_Ems_BstPre,0.0,1596170090.1833642
CR_Ems_BstPre,0.0,1596170090.4250822
CR_Ems_BstPre,0.0,1596170090.904325
CR_Ems_BstPre,0.0,1596170091.125343
CR_Ems_BstPre,0.0,1596170091.16232
CR_Ems_BstPre,0.0,1596170091.42431
CR_Ems_BstPre,0.0,1596170091.862653
CR_Ems_BstPre,0.0,1596170091.985608
CR_Ems_BstPre,0.0,1596170092.2641149
CR_Ems_BstPre,0.0,1596170092.464909
CR_Ems_BstPre,0.0,1596170092.5260189
CR_Ems_BstPre,0.0,1596170092.542809
CR_Ems_BstPre,0.0,1596170092.985019
CR_Ems_BstPre,0.0,1596170093.242936
CR_Ems_BstPre,0.0,1596170093.443557
CR_Ems_BstPre,0.0,1596170093.484578
CR_Ems_BstPre,0.0,1596170093.9842858
CR_Ems_BstPre,0.0,1596170095.044926
CR_Ems_BstPre,0.0,1596170095.38197
CR_Ems_BstPre,0.0,1596170095.9220679
CR_Ems_BstPre,0.0,1596170096.0034142
CR_Ems_BstPre,0.0,1596170096.085365
CR_Ems_BstPre,0.0,1596170096.1226714
CR_Ems_BstPre,0.0,1596170096.22459
CR_Ems_BstPre,0.0,1596170096.262033
CR_Ems_BstPre,0.0,1596170096.6630812
CR_Ems_BstPre,0.0,1596170097.0847461
CR_Ems_BstPre,0.0,1596170097.122071
CR_Ems_BstPre,0.0,1596170097.343096
CR_Ems_BstPre,0.0,1596170097.6628401
CR_Ems_BstPre,0.0,1596170097.744141
CR_Ems_BstPre,0.0,1596170097.7648242
CR_Ems_BstPre,0.0,1596170098.4854429
CR_Ems_BstPre,0.0,1596170098.563375
CR_Ems_BstPre,0.0,1596170098.683413
CR_Ems_BstPre,0.0,1596170099.284149
CR_Ems_BstPre,0.0,1596170099.341963
CR_Ems_BstPre,0.0,1596170099.542725
CR_Ems_BstPre,0.0,1596170099.563658
CR_Ems_BstPre,0.0,1596170099.6855052
CR_Ems_BstPre,0.0,1596170099.7060099
CR_Ems_BstPre,0.0,1596170099.8248472
CR_Ems_BstPre,0.0,1596170100.123818
CR_Ems_BstPre,0.0,1596170100.263359
CR_Ems_BstPre,0.0,1596170100.722215
CR_Ems_BstPre,0.0,1596170101.0251632
CR_Ems_BstPre,0.0,1596170101.123564
CR_Ems_BstPre,0.0,1596170101.365215
CR_Ems_BstPre,0.0,1596170101.544993
CR_Ems_BstPre,0.0,1596170101.84395
CR_Ems_BstPre,0.0,1596170101.942745
CR_Ems_BstPre,0.0,1596170101.9837348
CR_Ems_BstPre,0.0,1596170102.241778
CR_Ems_BstPre,0.0,1596170102.4830248
CR_Ems_BstPre,0.0,1596170102.6634789
CR_Ems_BstPre,0.0,1596170102.741436
CR_Ems_BstPre,0.0,1596170102.925329
CR_Ems_BstPre,0.0,1596170103.244704
CR_Ems_BstPre,0.0,1596170103.4418626
CR_Ems_BstPre,0.0,1596170103.744543
CR_Ems_BstPre,0.0,1596170103.802216
CR_Ems_BstPre,0.0,1596170104.0644462
CR_Ems_BstPre,0.0,1596170104.641992
CR_Ems_BstPre,0.0,1596170105.104384
CR_Ems_BstPre,0.0,1596170105.162049
CR_Ems_BstPre,0.0,1596170105.7228212
CR_Ems_BstPre,0.0,1596170105.743257
CR_Ems_BstPre,0.0,1596170105.944052
CR_Ems_BstPre,0.0,1596170106.083483
CR_Ems_BstPre,0.0,1596170106.501567
CR_Ems_BstPre,0.0,1596170106.583022
CR_Ems_BstPre,0.0,1596170106.623894
CR_Ems_BstPre,0.0,1596170106.682045
CR_Ems_BstPre,0.0,1596170106.923143
CR_Ems_BstPre,0.0,1596170107.0422199
CR_Ems_BstPre,0.0,1596170107.643748
CR_Ems_BstPre,0.0,1596170108.122934
CR_Ems_BstPre,0.0,1596170108.3851242
CR_Ems_BstPre,0.0,1596170108.8438609
CR_Ems_BstPre,0.0,1596170109.0444288
CR_Ems_BstPre,0.0,1596170109.265633
CR_Ems_BstPre,0.0,1596170109.364257
CR_Ems_BstPre,0.0,1596170109.482843
CR_Ems_BstPre,0.0,1596170109.761729
CR_Ems_BstPre,0.0,1596170110.12582
CR_Ems_BstPre,0.0,1596170110.301892
CR_Ems_BstPre,0.0,1596170110.4042726
CR_Ems_BstPre,0.0,1596170110.782033
CR_Ems_BstPre,0.0,1596170111.461477
CR_Ems_BstPre,0.0,1596170111.62492
CR_Ems_BstPre,0.0,1596170112.0020962
CR_Ems_BstPre,0.0,1596170112.042652
CR_Ems_BstPre,0.0,1596170112.124619
CR_Ems_BstPre,0.0,1596170112.182281
CR_Ems_BstPre,0.0,1596170112.2029722
CR_Ems_BstPre,0.0,1596170112.342122
CR_Ems_BstPre,0.0,1596170112.5832946
CR_Ems_BstPre,0.0,1596170112.8623328
CR_Ems_BstPre,0.0,1596170112.943661
CR_Ems_BstPre,0.0,1596170113.005089
CR_Ems_BstPre,0.0,1596170113.0830872
CR_Ems_BstPre,0.0,1596170113.161081
CR_Ems_BstPre,0.0,1596170113.4640589
CR_Ems_BstPre,0.0,1596170113.5827498
CR_Ems_BstPre,0.0,1596170113.603153
CR_Ems_BstPre,0.0,1596170113.725914
CR_Ems_BstPre,0.0,1596170113.841043
CR_Ems_BstPre,0.0,1596170113.861624
CR_Ems_BstPre,0.0,1596170113.92298
CR_Ems_BstPre,0.0,1596170113.9431381
CR_Ems_BstPre,0.0,1596170113.983995
CR_Ems_BstPre,0.0,1596170114.004524
CR_Ems_BstPre,0.0,1596170114.382466
CR_Ems_BstPre,0.0,1596170114.562014
CR_Ems_BstPre,0.0,1596170114.864775
CR_Ems_BstPre,0.0,1596170115.02435
CR_Ems_BstPre,0.0,1596170115.1026359
CR_Ems_BstPre,0.0,1596170115.2251024
CR_Ems_BstPre,0.0,1596170115.242003
CR_Ems_BstPre,0.0,1596170116.142879
CR_Ems_BstPre,0.0,1596170116.584974
CR_Ems_BstPre,0.0,1596170116.662815
CR_Ems_BstPre,0.0,1596170116.765153
CR_Ems_BstPre,0.0,1596170116.9622118
CR_Ems_BstPre,0.0,1596170116.982558
CR_Ems_BstPre,0.0,1596170117.0815492
CR_Ems_BstPre,0.0,1596170117.1014242
CR_Ems_BstPre,0.0,1596170117.1422908
CR_Ems_BstPre,0.0,1596170117.2823944
CR_Ems_BstPre,0.0,1596170117.3019311
CR_Ems_BstPre,0.0,1596170117.363347
CR_Ems_BstPre,0.0,1596170117.6252658
CR_Ems_BstPre,0.0,1596170117.642105
