PID_0Bh,65,1596169659.9316301
PID_0Bh,65,1596169660.0295546
PID_0Bh,51,1596169660.83246
PID_0Bh,47,1596169661.131315
PID_0Bh,40,1596169662.1310878
PID_0Bh,36,1596169663.630458
PID_0Bh,35,1596169664.130545
PID_0Bh,36,1596169664.629823
PID_0Bh,44,1596169666.1285062
PID_0Bh,49,1596169666.829168
PID_0Bh,55,1596169668.3317518
PID_0Bh,57,1596169671.4321911
PID_0Bh,38,1596169671.8298259
PID_0Bh,30,1596169674.229758
PID_0Bh,31,1596169675.229432
PID_0Bh,72,1596169676.629857
PID_0Bh,77,1596169676.9293454
PID_0Bh,49,1596169677.530875
PID_0Bh,29,1596169679.329407
PID_0Bh,29,1596169679.431402
PID_0Bh,29,1596169680.529082
PID_0Bh,30,1596169680.6314292
PID_0Bh,30,1596169680.7297652
PID_0Bh,31,1596169681.430138
PID_0Bh,69,1596169683.228732
PID_0Bh,98,1596169685.730686
PID_0Bh,98,1596169686.6280398
PID_0Bh,25,1596169690.2319748
PID_0Bh,30,1596169693.029558
PID_0Bh,43,1596169695.630334
PID_0Bh,50,1596169697.9284446
PID_0Bh,80,1596169701.9296598
PID_0Bh,98,1596169703.4291608
PID_0Bh,98,1596169703.5311189
PID_0Bh,98,1596169703.629565
PID_0Bh,98,1596169705.73068
PID_0Bh,98,1596169706.029606
PID_0Bh,93,1596169706.9306538
PID_0Bh,95,1596169707.029441
PID_0Bh,25,1596169708.8274221
PID_0Bh,93,1596169710.829849
PID_0Bh,98,1596169711.5301912
PID_0Bh,35,1596169713.131596
PID_0Bh,32,1596169713.4307468
PID_0Bh,32,1596169713.529032
PID_0Bh,29,1596169714.528744
PID_0Bh,29,1596169715.4295092
PID_0Bh,30,1596169716.3305519
PID_0Bh,98,1596169718.5300322
PID_0Bh,98,1596169718.6283991
PID_0Bh,98,1596169718.730725
PID_0Bh,28,1596169720.631184
PID_0Bh,98,1596169722.3271801
PID_0Bh,98,1596169723.330292
PID_0Bh,26,1596169725.3290694
PID_0Bh,28,1596169727.0289052
PID_0Bh,29,1596169727.92993
PID_0Bh,28,1596169728.4295614
PID_0Bh,28,1596169728.9292462
PID_0Bh,27,1596169731.030358
PID_0Bh,28,1596169732.23045
PID_0Bh,31,1596169733.2297988
PID_0Bh,31,1596169733.430517
PID_0Bh,36,1596169734.8312352
PID_0Bh,45,1596169736.527329
PID_0Bh,65,1596169738.3292038
PID_0Bh,80,1596169738.529881
PID_0Bh,84,1596169738.628469
PID_0Bh,74,1596169739.4308748
PID_0Bh,89,1596169740.127712
PID_0Bh,96,1596169744.927783
PID_0Bh,98,1596169745.8286119
PID_0Bh,98,1596169745.9308958
PID_0Bh,98,1596169746.127876
PID_0Bh,98,1596169746.4269388
PID_0Bh,39,1596169748.528291
PID_0Bh,26,1596169749.129704
PID_0Bh,25,1596169749.2284381
PID_0Bh,26,1596169750.329941
PID_0Bh,26,1596169752.230248
PID_0Bh,27,1596169754.327765
PID_0Bh,28,1596169755.228487
PID_0Bh,28,1596169755.429095
PID_0Bh,30,1596169755.928867
PID_0Bh,30,1596169756.428619
PID_0Bh,40,1596169756.629241
PID_0Bh,44,1596169756.7275062
PID_0Bh,49,1596169760.8279848
PID_0Bh,99,1596169763.0272481
PID_0Bh,28,1596169766.430443
PID_0Bh,40,1596169767.0284429
PID_0Bh,60,1596169770.4280472
PID_0Bh,88,1596169771.029985
PID_0Bh,91,1596169771.128442
PID_0Bh,99,1596169772.127758
PID_0Bh,99,1596169772.230072
PID_0Bh,99,1596169772.529137
PID_0Bh,98,1596169774.12706
PID_0Bh,28,1596169776.928118
PID_0Bh,28,1596169777.2273679
PID_0Bh,27,1596169777.7272286
PID_0Bh,27,1596169778.529567
PID_0Bh,29,1596169780.528276
PID_0Bh,29,1596169781.327324
PID_0Bh,29,1596169781.429229
PID_0Bh,66,1596169783.2279446
PID_0Bh,39,1596169785.025791
PID_0Bh,73,1596169787.028308
PID_0Bh,99,1596169789.3266358
PID_0Bh,99,1596169789.9281461
PID_0Bh,98,1596169791.4276102
PID_0Bh,69,1596169791.8286011
PID_0Bh,27,1596169796.829431
PID_0Bh,27,1596169797.128556
PID_0Bh,29,1596169798.9268801
PID_0Bh,30,1596169799.0289938
PID_0Bh,30,1596169799.3279948
PID_0Bh,30,1596169802.027159
PID_0Bh,30,1596169802.1294878
PID_0Bh,31,1596169802.7276149
PID_0Bh,35,1596169803.4278774
PID_0Bh,36,1596169804.726568
PID_0Bh,46,1596169805.426958
PID_0Bh,47,1596169807.425699
PID_0Bh,46,1596169809.526985
PID_0Bh,46,1596169812.1274981
PID_0Bh,46,1596169813.6268961
PID_0Bh,46,1596169814.32737
PID_0Bh,46,1596169814.4256392
PID_0Bh,45,1596169815.227962
PID_0Bh,95,1596169817.8287349
PID_0Bh,94,1596169818.226331
PID_0Bh,97,1596169819.028893
PID_0Bh,98,1596169819.1274626
PID_0Bh,97,1596169820.028218
PID_0Bh,89,1596169820.827691
PID_0Bh,98,1596169822.527044
PID_0Bh,98,1596169823.0267992
PID_0Bh,30,1596169824.026026
PID_0Bh,26,1596169824.3288288
PID_0Bh,25,1596169825.029108
PID_0Bh,27,1596169826.2291641
PID_0Bh,73,1596169827.9254668
PID_0Bh,77,1596169828.027282
PID_0Bh,98,1596169830.628106
PID_0Bh,89,1596169832.225915
PID_0Bh,42,1596169832.827602
PID_0Bh,70,1596169834.228281
PID_0Bh,63,1596169835.928052
PID_0Bh,61,1596169836.628499
PID_0Bh,40,1596169837.726613
PID_0Bh,34,1596169837.9268842
PID_0Bh,26,1596169839.127052
PID_0Bh,26,1596169840.425844
PID_0Bh,91,1596169841.625782
PID_0Bh,97,1596169841.727807
PID_0Bh,98,1596169841.826493
PID_0Bh,98,1596169842.326066
PID_0Bh,85,1596169843.128536
PID_0Bh,83,1596169844.22666
PID_0Bh,83,1596169844.3285918
PID_0Bh,85,1596169844.726275
PID_0Bh,86,1596169845.12731
PID_0Bh,51,1596169846.728683
PID_0Bh,54,1596169847.0277526
PID_0Bh,55,1596169847.126399
PID_0Bh,60,1596169848.1260471
PID_0Bh,64,1596169848.7274961
PID_0Bh,69,1596169849.9275699
PID_0Bh,45,1596169851.226002
PID_0Bh,44,1596169851.9268749
PID_0Bh,74,1596169853.728412
PID_0Bh,77,1596169854.727801
PID_0Bh,78,1596169857.5255911
PID_0Bh,78,1596169858.226153
PID_0Bh,78,1596169858.426503
PID_0Bh,79,1596169858.8277
PID_0Bh,39,1596169859.92576
PID_0Bh,78,1596169860.7282088
PID_0Bh,87,1596169860.826575
PID_0Bh,52,1596169862.8256679
PID_0Bh,49,1596169867.326606
PID_0Bh,54,1596169867.626029
PID_0Bh,75,1596169869.6283529
PID_0Bh,75,1596169869.7267199
PID_0Bh,77,1596169870.026102
PID_0Bh,78,1596169870.128066
PID_0Bh,61,1596169870.828417
PID_0Bh,36,1596169871.426527
PID_0Bh,72,1596169873.126238
PID_0Bh,72,1596169874.1259134
PID_0Bh,72,1596169874.2279284
PID_0Bh,73,1596169874.7275982
PID_0Bh,94,1596169878.2259529
PID_0Bh,97,1596169879.2252958
PID_0Bh,58,1596169880.4251
PID_0Bh,27,1596169881.8260732
PID_0Bh,27,1596169881.928011
PID_0Bh,28,1596169883.824917
PID_0Bh,28,1596169884.1275198
PID_0Bh,28,1596169884.62719
PID_0Bh,29,1596169886.826685
PID_0Bh,59,1596169887.1256812
PID_0Bh,70,1596169887.228
PID_0Bh,98,1596169889.927156
PID_0Bh,98,1596169890.5254786
PID_0Bh,98,1596169890.6275148
PID_0Bh,98,1596169891.226058
PID_0Bh,55,1596169891.5250812
PID_0Bh,59,1596169892.126621
PID_0Bh,42,1596169893.224819
PID_0Bh,36,1596169893.4251454
PID_0Bh,64,1596169893.826425
PID_0Bh,69,1596169893.925062
PID_0Bh,99,1596169895.427818
PID_0Bh,57,1596169896.0258892
PID_0Bh,37,1596169899.0279956
PID_0Bh,37,1596169899.2251348
PID_0Bh,36,1596169900.9248042
PID_0Bh,37,1596169901.7234938
PID_0Bh,37,1596169902.124925
PID_0Bh,36,1596169903.127933
PID_0Bh,34,1596169903.926686
PID_0Bh,42,1596169905.126689
PID_0Bh,98,1596169905.7251868
PID_0Bh,99,1596169905.925968
PID_0Bh,63,1596169906.6258008
PID_0Bh,39,1596169906.9248939
PID_0Bh,34,1596169907.6255412
PID_0Bh,35,1596169907.7275288
PID_0Bh,31,1596169908.5262392
PID_0Bh,32,1596169910.9263961
PID_0Bh,26,1596169911.827446
PID_0Bh,25,1596169912.425664
PID_0Bh,25,1596169913.1259048
PID_0Bh,25,1596169913.326568
PID_0Bh,32,1596169915.726617
PID_0Bh,32,1596169916.025698
PID_0Bh,41,1596169918.425908
PID_0Bh,49,1596169918.925484
PID_0Bh,54,1596169919.2249491
PID_0Bh,92,1596169920.4246151
PID_0Bh,32,1596169921.927655
PID_0Bh,84,1596169924.324161
PID_0Bh,29,1596169926.826265
PID_0Bh,98,1596169929.124428
PID_0Bh,98,1596169929.3252714
PID_0Bh,99,1596169930.025218
PID_0Bh,98,1596169930.8243706
PID_0Bh,97,1596169932.425227
PID_0Bh,97,1596169932.92534
PID_0Bh,72,1596169933.826109
PID_0Bh,34,1596169935.8248398
PID_0Bh,30,1596169937.426217
PID_0Bh,28,1596169941.026412
PID_0Bh,28,1596169941.5261369
PID_0Bh,31,1596169943.3246071
PID_0Bh,31,1596169943.426517
PID_0Bh,34,1596169944.7250838
PID_0Bh,34,1596169945.024323
PID_0Bh,34,1596169945.224679
PID_0Bh,36,1596169945.7248368
PID_0Bh,38,1596169945.925031
PID_0Bh,42,1596169947.526537
PID_0Bh,42,1596169948.0261278
PID_0Bh,43,1596169950.225573
PID_0Bh,43,1596169951.123175
PID_0Bh,43,1596169952.224892
PID_0Bh,43,1596169952.625759
PID_0Bh,73,1596169954.4241471
PID_0Bh,75,1596169954.825205
PID_0Bh,75,1596169955.325036
PID_0Bh,85,1596169958.4254198
PID_0Bh,91,1596169958.9250848
PID_0Bh,98,1596169959.2246454
PID_0Bh,98,1596169959.625507
PID_0Bh,98,1596169960.1251774
PID_0Bh,79,1596169961.923903
PID_0Bh,79,1596169962.3247054
PID_0Bh,81,1596169962.4234788
PID_0Bh,83,1596169964.6264482
PID_0Bh,62,1596169965.4251
PID_0Bh,61,1596169966.02352
PID_0Bh,79,1596169966.6252556
PID_0Bh,83,1596169967.026568
PID_0Bh,83,1596169967.1249368
PID_0Bh,36,1596169970.3241758
PID_0Bh,36,1596169970.823852
PID_0Bh,26,1596169972.32652
PID_0Bh,26,1596169972.523809
PID_0Bh,35,1596169973.8256302
PID_0Bh,37,1596169973.9243252
PID_0Bh,32,1596169974.424165
PID_0Bh,27,1596169976.225717
PID_0Bh,89,1596169980.6246731
PID_0Bh,35,1596169983.524524
PID_0Bh,35,1596169984.8231132
PID_0Bh,51,1596169986.5231216
PID_0Bh,57,1596169986.62512
PID_0Bh,35,1596169989.5248652
PID_0Bh,38,1596169991.023959
PID_0Bh,39,1596169991.425318
PID_0Bh,39,1596169991.52402
PID_0Bh,39,1596169991.625914
PID_0Bh,39,1596169991.823126
PID_0Bh,34,1596169993.624773
PID_0Bh,38,1596169994.423899
PID_0Bh,44,1596169994.722859
PID_0Bh,42,1596169995.5251431
PID_0Bh,43,1596169995.824287
PID_0Bh,98,1596169997.2249238
PID_0Bh,98,1596169997.823617
PID_0Bh,88,1596169998.625708
PID_0Bh,93,1596170000.325435
PID_0Bh,95,1596170000.42381
PID_0Bh,97,1596170000.9234462
PID_0Bh,40,1596170001.3248868
PID_0Bh,31,1596170001.5254939
PID_0Bh,34,1596170002.025168
PID_0Bh,26,1596170004.024013
PID_0Bh,26,1596170004.12282
PID_0Bh,35,1596170005.424735
PID_0Bh,35,1596170005.523632
PID_0Bh,34,1596170006.6248598
PID_0Bh,35,1596170008.623918
PID_0Bh,71,1596170011.6257534
PID_0Bh,99,1596170012.924181
PID_0Bh,28,1596170014.423315
PID_0Bh,29,1596170014.525627
PID_0Bh,40,1596170017.323485
PID_0Bh,34,1596170017.925152
PID_0Bh,41,1596170018.322484
PID_0Bh,99,1596170023.921757
PID_0Bh,30,1596170025.322864
PID_0Bh,27,1596170026.522704
PID_0Bh,28,1596170026.923651
PID_0Bh,41,1596170029.0247734
PID_0Bh,42,1596170029.4224472
PID_0Bh,43,1596170029.922186
PID_0Bh,59,1596170030.123002
PID_0Bh,75,1596170030.323209
PID_0Bh,88,1596170031.8225944
PID_0Bh,95,1596170032.9239402
PID_0Bh,98,1596170033.624408
PID_0Bh,98,1596170034.222709
PID_0Bh,59,1596170034.923191
PID_0Bh,30,1596170035.324159
PID_0Bh,30,1596170035.922634
PID_0Bh,33,1596170036.6228216
PID_0Bh,27,1596170038.023275
PID_0Bh,99,1596170040.7228649
PID_0Bh,98,1596170041.12381
PID_0Bh,99,1596170041.324394
PID_0Bh,98,1596170041.722468
PID_0Bh,85,1596170043.1228142
PID_0Bh,81,1596170043.3232694
PID_0Bh,82,1596170043.422042
PID_0Bh,91,1596170043.724611
PID_0Bh,29,1596170044.7239628
PID_0Bh,38,1596170045.821999
PID_0Bh,28,1596170046.723357
PID_0Bh,27,1596170047.124141
PID_0Bh,27,1596170047.722235
PID_0Bh,27,1596170048.422901
PID_0Bh,27,1596170048.623283
PID_0Bh,28,1596170048.823843
PID_0Bh,30,1596170049.323652
PID_0Bh,98,1596170051.122037
PID_0Bh,99,1596170051.3225331
PID_0Bh,98,1596170052.821907
PID_0Bh,28,1596170054.123848
PID_0Bh,27,1596170054.222183
PID_0Bh,33,1596170055.1232698
PID_0Bh,31,1596170055.524559
PID_0Bh,30,1596170055.622981
PID_0Bh,27,1596170056.0243351
PID_0Bh,27,1596170056.4219902
PID_0Bh,26,1596170056.9217026
PID_0Bh,58,1596170058.122001
PID_0Bh,89,1596170060.521958
PID_0Bh,48,1596170062.2216902
PID_0Bh,39,1596170064.023489
PID_0Bh,37,1596170065.0227962
PID_0Bh,75,1596170065.624751
PID_0Bh,63,1596170066.821347
PID_0Bh,94,1596170066.92326
PID_0Bh,48,1596170068.721859
PID_0Bh,25,1596170070.822505
PID_0Bh,99,1596170072.624484
PID_0Bh,91,1596170073.022269
PID_0Bh,72,1596170073.124227
PID_0Bh,59,1596170073.222717
PID_0Bh,30,1596170074.1236758
PID_0Bh,28,1596170074.3243392
PID_0Bh,35,1596170076.02404
PID_0Bh,27,1596170076.921657
PID_0Bh,65,1596170079.120897
PID_0Bh,36,1596170081.721787
PID_0Bh,37,1596170082.6225471
PID_0Bh,37,1596170082.721343
PID_0Bh,37,1596170082.82318
PID_0Bh,50,1596170084.1219358
PID_0Bh,66,1596170084.322527
PID_0Bh,77,1596170084.723584
PID_0Bh,56,1596170085.223379
PID_0Bh,49,1596170085.322041
PID_0Bh,30,1596170086.321698
PID_0Bh,31,1596170088.221874
PID_0Bh,28,1596170088.8235302
PID_0Bh,28,1596170090.42143
PID_0Bh,30,1596170096.023867
PID_0Bh,30,1596170097.421031
PID_0Bh,30,1596170097.5230038
PID_0Bh,30,1596170097.723958
PID_0Bh,32,1596170098.723134
PID_0Bh,32,1596170099.12435
PID_0Bh,32,1596170099.3215194
PID_0Bh,33,1596170099.5220551
PID_0Bh,97,1596170100.5215092
PID_0Bh,99,1596170101.5210009
PID_0Bh,99,1596170101.92189
PID_0Bh,99,1596170102.0242088
PID_0Bh,98,1596170102.422087
PID_0Bh,98,1596170103.0235698
PID_0Bh,98,1596170103.723975
PID_0Bh,97,1596170105.022414
PID_0Bh,98,1596170105.420305
PID_0Bh,98,1596170105.522182
PID_0Bh,31,1596170106.5220358
PID_0Bh,30,1596170107.123628
PID_0Bh,26,1596170107.521268
PID_0Bh,27,1596170108.921774
PID_0Bh,35,1596170109.8226829
PID_0Bh,36,1596170110.1216571
PID_0Bh,35,1596170110.6218119
PID_0Bh,75,1596170111.321795
PID_0Bh,32,1596170112.3215551
PID_0Bh,33,1596170112.521878
PID_0Bh,35,1596170114.020863
PID_0Bh,37,1596170115.22167
PID_0Bh,36,1596170116.720342
