PIC_Lock,0,1596002992.1618779
PIC_Lock,0,1596002993.660887
PIC_Lock,0,1596002994.058298
PIC_Lock,0,1596002994.259072
PIC_Lock,0,1596002994.5580091
PIC_Lock,0,1596002994.9593642
PIC_Lock,0,1596002995.1599226
PIC_Lock,0,1596002996.454644
PIC_Lock,0,1596002996.757656
PIC_Lock,0,1596002997.3594131
PIC_Lock,0,1596002998.1540768
PIC_Lock,0,1596002998.252691
PIC_Lock,0,1596002999.051371
PIC_Lock,0,1596003000.349793
PIC_Lock,0,1596003000.951548
PIC_Lock,0,1596003001.9472508
PIC_Lock,0,1596003002.450714
PIC_Lock,0,1596003004.0481448
PIC_Lock,0,1596003005.944386
PIC_Lock,0,1596003007.742631
PIC_Lock,0,1596003007.943146
PIC_Lock,0,1596003008.041576
PIC_Lock,0,1596003009.540936
PIC_Lock,0,1596003011.1380944
PIC_Lock,0,1596003012.13804
PIC_Lock,0,1596003013.235067
PIC_Lock,0,1596003013.333471
PIC_Lock,0,1596003015.033205
PIC_Lock,0,1596003015.233904
PIC_Lock,0,1596003016.2296581
PIC_Lock,0,1596003016.3316462
PIC_Lock,0,1596003017.429457
PIC_Lock,0,1596003019.129211
PIC_Lock,0,1596003019.927742
PIC_Lock,0,1596003022.5245252
PIC_Lock,0,1596003023.2249901
PIC_Lock,0,1596003024.1220891
PIC_Lock,0,1596003025.4204369
PIC_Lock,0,1596003026.219061
PIC_Lock,0,1596003028.021129
PIC_Lock,0,1596003028.1195366
PIC_Lock,0,1596003033.309609
PIC_Lock,0,1596003033.8090749
PIC_Lock,0,1596003035.410143
PIC_Lock,0,1596003036.2089071
PIC_Lock,0,1596003039.104553
PIC_Lock,0,1596003043.0981374
PIC_Lock,0,1596003043.4994519
PIC_Lock,0,1596003045.395804
PIC_Lock,0,1596003048.291733
PIC_Lock,0,1596003050.388891
PIC_Lock,0,1596003051.290011
PIC_Lock,0,1596003052.490113
PIC_Lock,0,1596003055.382056
PIC_Lock,0,1596003055.4840162
PIC_Lock,0,1596003057.880063
PIC_Lock,0,1596003058.580385
PIC_Lock,0,1596003061.5744882
PIC_Lock,0,1596003061.6770294
PIC_Lock,0,1596003062.3741894
PIC_Lock,0,1596003062.5742679
PIC_Lock,0,1596003063.573529
PIC_Lock,0,1596003063.672232
PIC_Lock,0,1596003064.572885
PIC_Lock,0,1596003065.9698038
PIC_Lock,0,1596003067.468624
PIC_Lock,0,1596003069.1644561
PIC_Lock,0,1596003072.661959
PIC_Lock,0,1596003072.7643301
PIC_Lock,0,1596003073.059635
PIC_Lock,0,1596003073.7597609
PIC_Lock,0,1596003074.460145
PIC_Lock,0,1596003074.85842
PIC_Lock,0,1596003075.4594932
PIC_Lock,0,1596003076.357334
PIC_Lock,0,1596003076.55741
PIC_Lock,0,1596003077.258208
PIC_Lock,0,1596003077.560545
PIC_Lock,0,1596003078.8548944
PIC_Lock,0,1596003080.05143
PIC_Lock,0,1596003081.0505269
PIC_Lock,0,1596003082.0497868
PIC_Lock,0,1596003082.349035
PIC_Lock,0,1596003082.74999
PIC_Lock,0,1596003082.950641
PIC_Lock,0,1596003083.249677
PIC_Lock,0,1596003084.347371
PIC_Lock,0,1596003084.851167
PIC_Lock,0,1596003087.2432034
PIC_Lock,0,1596003087.5427618
PIC_Lock,0,1596003087.644585
PIC_Lock,0,1596003088.942935
PIC_Lock,0,1596003091.8390641
PIC_Lock,0,1596003092.7401538
PIC_Lock,0,1596003092.838235
PIC_Lock,0,1596003093.23607
PIC_Lock,0,1596003093.337874
PIC_Lock,0,1596003094.3371782
PIC_Lock,0,1596003095.234282
PIC_Lock,0,1596003098.429162
PIC_Lock,0,1596003101.230531
PIC_Lock,0,1596003104.224629
PIC_Lock,0,1596003106.719003
PIC_Lock,0,1596003109.1191401
PIC_Lock,0,1596003109.21806
PIC_Lock,0,1596003109.319891
PIC_Lock,0,1596003110.418027
PIC_Lock,0,1596003111.1138618
PIC_Lock,0,1596003112.711246
PIC_Lock,0,1596003112.8135848
PIC_Lock,0,1596003114.3092768
PIC_Lock,0,1596003115.1076949
PIC_Lock,0,1596003115.6110542
PIC_Lock,0,1596003117.310892
PIC_Lock,0,1596003119.0028539
PIC_Lock,0,1596003120.0023491
PIC_Lock,0,1596003122.4019382
PIC_Lock,0,1596003123.999397
PIC_Lock,0,1596003124.9005408
PIC_Lock,0,1596003125.896114
PIC_Lock,0,1596003128.492725
PIC_Lock,0,1596003129.6927106
PIC_Lock,0,1596003129.890142
PIC_Lock,0,1596003130.7904088
PIC_Lock,0,1596003130.889523
PIC_Lock,0,1596003131.490701
PIC_Lock,0,1596003132.187559
PIC_Lock,0,1596003133.69019
PIC_Lock,0,1596003134.984511
PIC_Lock,0,1596003135.983985
PIC_Lock,0,1596003136.082616
PIC_Lock,0,1596003136.9833288
PIC_Lock,0,1596003139.08038
PIC_Lock,0,1596003140.8783329
PIC_Lock,0,1596003141.976508
PIC_Lock,0,1596003142.676567
PIC_Lock,0,1596003143.176399
PIC_Lock,0,1596003143.274778
PIC_Lock,0,1596003143.673098
PIC_Lock,0,1596003144.1721358
PIC_Lock,0,1596003145.171433
PIC_Lock,0,1596003145.273626
PIC_Lock,0,1596003145.371804
PIC_Lock,0,1596003148.369764
PIC_Lock,0,1596003149.369081
PIC_Lock,0,1596003149.566077
PIC_Lock,0,1596003149.8652651
PIC_Lock,0,1596003150.9664562
PIC_Lock,0,1596003153.260753
PIC_Lock,0,1596003154.759295
PIC_Lock,0,1596003154.960046
PIC_Lock,0,1596003156.0583308
PIC_Lock,0,1596003156.258732
PIC_Lock,0,1596003156.6600661
PIC_Lock,0,1596003156.8575609
PIC_Lock,0,1596003157.7578561
PIC_Lock,0,1596003158.8554602
PIC_Lock,0,1596003159.154309
PIC_Lock,0,1596003159.253292
PIC_Lock,0,1596003159.653885
PIC_Lock,0,1596003162.6519551
PIC_Lock,0,1596003163.647719
PIC_Lock,0,1596003164.847393
PIC_Lock,0,1596003166.3469179
PIC_Lock,0,1596003166.547164
PIC_Lock,0,1596003166.8460698
PIC_Lock,0,1596003167.6448789
PIC_Lock,0,1596003168.9432561
PIC_Lock,0,1596003169.443043
PIC_Lock,0,1596003170.442434
PIC_Lock,0,1596003173.2361758
PIC_Lock,0,1596003173.8378408
PIC_Lock,0,1596003174.63679
PIC_Lock,0,1596003177.532202
PIC_Lock,0,1596003178.2325382
PIC_Lock,0,1596003180.3297331
PIC_Lock,0,1596003180.829277
PIC_Lock,0,1596003180.9278018
PIC_Lock,0,1596003183.5245461
PIC_Lock,0,1596003185.023926
PIC_Lock,0,1596003185.6219046
PIC_Lock,0,1596003186.0231118
PIC_Lock,0,1596003186.621016
PIC_Lock,0,1596003189.516905
PIC_Lock,0,1596003189.91815
PIC_Lock,0,1596003190.020481
PIC_Lock,0,1596003192.3142242
PIC_Lock,0,1596003193.2117019
PIC_Lock,0,1596003193.5107539
PIC_Lock,0,1596003194.112292
PIC_Lock,0,1596003194.313007
PIC_Lock,0,1596003194.411358
PIC_Lock,0,1596003198.3067029
PIC_Lock,0,1596003198.405688
PIC_Lock,0,1596003199.805701
PIC_Lock,0,1596003201.402935
PIC_Lock,0,1596003201.5014234
PIC_Lock,0,1596003201.702063
PIC_Lock,0,1596003202.599308
PIC_Lock,0,1596003203.700822
PIC_Lock,0,1596003204.900808
PIC_Lock,0,1596003206.698942
PIC_Lock,0,1596003206.797249
PIC_Lock,0,1596003208.0955179
PIC_Lock,0,1596003208.693551
PIC_Lock,0,1596003210.5904598
PIC_Lock,0,1596003210.6893358
PIC_Lock,0,1596003211.389589
PIC_Lock,0,1596003211.49101
PIC_Lock,0,1596003211.589609
PIC_Lock,0,1596003211.7903216
PIC_Lock,0,1596003212.089344
PIC_Lock,0,1596003212.389152
PIC_Lock,0,1596003212.789622
PIC_Lock,0,1596003212.986464
PIC_Lock,0,1596003215.284214
PIC_Lock,0,1596003216.0829034
PIC_Lock,0,1596003217.581725
PIC_Lock,0,1596003217.782291
PIC_Lock,0,1596003218.9788358
PIC_Lock,0,1596003219.9780102
PIC_Lock,0,1596003220.579713
PIC_Lock,0,1596003220.678451
PIC_Lock,0,1596003221.1780028
PIC_Lock,0,1596003221.3784199
PIC_Lock,0,1596003222.0751472
PIC_Lock,0,1596003227.669693
PIC_Lock,0,1596003228.0711892
PIC_Lock,0,1596003229.467814
PIC_Lock,0,1596003231.765505
PIC_Lock,0,1596003232.6628091
PIC_Lock,0,1596003232.8632526
PIC_Lock,0,1596003233.0639288
PIC_Lock,0,1596003235.7590652
PIC_Lock,0,1596003236.9591858
PIC_Lock,0,1596003237.258058
PIC_Lock,0,1596003238.7572222
PIC_Lock,0,1596003239.2531998
PIC_Lock,0,1596003240.5555024
PIC_Lock,0,1596003243.651658
PIC_Lock,0,1596003245.9459019
PIC_Lock,0,1596003246.0478392
PIC_Lock,0,1596003247.346663
PIC_Lock,0,1596003249.341352
PIC_Lock,0,1596003250.541151
PIC_Lock,0,1596003251.139997
PIC_Lock,0,1596003254.3379874
PIC_Lock,0,1596003258.4336991
PIC_Lock,0,1596003258.630343
PIC_Lock,0,1596003262.1281438
PIC_Lock,0,1596003262.6278431
PIC_Lock,0,1596003262.926799
PIC_Lock,0,1596003263.9261591
PIC_Lock,0,1596003264.024738
PIC_Lock,0,1596003265.224575
PIC_Lock,0,1596003265.822916
PIC_Lock,0,1596003267.219646
PIC_Lock,0,1596003269.717835
PIC_Lock,0,1596003269.816714
PIC_Lock,0,1596003270.717221
PIC_Lock,0,1596003272.413337
PIC_Lock,0,1596003272.814275
PIC_Lock,0,1596003274.411576
PIC_Lock,0,1596003274.812973
PIC_Lock,0,1596003276.4103632
PIC_Lock,0,1596003276.709583
PIC_Lock,0,1596003277.107098
PIC_Lock,0,1596003277.3075519
PIC_Lock,0,1596003278.106457
PIC_Lock,0,1596003278.708152
PIC_Lock,0,1596003279.10636
PIC_Lock,0,1596003282.402674
PIC_Lock,0,1596003282.500999
PIC_Lock,0,1596003284.700505
PIC_Lock,0,1596003285.298439
PIC_Lock,0,1596003286.899958
PIC_Lock,0,1596003287.297208
PIC_Lock,0,1596003287.5966198
PIC_Lock,0,1596003288.3948061
PIC_Lock,0,1596003290.193044
PIC_Lock,0,1596003290.8900962
PIC_Lock,0,1596003291.8897548
PIC_Lock,0,1596003292.78999
PIC_Lock,0,1596003292.888345
PIC_Lock,0,1596003293.191134
PIC_Lock,0,1596003294.587975
PIC_Lock,0,1596003294.788672
PIC_Lock,0,1596003295.5873551
PIC_Lock,0,1596003296.484242
PIC_Lock,0,1596003297.2830858
PIC_Lock,0,1596003298.180275
PIC_Lock,0,1596003299.179691
PIC_Lock,0,1596003299.3800268
PIC_Lock,0,1596003299.478791
PIC_Lock,0,1596003300.6783636
PIC_Lock,0,1596003300.879112
PIC_Lock,0,1596003301.1781552
PIC_Lock,0,1596003302.3781679
PIC_Lock,0,1596003302.677189
PIC_Lock,0,1596003303.676672
PIC_Lock,0,1596003304.074207
PIC_Lock,0,1596003304.673242
PIC_Lock,0,1596003304.7744908
PIC_Lock,0,1596003306.3719132
PIC_Lock,0,1596003308.7680619
PIC_Lock,0,1596003309.0708532
PIC_Lock,0,1596003309.267411
PIC_Lock,0,1596003310.7665658
PIC_Lock,0,1596003311.167852
PIC_Lock,0,1596003311.466871
PIC_Lock,0,1596003313.064331
PIC_Lock,0,1596003313.163115
PIC_Lock,0,1596003313.4618828
PIC_Lock,0,1596003314.362609
PIC_Lock,0,1596003314.563317
PIC_Lock,0,1596003317.758198
PIC_Lock,0,1596003319.1589818
PIC_Lock,0,1596003320.355159
PIC_Lock,0,1596003323.54981
PIC_Lock,0,1596003324.0494552
PIC_Lock,0,1596003324.151658
PIC_Lock,0,1596003326.445819
PIC_Lock,0,1596003326.646158
PIC_Lock,0,1596003328.0469232
PIC_Lock,0,1596003328.845524
PIC_Lock,0,1596003329.4435198
PIC_Lock,0,1596003330.041992
PIC_Lock,0,1596003330.4429162
PIC_Lock,0,1596003331.1399171
PIC_Lock,0,1596003331.7413828
PIC_Lock,0,1596003332.339548
PIC_Lock,0,1596003332.540214
PIC_Lock,0,1596003333.539677
PIC_Lock,0,1596003334.039356
PIC_Lock,0,1596003337.3326519
PIC_Lock,0,1596003337.7336352
PIC_Lock,0,1596003340.6298368
PIC_Lock,0,1596003340.830025
PIC_Lock,0,1596003341.129071
PIC_Lock,0,1596003343.328522
PIC_Lock,0,1596003344.226229
PIC_Lock,0,1596003344.426235
PIC_Lock,0,1596003345.224921
PIC_Lock,0,1596003346.523408
PIC_Lock,0,1596003346.720777
PIC_Lock,0,1596003346.920809
PIC_Lock,0,1596003347.3223062
PIC_Lock,0,1596003348.2194526
PIC_Lock,0,1596003348.722825
PIC_Lock,0,1596003349.816858
PIC_Lock,0,1596003350.6155212
PIC_Lock,0,1596003350.717525
PIC_Lock,0,1596003351.516681
PIC_Lock,0,1596003352.019954
PIC_Lock,0,1596003352.314883
PIC_Lock,0,1596003352.9133694
PIC_Lock,0,1596003355.611986
PIC_Lock,0,1596003355.9109929
PIC_Lock,0,1596003360.306009
PIC_Lock,0,1596003361.2029688
PIC_Lock,0,1596003363.901999
PIC_Lock,0,1596003366.5975614
PIC_Lock,0,1596003366.7977722
PIC_Lock,0,1596003367.199251
PIC_Lock,0,1596003371.3933704
PIC_Lock,0,1596003372.1891286
PIC_Lock,0,1596003372.6887536
PIC_Lock,0,1596003373.1885388
PIC_Lock,0,1596003373.2897534
PIC_Lock,0,1596003373.588931
PIC_Lock,0,1596003373.986624
PIC_Lock,0,1596003374.0886571
PIC_Lock,0,1596003374.387649
PIC_Lock,0,1596003374.5883482
PIC_Lock,0,1596003375.9852748
PIC_Lock,0,1596003376.484562
PIC_Lock,0,1596003376.6893551
PIC_Lock,0,1596003376.885868
PIC_Lock,0,1596003379.482801
PIC_Lock,0,1596003379.781666
PIC_Lock,0,1596003380.580401
PIC_Lock,0,1596003382.177799
PIC_Lock,0,1596003383.2758558
PIC_Lock,0,1596003383.578443
PIC_Lock,0,1596003384.47596
PIC_Lock,0,1596003384.573925
PIC_Lock,0,1596003385.7739232
PIC_Lock,0,1596003387.7691472
PIC_Lock,0,1596003387.871283
PIC_Lock,0,1596003388.571708
PIC_Lock,0,1596003389.3700988
PIC_Lock,0,1596003390.066488
PIC_Lock,0,1596003392.466589
PIC_Lock,0,1596003392.564766
PIC_Lock,0,1596003393.462276
PIC_Lock,0,1596003394.563652
PIC_Lock,0,1596003395.1616518
PIC_Lock,0,1596003395.661365
PIC_Lock,0,1596003396.4601548
PIC_Lock,0,1596003396.9600391
PIC_Lock,0,1596003397.857089
PIC_Lock,0,1596003398.458838
PIC_Lock,0,1596003400.5561225
PIC_Lock,0,1596003401.055864
PIC_Lock,0,1596003401.252512
PIC_Lock,0,1596003401.952595
PIC_Lock,0,1596003402.7516801
PIC_Lock,0,1596003403.152668
PIC_Lock,0,1596003403.750746
PIC_Lock,0,1596003404.9506721
PIC_Lock,0,1596003406.7488241
PIC_Lock,0,1596003408.346294
PIC_Lock,0,1596003409.0429618
PIC_Lock,0,1596003412.3399901
PIC_Lock,0,1596003412.442004
PIC_Lock,0,1596003413.737577
PIC_Lock,0,1596003417.3331358
PIC_Lock,0,1596003417.434911
PIC_Lock,0,1596003419.1306438
PIC_Lock,0,1596003419.929777
PIC_Lock,0,1596003420.9287179
PIC_Lock,0,1596003421.0311038
PIC_Lock,0,1596003421.2281141
PIC_Lock,0,1596003421.5271142
PIC_Lock,0,1596003422.927443
PIC_Lock,0,1596003423.226593
PIC_Lock,0,1596003423.926872
PIC_Lock,0,1596003426.5238721
PIC_Lock,0,1596003426.6227992
PIC_Lock,0,1596003427.9205391
PIC_Lock,0,1596003428.0189419
PIC_Lock,0,1596003429.3173492
PIC_Lock,0,1596003429.419412
PIC_Lock,0,1596003429.817047
PIC_Lock,0,1596003429.9190578
PIC_Lock,0,1596003430.119751
PIC_Lock,0,1596003431.119124
PIC_Lock,0,1596003431.21746
PIC_Lock,0,1596003432.417655
PIC_Lock,0,1596003433.8142529
PIC_Lock,0,1596003434.0114539
PIC_Lock,0,1596003436.910816
PIC_Lock,0,1596003438.1070874
PIC_Lock,0,1596003439.4055321
PIC_Lock,0,1596003439.708292
PIC_Lock,0,1596003445.598439
PIC_Lock,0,1596003445.6967976
PIC_Lock,0,1596003445.798783
PIC_Lock,0,1596003446.7980971
PIC_Lock,0,1596003447.2978492
PIC_Lock,0,1596003447.5972881
PIC_Lock,0,1596003448.096641
PIC_Lock,0,1596003449.394837
PIC_Lock,0,1596003450.1936631
PIC_Lock,0,1596003452.4914632
PIC_Lock,0,1596003454.1873279
PIC_Lock,0,1596003454.686903
PIC_Lock,0,1596003454.9862132
PIC_Lock,0,1596003455.5882616
PIC_Lock,0,1596003457.582861
PIC_Lock,0,1596003461.2774432
PIC_Lock,0,1596003463.7755392
PIC_Lock,0,1596003463.976526
PIC_Lock,0,1596003472.6676052
PIC_Lock,0,1596003474.662291
PIC_Lock,0,1596003474.8629296
PIC_Lock,0,1596003474.96165
PIC_Lock,0,1596003475.1619349
PIC_Lock,0,1596003475.46106
PIC_Lock,0,1596003475.559808
PIC_Lock,0,1596003476.0593722
PIC_Lock,0,1596003477.7586699
PIC_Lock,0,1596003478.557565
PIC_Lock,0,1596003479.356172
PIC_Lock,0,1596003480.05653
PIC_Lock,0,1596003481.9537091
PIC_Lock,0,1596003482.05165
PIC_Lock,0,1596003484.349334
PIC_Lock,0,1596003486.048906
PIC_Lock,0,1596003486.147391
PIC_Lock,0,1596003486.9457722
PIC_Lock,0,1596003487.245088
PIC_Lock,0,1596003487.347114
PIC_Lock,0,1596003488.047432
PIC_Lock,0,1596003489.644916
PIC_Lock,0,1596003490.1445498
PIC_Lock,0,1596003492.0412226
PIC_Lock,0,1596003492.8397741
PIC_Lock,0,1596003493.238063
PIC_Lock,0,1596003493.3393981
PIC_Lock,0,1596003493.7377448
PIC_Lock,0,1596003495.338162
PIC_Lock,0,1596003498.7336252
PIC_Lock,0,1596003502.329827
PIC_Lock,0,1596003502.4280438
PIC_Lock,0,1596003502.628839
PIC_Lock,0,1596003502.825781
PIC_Lock,0,1596003504.7259052
PIC_Lock,0,1596003506.024184
PIC_Lock,0,1596003506.422081
PIC_Lock,0,1596003507.322651
PIC_Lock,0,1596003508.0231462
PIC_Lock,0,1596003508.6212802
PIC_Lock,0,1596003511.0171242
PIC_Lock,0,1596003514.912205
PIC_Lock,0,1596003517.2099302
PIC_Lock,0,1596003521.204538
PIC_Lock,0,1596003521.904175
PIC_Lock,0,1596003522.903353
PIC_Lock,0,1596003524.7013369
PIC_Lock,0,1596003525.2009714
PIC_Lock,0,1596003525.499975
PIC_Lock,0,1596003525.7006311
PIC_Lock,0,1596003526.298776
PIC_Lock,0,1596003526.59776
PIC_Lock,0,1596003526.7985
PIC_Lock,0,1596003528.195543
PIC_Lock,0,1596003529.293442
PIC_Lock,0,1596003529.894953
PIC_Lock,0,1596003531.8900099
PIC_Lock,0,1596003532.991468
PIC_Lock,0,1596003534.1884189
PIC_Lock,0,1596003534.887954
PIC_Lock,0,1596003535.6867821
PIC_Lock,0,1596003536.8867712
PIC_Lock,0,1596003537.6851606
PIC_Lock,0,1596003538.983594
PIC_Lock,0,1596003539.081998
PIC_Lock,0,1596003542.576058
PIC_Lock,0,1596003542.776927
