RKE_CMD,0,1596002992.1618779
RKE_CMD,0,1596002993.660887
RKE_CMD,0,1596002994.058298
RKE_CMD,0,1596002994.259072
RKE_CMD,0,1596002994.5580091
RKE_CMD,0,1596002994.9593642
RKE_CMD,0,1596002995.1599226
RKE_CMD,0,1596002996.454644
RKE_CMD,0,1596002996.757656
RKE_CMD,0,1596002997.3594131
RKE_CMD,0,1596002998.1540768
RKE_CMD,0,1596002998.252691
RKE_CMD,0,1596002999.051371
RKE_CMD,0,1596003000.349793
RKE_CMD,0,1596003000.951548
RKE_CMD,0,1596003001.9472508
RKE_CMD,0,1596003002.450714
RKE_CMD,0,1596003004.0481448
RKE_CMD,0,1596003005.944386
RKE_CMD,0,1596003007.742631
RKE_CMD,0,1596003007.943146
RKE_CMD,0,1596003008.041576
RKE_CMD,0,1596003009.540936
RKE_CMD,0,1596003011.1380944
RKE_CMD,0,1596003012.13804
RKE_CMD,0,1596003013.235067
RKE_CMD,0,1596003013.333471
RKE_CMD,0,1596003015.033205
RKE_CMD,0,1596003015.233904
RKE_CMD,0,1596003016.2296581
RKE_CMD,0,1596003016.3316462
RKE_CMD,0,1596003017.429457
RKE_CMD,0,1596003019.129211
RKE_CMD,0,1596003019.927742
RKE_CMD,0,1596003022.5245252
RKE_CMD,0,1596003023.2249901
RKE_CMD,0,1596003024.1220891
RKE_CMD,0,1596003025.4204369
RKE_CMD,0,1596003026.219061
RKE_CMD,0,1596003028.021129
RKE_CMD,0,1596003028.1195366
RKE_CMD,0,1596003033.309609
RKE_CMD,0,1596003033.8090749
RKE_CMD,0,1596003035.410143
RKE_CMD,0,1596003036.2089071
RKE_CMD,0,1596003039.104553
RKE_CMD,0,1596003043.0981374
RKE_CMD,0,1596003043.4994519
RKE_CMD,0,1596003045.395804
RKE_CMD,0,1596003048.291733
RKE_CMD,0,1596003050.388891
RKE_CMD,0,1596003051.290011
RKE_CMD,0,1596003052.490113
RKE_CMD,0,1596003055.382056
RKE_CMD,0,1596003055.4840162
RKE_CMD,0,1596003057.880063
RKE_CMD,0,1596003058.580385
RKE_CMD,0,1596003061.5744882
RKE_CMD,0,1596003061.6770294
RKE_CMD,0,1596003062.3741894
RKE_CMD,0,1596003062.5742679
RKE_CMD,0,1596003063.573529
RKE_CMD,0,1596003063.672232
RKE_CMD,0,1596003064.572885
RKE_CMD,0,1596003065.9698038
RKE_CMD,0,1596003067.468624
RKE_CMD,0,1596003069.1644561
RKE_CMD,0,1596003072.661959
RKE_CMD,0,1596003072.7643301
RKE_CMD,0,1596003073.059635
RKE_CMD,0,1596003073.7597609
RKE_CMD,0,1596003074.460145
RKE_CMD,0,1596003074.85842
RKE_CMD,0,1596003075.4594932
RKE_CMD,0,1596003076.357334
RKE_CMD,0,1596003076.55741
RKE_CMD,0,1596003077.258208
RKE_CMD,0,1596003077.560545
RKE_CMD,0,1596003078.8548944
RKE_CMD,0,1596003080.05143
RKE_CMD,0,1596003081.0505269
RKE_CMD,0,1596003082.0497868
RKE_CMD,0,1596003082.349035
RKE_CMD,0,1596003082.74999
RKE_CMD,0,1596003082.950641
RKE_CMD,0,1596003083.249677
RKE_CMD,0,1596003084.347371
RKE_CMD,0,1596003084.851167
RKE_CMD,0,1596003087.2432034
RKE_CMD,0,1596003087.5427618
RKE_CMD,0,1596003087.644585
RKE_CMD,0,1596003088.942935
RKE_CMD,0,1596003091.8390641
RKE_CMD,0,1596003092.7401538
RKE_CMD,0,1596003092.838235
RKE_CMD,0,1596003093.23607
RKE_CMD,0,1596003093.337874
RKE_CMD,0,1596003094.3371782
RKE_CMD,0,1596003095.234282
RKE_CMD,0,1596003098.429162
RKE_CMD,0,1596003101.230531
RKE_CMD,0,1596003104.224629
RKE_CMD,0,1596003106.719003
RKE_CMD,0,1596003109.1191401
RKE_CMD,0,1596003109.21806
RKE_CMD,0,1596003109.319891
RKE_CMD,0,1596003110.418027
RKE_CMD,0,1596003111.1138618
RKE_CMD,0,1596003112.711246
RKE_CMD,0,1596003112.8135848
RKE_CMD,0,1596003114.3092768
RKE_CMD,0,1596003115.1076949
RKE_CMD,0,1596003115.6110542
RKE_CMD,0,1596003117.310892
RKE_CMD,0,1596003119.0028539
RKE_CMD,0,1596003120.0023491
RKE_CMD,0,1596003122.4019382
RKE_CMD,0,1596003123.999397
RKE_CMD,0,1596003124.9005408
RKE_CMD,0,1596003125.896114
RKE_CMD,0,1596003128.492725
RKE_CMD,0,1596003129.6927106
RKE_CMD,0,1596003129.890142
RKE_CMD,0,1596003130.7904088
RKE_CMD,0,1596003130.889523
RKE_CMD,0,1596003131.490701
RKE_CMD,0,1596003132.187559
RKE_CMD,0,1596003133.69019
RKE_CMD,0,1596003134.984511
RKE_CMD,0,1596003135.983985
RKE_CMD,0,1596003136.082616
RKE_CMD,0,1596003136.9833288
RKE_CMD,0,1596003139.08038
RKE_CMD,0,1596003140.8783329
RKE_CMD,0,1596003141.976508
RKE_CMD,0,1596003142.676567
RKE_CMD,0,1596003143.176399
RKE_CMD,0,1596003143.274778
RKE_CMD,0,1596003143.673098
RKE_CMD,0,1596003144.1721358
RKE_CMD,0,1596003145.171433
RKE_CMD,0,1596003145.273626
RKE_CMD,0,1596003145.371804
RKE_CMD,0,1596003148.369764
RKE_CMD,0,1596003149.369081
RKE_CMD,0,1596003149.566077
RKE_CMD,0,1596003149.8652651
RKE_CMD,0,1596003150.9664562
RKE_CMD,0,1596003153.260753
RKE_CMD,0,1596003154.759295
RKE_CMD,0,1596003154.960046
RKE_CMD,0,1596003156.0583308
RKE_CMD,0,1596003156.258732
RKE_CMD,0,1596003156.6600661
RKE_CMD,0,1596003156.8575609
RKE_CMD,0,1596003157.7578561
RKE_CMD,0,1596003158.8554602
RKE_CMD,0,1596003159.154309
RKE_CMD,0,1596003159.253292
RKE_CMD,0,1596003159.653885
RKE_CMD,0,1596003162.6519551
RKE_CMD,0,1596003163.647719
RKE_CMD,0,1596003164.847393
RKE_CMD,0,1596003166.3469179
RKE_CMD,0,1596003166.547164
RKE_CMD,0,1596003166.8460698
RKE_CMD,0,1596003167.6448789
RKE_CMD,0,1596003168.9432561
RKE_CMD,0,1596003169.443043
RKE_CMD,0,1596003170.442434
RKE_CMD,0,1596003173.2361758
RKE_CMD,0,1596003173.8378408
RKE_CMD,0,1596003174.63679
RKE_CMD,0,1596003177.532202
RKE_CMD,0,1596003178.2325382
RKE_CMD,0,1596003180.3297331
RKE_CMD,0,1596003180.829277
RKE_CMD,0,1596003180.9278018
RKE_CMD,0,1596003183.5245461
RKE_CMD,0,1596003185.023926
RKE_CMD,0,1596003185.6219046
RKE_CMD,0,1596003186.0231118
RKE_CMD,0,1596003186.621016
RKE_CMD,0,1596003189.516905
RKE_CMD,0,1596003189.91815
RKE_CMD,0,1596003190.020481
RKE_CMD,0,1596003192.3142242
RKE_CMD,0,1596003193.2117019
RKE_CMD,0,1596003193.5107539
RKE_CMD,0,1596003194.112292
RKE_CMD,0,1596003194.313007
RKE_CMD,0,1596003194.411358
RKE_CMD,0,1596003198.3067029
RKE_CMD,0,1596003198.405688
RKE_CMD,0,1596003199.805701
RKE_CMD,0,1596003201.402935
RKE_CMD,0,1596003201.5014234
RKE_CMD,0,1596003201.702063
RKE_CMD,0,1596003202.599308
RKE_CMD,0,1596003203.700822
RKE_CMD,0,1596003204.900808
RKE_CMD,0,1596003206.698942
RKE_CMD,0,1596003206.797249
RKE_CMD,0,1596003208.0955179
RKE_CMD,0,1596003208.693551
RKE_CMD,0,1596003210.5904598
RKE_CMD,0,1596003210.6893358
RKE_CMD,0,1596003211.389589
RKE_CMD,0,1596003211.49101
RKE_CMD,0,1596003211.589609
RKE_CMD,0,1596003211.7903216
RKE_CMD,0,1596003212.089344
RKE_CMD,0,1596003212.389152
RKE_CMD,0,1596003212.789622
RKE_CMD,0,1596003212.986464
RKE_CMD,0,1596003215.284214
RKE_CMD,0,1596003216.0829034
RKE_CMD,0,1596003217.581725
RKE_CMD,0,1596003217.782291
RKE_CMD,0,1596003218.9788358
RKE_CMD,0,1596003219.9780102
RKE_CMD,0,1596003220.579713
RKE_CMD,0,1596003220.678451
RKE_CMD,0,1596003221.1780028
RKE_CMD,0,1596003221.3784199
RKE_CMD,0,1596003222.0751472
RKE_CMD,0,1596003227.669693
RKE_CMD,0,1596003228.0711892
RKE_CMD,0,1596003229.467814
RKE_CMD,0,1596003231.765505
RKE_CMD,0,1596003232.6628091
RKE_CMD,0,1596003232.8632526
RKE_CMD,0,1596003233.0639288
RKE_CMD,0,1596003235.7590652
RKE_CMD,0,1596003236.9591858
RKE_CMD,0,1596003237.258058
RKE_CMD,0,1596003238.7572222
RKE_CMD,0,1596003239.2531998
RKE_CMD,0,1596003240.5555024
RKE_CMD,0,1596003243.651658
RKE_CMD,0,1596003245.9459019
RKE_CMD,0,1596003246.0478392
RKE_CMD,0,1596003247.346663
RKE_CMD,0,1596003249.341352
RKE_CMD,0,1596003250.541151
RKE_CMD,0,1596003251.139997
RKE_CMD,0,1596003254.3379874
RKE_CMD,0,1596003258.4336991
RKE_CMD,0,1596003258.630343
RKE_CMD,0,1596003262.1281438
RKE_CMD,0,1596003262.6278431
RKE_CMD,0,1596003262.926799
RKE_CMD,0,1596003263.9261591
RKE_CMD,0,1596003264.024738
RKE_CMD,0,1596003265.224575
RKE_CMD,0,1596003265.822916
RKE_CMD,0,1596003267.219646
RKE_CMD,0,1596003269.717835
RKE_CMD,0,1596003269.816714
RKE_CMD,0,1596003270.717221
RKE_CMD,0,1596003272.413337
RKE_CMD,0,1596003272.814275
RKE_CMD,0,1596003274.411576
RKE_CMD,0,1596003274.812973
RKE_CMD,0,1596003276.4103632
RKE_CMD,0,1596003276.709583
RKE_CMD,0,1596003277.107098
RKE_CMD,0,1596003277.3075519
RKE_CMD,0,1596003278.106457
RKE_CMD,0,1596003278.708152
RKE_CMD,0,1596003279.10636
RKE_CMD,0,1596003282.402674
RKE_CMD,0,1596003282.500999
RKE_CMD,0,1596003284.700505
RKE_CMD,0,1596003285.298439
RKE_CMD,0,1596003286.899958
RKE_CMD,0,1596003287.297208
RKE_CMD,0,1596003287.5966198
RKE_CMD,0,1596003288.3948061
RKE_CMD,0,1596003290.193044
RKE_CMD,0,1596003290.8900962
RKE_CMD,0,1596003291.8897548
RKE_CMD,0,1596003292.78999
RKE_CMD,0,1596003292.888345
RKE_CMD,0,1596003293.191134
RKE_CMD,0,1596003294.587975
RKE_CMD,0,1596003294.788672
RKE_CMD,0,1596003295.5873551
RKE_CMD,0,1596003296.484242
RKE_CMD,0,1596003297.2830858
RKE_CMD,0,1596003298.180275
RKE_CMD,0,1596003299.179691
RKE_CMD,0,1596003299.3800268
RKE_CMD,0,1596003299.478791
RKE_CMD,0,1596003300.6783636
RKE_CMD,0,1596003300.879112
RKE_CMD,0,1596003301.1781552
RKE_CMD,0,1596003302.3781679
RKE_CMD,0,1596003302.677189
RKE_CMD,0,1596003303.676672
RKE_CMD,0,1596003304.074207
RKE_CMD,0,1596003304.673242
RKE_CMD,0,1596003304.7744908
RKE_CMD,0,1596003306.3719132
RKE_CMD,0,1596003308.7680619
RKE_CMD,0,1596003309.0708532
RKE_CMD,0,1596003309.267411
RKE_CMD,0,1596003310.7665658
RKE_CMD,0,1596003311.167852
RKE_CMD,0,1596003311.466871
RKE_CMD,0,1596003313.064331
RKE_CMD,0,1596003313.163115
RKE_CMD,0,1596003313.4618828
RKE_CMD,0,1596003314.362609
RKE_CMD,0,1596003314.563317
RKE_CMD,0,1596003317.758198
RKE_CMD,0,1596003319.1589818
RKE_CMD,0,1596003320.355159
RKE_CMD,0,1596003323.54981
RKE_CMD,0,1596003324.0494552
RKE_CMD,0,1596003324.151658
RKE_CMD,0,1596003326.445819
RKE_CMD,0,1596003326.646158
RKE_CMD,0,1596003328.0469232
RKE_CMD,0,1596003328.845524
RKE_CMD,0,1596003329.4435198
RKE_CMD,0,1596003330.041992
RKE_CMD,0,1596003330.4429162
RKE_CMD,0,1596003331.1399171
RKE_CMD,0,1596003331.7413828
RKE_CMD,0,1596003332.339548
RKE_CMD,0,1596003332.540214
RKE_CMD,0,1596003333.539677
RKE_CMD,0,1596003334.039356
RKE_CMD,0,1596003337.3326519
RKE_CMD,0,1596003337.7336352
RKE_CMD,0,1596003340.6298368
RKE_CMD,0,1596003340.830025
RKE_CMD,0,1596003341.129071
RKE_CMD,0,1596003343.328522
RKE_CMD,0,1596003344.226229
RKE_CMD,0,1596003344.426235
RKE_CMD,0,1596003345.224921
RKE_CMD,0,1596003346.523408
RKE_CMD,0,1596003346.720777
RKE_CMD,0,1596003346.920809
RKE_CMD,0,1596003347.3223062
RKE_CMD,0,1596003348.2194526
RKE_CMD,0,1596003348.722825
RKE_CMD,0,1596003349.816858
RKE_CMD,0,1596003350.6155212
RKE_CMD,0,1596003350.717525
RKE_CMD,0,1596003351.516681
RKE_CMD,0,1596003352.019954
RKE_CMD,0,1596003352.314883
RKE_CMD,0,1596003352.9133694
RKE_CMD,0,1596003355.611986
RKE_CMD,0,1596003355.9109929
RKE_CMD,0,1596003360.306009
RKE_CMD,0,1596003361.2029688
RKE_CMD,0,1596003363.901999
RKE_CMD,0,1596003366.5975614
RKE_CMD,0,1596003366.7977722
RKE_CMD,0,1596003367.199251
RKE_CMD,0,1596003371.3933704
RKE_CMD,0,1596003372.1891286
RKE_CMD,0,1596003372.6887536
RKE_CMD,0,1596003373.1885388
RKE_CMD,0,1596003373.2897534
RKE_CMD,0,1596003373.588931
RKE_CMD,0,1596003373.986624
RKE_CMD,0,1596003374.0886571
RKE_CMD,0,1596003374.387649
RKE_CMD,0,1596003374.5883482
RKE_CMD,0,1596003375.9852748
RKE_CMD,0,1596003376.484562
RKE_CMD,0,1596003376.6893551
RKE_CMD,0,1596003376.885868
RKE_CMD,0,1596003379.482801
RKE_CMD,0,1596003379.781666
RKE_CMD,0,1596003380.580401
RKE_CMD,0,1596003382.177799
RKE_CMD,0,1596003383.2758558
RKE_CMD,0,1596003383.578443
RKE_CMD,0,1596003384.47596
RKE_CMD,0,1596003384.573925
RKE_CMD,0,1596003385.7739232
RKE_CMD,0,1596003387.7691472
RKE_CMD,0,1596003387.871283
RKE_CMD,0,1596003388.571708
RKE_CMD,0,1596003389.3700988
RKE_CMD,0,1596003390.066488
RKE_CMD,0,1596003392.466589
RKE_CMD,0,1596003392.564766
RKE_CMD,0,1596003393.462276
RKE_CMD,0,1596003394.563652
RKE_CMD,0,1596003395.1616518
RKE_CMD,0,1596003395.661365
RKE_CMD,0,1596003396.4601548
RKE_CMD,0,1596003396.9600391
RKE_CMD,0,1596003397.857089
RKE_CMD,0,1596003398.458838
RKE_CMD,0,1596003400.5561225
RKE_CMD,0,1596003401.055864
RKE_CMD,0,1596003401.252512
RKE_CMD,0,1596003401.952595
RKE_CMD,0,1596003402.7516801
RKE_CMD,0,1596003403.152668
RKE_CMD,0,1596003403.750746
RKE_CMD,0,1596003404.9506721
RKE_CMD,0,1596003406.7488241
RKE_CMD,0,1596003408.346294
RKE_CMD,0,1596003409.0429618
RKE_CMD,0,1596003412.3399901
RKE_CMD,0,1596003412.442004
RKE_CMD,0,1596003413.737577
RKE_CMD,0,1596003417.3331358
RKE_CMD,0,1596003417.434911
RKE_CMD,0,1596003419.1306438
RKE_CMD,0,1596003419.929777
RKE_CMD,0,1596003420.9287179
RKE_CMD,0,1596003421.0311038
RKE_CMD,0,1596003421.2281141
RKE_CMD,0,1596003421.5271142
RKE_CMD,0,1596003422.927443
RKE_CMD,0,1596003423.226593
RKE_CMD,0,1596003423.926872
RKE_CMD,0,1596003426.5238721
RKE_CMD,0,1596003426.6227992
RKE_CMD,0,1596003427.9205391
RKE_CMD,0,1596003428.0189419
RKE_CMD,0,1596003429.3173492
RKE_CMD,0,1596003429.419412
RKE_CMD,0,1596003429.817047
RKE_CMD,0,1596003429.9190578
RKE_CMD,0,1596003430.119751
RKE_CMD,0,1596003431.119124
RKE_CMD,0,1596003431.21746
RKE_CMD,0,1596003432.417655
RKE_CMD,0,1596003433.8142529
RKE_CMD,0,1596003434.0114539
RKE_CMD,0,1596003436.910816
RKE_CMD,0,1596003438.1070874
RKE_CMD,0,1596003439.4055321
RKE_CMD,0,1596003439.708292
RKE_CMD,0,1596003445.598439
RKE_CMD,0,1596003445.6967976
RKE_CMD,0,1596003445.798783
RKE_CMD,0,1596003446.7980971
RKE_CMD,0,1596003447.2978492
RKE_CMD,0,1596003447.5972881
RKE_CMD,0,1596003448.096641
RKE_CMD,0,1596003449.394837
RKE_CMD,0,1596003450.1936631
RKE_CMD,0,1596003452.4914632
RKE_CMD,0,1596003454.1873279
RKE_CMD,0,1596003454.686903
RKE_CMD,0,1596003454.9862132
RKE_CMD,0,1596003455.5882616
RKE_CMD,0,1596003457.582861
RKE_CMD,0,1596003461.2774432
RKE_CMD,0,1596003463.7755392
RKE_CMD,0,1596003463.976526
RKE_CMD,0,1596003472.6676052
RKE_CMD,0,1596003474.662291
RKE_CMD,0,1596003474.8629296
RKE_CMD,0,1596003474.96165
RKE_CMD,0,1596003475.1619349
RKE_CMD,0,1596003475.46106
RKE_CMD,0,1596003475.559808
RKE_CMD,0,1596003476.0593722
RKE_CMD,0,1596003477.7586699
RKE_CMD,0,1596003478.557565
RKE_CMD,0,1596003479.356172
RKE_CMD,0,1596003480.05653
RKE_CMD,0,1596003481.9537091
RKE_CMD,0,1596003482.05165
RKE_CMD,0,1596003484.349334
RKE_CMD,0,1596003486.048906
RKE_CMD,0,1596003486.147391
RKE_CMD,0,1596003486.9457722
RKE_CMD,0,1596003487.245088
RKE_CMD,0,1596003487.347114
RKE_CMD,0,1596003488.047432
RKE_CMD,0,1596003489.644916
RKE_CMD,0,1596003490.1445498
RKE_CMD,0,1596003492.0412226
RKE_CMD,0,1596003492.8397741
RKE_CMD,0,1596003493.238063
RKE_CMD,0,1596003493.3393981
RKE_CMD,0,1596003493.7377448
RKE_CMD,0,1596003495.338162
RKE_CMD,0,1596003498.7336252
RKE_CMD,0,1596003502.329827
RKE_CMD,0,1596003502.4280438
RKE_CMD,0,1596003502.628839
RKE_CMD,0,1596003502.825781
RKE_CMD,0,1596003504.7259052
RKE_CMD,0,1596003506.024184
RKE_CMD,0,1596003506.422081
RKE_CMD,0,1596003507.322651
RKE_CMD,0,1596003508.0231462
RKE_CMD,0,1596003508.6212802
RKE_CMD,0,1596003511.0171242
RKE_CMD,0,1596003514.912205
RKE_CMD,0,1596003517.2099302
RKE_CMD,0,1596003521.204538
RKE_CMD,0,1596003521.904175
RKE_CMD,0,1596003522.903353
RKE_CMD,0,1596003524.7013369
RKE_CMD,0,1596003525.2009714
RKE_CMD,0,1596003525.499975
RKE_CMD,0,1596003525.7006311
RKE_CMD,0,1596003526.298776
RKE_CMD,0,1596003526.59776
RKE_CMD,0,1596003526.7985
RKE_CMD,0,1596003528.195543
RKE_CMD,0,1596003529.293442
RKE_CMD,0,1596003529.894953
RKE_CMD,0,1596003531.8900099
RKE_CMD,0,1596003532.991468
RKE_CMD,0,1596003534.1884189
RKE_CMD,0,1596003534.887954
RKE_CMD,0,1596003535.6867821
RKE_CMD,0,1596003536.8867712
RKE_CMD,0,1596003537.6851606
RKE_CMD,0,1596003538.983594
RKE_CMD,0,1596003539.081998
RKE_CMD,0,1596003542.576058
RKE_CMD,0,1596003542.776927
