CF_Clu_TripUnit,0,1594872751.284277
CF_Clu_TripUnit,0,1594872751.386131
CF_Clu_TripUnit,0,1594872751.4742012
CF_Clu_TripUnit,0,1594872752.1739671
CF_Clu_TripUnit,0,1594872752.473077
CF_Clu_TripUnit,0,1594872753.7753801
CF_Clu_TripUnit,0,1594872754.074444
CF_Clu_TripUnit,0,1594872754.672443
CF_Clu_TripUnit,0,1594872755.668478
CF_Clu_TripUnit,0,1594872756.2697618
CF_Clu_TripUnit,0,1594872756.368674
CF_Clu_TripUnit,0,1594872756.668218
CF_Clu_TripUnit,0,1594872756.8680859
CF_Clu_TripUnit,0,1594872756.97025
CF_Clu_TripUnit,0,1594872757.167108
CF_Clu_TripUnit,0,1594872757.265627
CF_Clu_TripUnit,0,1594872757.367748
CF_Clu_TripUnit,0,1594872757.666732
CF_Clu_TripUnit,0,1594872758.166344
CF_Clu_TripUnit,0,1594872758.2647939
CF_Clu_TripUnit,0,1594872758.563864
CF_Clu_TripUnit,0,1594872758.7643
CF_Clu_TripUnit,0,1594872759.063552
CF_Clu_TripUnit,0,1594872759.1655734
CF_Clu_TripUnit,0,1594872759.2638886
CF_Clu_TripUnit,0,1594872760.463926
CF_Clu_TripUnit,0,1594872760.56227
CF_Clu_TripUnit,0,1594872761.766644
CF_Clu_TripUnit,0,1594872761.864749
CF_Clu_TripUnit,0,1594872762.659287
CF_Clu_TripUnit,0,1594872762.958723
CF_Clu_TripUnit,0,1594872763.6586509
CF_Clu_TripUnit,0,1594872764.158335
CF_Clu_TripUnit,0,1594872764.7564194
CF_Clu_TripUnit,0,1594872764.8586118
CF_Clu_TripUnit,0,1594872765.0556748
CF_Clu_TripUnit,0,1594872765.6572812
CF_Clu_TripUnit,0,1594872765.956309
CF_Clu_TripUnit,0,1594872766.054708
CF_Clu_TripUnit,0,1594872766.157141
CF_Clu_TripUnit,0,1594872766.456086
CF_Clu_TripUnit,0,1594872767.0543418
CF_Clu_TripUnit,0,1594872768.155709
CF_Clu_TripUnit,0,1594872768.25429
CF_Clu_TripUnit,0,1594872768.55323
CF_Clu_TripUnit,0,1594872768.6522298
CF_Clu_TripUnit,0,1594872769.355903
CF_Clu_TripUnit,0,1594872769.55258
CF_Clu_TripUnit,0,1594872769.950042
CF_Clu_TripUnit,0,1594872770.5482602
CF_Clu_TripUnit,0,1594872771.2482162
CF_Clu_TripUnit,0,1594872771.448992
CF_Clu_TripUnit,0,1594872771.748393
CF_Clu_TripUnit,0,1594872771.9487226
CF_Clu_TripUnit,0,1594872772.145602
CF_Clu_TripUnit,0,1594872772.247494
CF_Clu_TripUnit,0,1594872772.346223
CF_Clu_TripUnit,0,1594872772.448255
CF_Clu_TripUnit,0,1594872772.6454148
CF_Clu_TripUnit,0,1594872772.7472694
CF_Clu_TripUnit,0,1594872773.046732
CF_Clu_TripUnit,0,1594872773.1449444
CF_Clu_TripUnit,0,1594872773.546211
CF_Clu_TripUnit,0,1594872773.6447418
CF_Clu_TripUnit,0,1594872773.746626
CF_Clu_TripUnit,0,1594872774.1479194
CF_Clu_TripUnit,0,1594872775.5410562
CF_Clu_TripUnit,0,1594872776.3436382
CF_Clu_TripUnit,0,1594872777.441525
CF_Clu_TripUnit,0,1594872777.6379762
CF_Clu_TripUnit,0,1594872778.338488
CF_Clu_TripUnit,0,1594872779.038485
CF_Clu_TripUnit,0,1594872779.137079
CF_Clu_TripUnit,0,1594872779.63675
CF_Clu_TripUnit,0,1594872779.837436
CF_Clu_TripUnit,0,1594872779.935783
CF_Clu_TripUnit,0,1594872780.2383661
CF_Clu_TripUnit,0,1594872780.537385
CF_Clu_TripUnit,0,1594872780.836416
CF_Clu_TripUnit,0,1594872781.135861
CF_Clu_TripUnit,0,1594872781.5367222
CF_Clu_TripUnit,0,1594872781.835881
CF_Clu_TripUnit,0,1594872782.533103
CF_Clu_TripUnit,0,1594872782.63454
CF_Clu_TripUnit,0,1594872782.831511
CF_Clu_TripUnit,0,1594872783.3347974
CF_Clu_TripUnit,0,1594872783.7325869
CF_Clu_TripUnit,0,1594872784.5350368
CF_Clu_TripUnit,0,1594872784.6334221
CF_Clu_TripUnit,0,1594872784.732403
CF_Clu_TripUnit,0,1594872785.128959
CF_Clu_TripUnit,0,1594872786.32885
CF_Clu_TripUnit,0,1594872786.6280801
CF_Clu_TripUnit,0,1594872786.927001
CF_Clu_TripUnit,0,1594872787.2261188
CF_Clu_TripUnit,0,1594872787.5289938
CF_Clu_TripUnit,0,1594872787.6272352
CF_Clu_TripUnit,0,1594872787.729687
CF_Clu_TripUnit,0,1594872787.8280902
CF_Clu_TripUnit,0,1594872787.9262662
CF_Clu_TripUnit,0,1594872788.225276
CF_Clu_TripUnit,0,1594872788.5282679
CF_Clu_TripUnit,0,1594872788.7253454
CF_Clu_TripUnit,0,1594872788.925581
CF_Clu_TripUnit,0,1594872789.024019
CF_Clu_TripUnit,0,1594872789.323659
CF_Clu_TripUnit,0,1594872789.626059
CF_Clu_TripUnit,0,1594872791.723135
CF_Clu_TripUnit,0,1594872792.423887
CF_Clu_TripUnit,0,1594872793.123742
CF_Clu_TripUnit,0,1594872793.521586
CF_Clu_TripUnit,0,1594872793.619494
CF_Clu_TripUnit,0,1594872793.9184382
CF_Clu_TripUnit,0,1594872794.2179909
CF_Clu_TripUnit,0,1594872794.517441
CF_Clu_TripUnit,0,1594872794.7210162
CF_Clu_TripUnit,0,1594872794.8195539
CF_Clu_TripUnit,0,1594872794.917689
CF_Clu_TripUnit,0,1594872795.1147554
CF_Clu_TripUnit,0,1594872795.2170289
CF_Clu_TripUnit,0,1594872795.417721
CF_Clu_TripUnit,0,1594872795.5160232
CF_Clu_TripUnit,0,1594872795.614113
CF_Clu_TripUnit,0,1594872795.8149118
CF_Clu_TripUnit,0,1594872795.9173918
CF_Clu_TripUnit,0,1594872796.613764
CF_Clu_TripUnit,0,1594872796.7161891
CF_Clu_TripUnit,0,1594872797.313864
CF_Clu_TripUnit,0,1594872797.4124038
CF_Clu_TripUnit,0,1594872797.7118812
CF_Clu_TripUnit,0,1594872797.912385
CF_Clu_TripUnit,0,1594872798.0142136
CF_Clu_TripUnit,0,1594872799.612055
CF_Clu_TripUnit,0,1594872800.013334
CF_Clu_TripUnit,0,1594872800.610889
CF_Clu_TripUnit,0,1594872801.3072808
CF_Clu_TripUnit,0,1594872801.8073974
CF_Clu_TripUnit,0,1594872802.1099381
CF_Clu_TripUnit,0,1594872802.2083774
CF_Clu_TripUnit,0,1594872802.4088929
CF_Clu_TripUnit,0,1594872802.507283
CF_Clu_TripUnit,0,1594872803.105556
CF_Clu_TripUnit,0,1594872803.2075279
CF_Clu_TripUnit,0,1594872803.3063
CF_Clu_TripUnit,0,1594872803.506575
CF_Clu_TripUnit,0,1594872803.6053839
CF_Clu_TripUnit,0,1594872803.7073312
CF_Clu_TripUnit,0,1594872804.1049652
CF_Clu_TripUnit,0,1594872804.203371
CF_Clu_TripUnit,0,1594872804.4041731
CF_Clu_TripUnit,0,1594872804.9034328
CF_Clu_TripUnit,0,1594872805.001984
CF_Clu_TripUnit,0,1594872805.702373
CF_Clu_TripUnit,0,1594872806.004951
CF_Clu_TripUnit,0,1594872806.202081
CF_Clu_TripUnit,0,1594872806.504886
CF_Clu_TripUnit,0,1594872806.902426
CF_Clu_TripUnit,0,1594872807.602466
CF_Clu_TripUnit,0,1594872807.704798
CF_Clu_TripUnit,0,1594872808.299937
CF_Clu_TripUnit,0,1594872808.700323
CF_Clu_TripUnit,0,1594872808.9008179
CF_Clu_TripUnit,0,1594872809.495203
CF_Clu_TripUnit,0,1594872809.597161
CF_Clu_TripUnit,0,1594872809.699678
CF_Clu_TripUnit,0,1594872809.79878
CF_Clu_TripUnit,0,1594872809.896518
CF_Clu_TripUnit,0,1594872809.9986126
CF_Clu_TripUnit,0,1594872810.0968056
CF_Clu_TripUnit,0,1594872810.1957018
CF_Clu_TripUnit,0,1594872810.494454
CF_Clu_TripUnit,0,1594872810.596753
CF_Clu_TripUnit,0,1594872810.797101
CF_Clu_TripUnit,0,1594872810.8959289
CF_Clu_TripUnit,0,1594872811.0965312
CF_Clu_TripUnit,0,1594872811.8947682
CF_Clu_TripUnit,0,1594872812.194218
CF_Clu_TripUnit,0,1594872812.4932349
CF_Clu_TripUnit,0,1594872812.7922828
CF_Clu_TripUnit,0,1594872812.894115
CF_Clu_TripUnit,0,1594872813.9922721
CF_Clu_TripUnit,0,1594872814.094353
CF_Clu_TripUnit,0,1594872815.19244
CF_Clu_TripUnit,0,1594872815.7898881
CF_Clu_TripUnit,0,1594872816.1876369
CF_Clu_TripUnit,0,1594872816.490241
CF_Clu_TripUnit,0,1594872817.088403
CF_Clu_TripUnit,0,1594872817.1868439
CF_Clu_TripUnit,0,1594872817.387326
CF_Clu_TripUnit,0,1594872817.486079
CF_Clu_TripUnit,0,1594872817.6866438
CF_Clu_TripUnit,0,1594872817.785137
CF_Clu_TripUnit,0,1594872817.985291
CF_Clu_TripUnit,0,1594872818.087632
CF_Clu_TripUnit,0,1594872818.3866284
CF_Clu_TripUnit,0,1594872818.8863976
CF_Clu_TripUnit,0,1594872819.0836911
CF_Clu_TripUnit,0,1594872819.382675
CF_Clu_TripUnit,0,1594872819.9843721
CF_Clu_TripUnit,0,1594872820.483836
CF_Clu_TripUnit,0,1594872821.483327
CF_Clu_TripUnit,0,1594872822.880226
CF_Clu_TripUnit,0,1594872822.982487
CF_Clu_TripUnit,0,1594872823.0845454
CF_Clu_TripUnit,0,1594872823.6784348
CF_Clu_TripUnit,0,1594872824.477545
CF_Clu_TripUnit,0,1594872824.878422
CF_Clu_TripUnit,0,1594872825.0791216
CF_Clu_TripUnit,0,1594872825.1778471
CF_Clu_TripUnit,0,1594872825.575243
CF_Clu_TripUnit,0,1594872825.677187
CF_Clu_TripUnit,0,1594872825.7754948
CF_Clu_TripUnit,0,1594872825.877776
CF_Clu_TripUnit,0,1594872826.176878
CF_Clu_TripUnit,0,1594872826.2751381
CF_Clu_TripUnit,0,1594872826.4758642
CF_Clu_TripUnit,0,1594872826.574529
CF_Clu_TripUnit,0,1594872826.7748852
CF_Clu_TripUnit,0,1594872826.8735619
CF_Clu_TripUnit,0,1594872827.475154
CF_Clu_TripUnit,0,1594872827.971345
CF_Clu_TripUnit,0,1594872828.073209
CF_Clu_TripUnit,0,1594872828.273835
CF_Clu_TripUnit,0,1594872829.3718588
CF_Clu_TripUnit,0,1594872830.272651
CF_Clu_TripUnit,0,1594872830.46976
CF_Clu_TripUnit,0,1594872831.6693869
CF_Clu_TripUnit,0,1594872831.7677689
CF_Clu_TripUnit,0,1594872832.066784
CF_Clu_TripUnit,0,1594872832.16895
CF_Clu_TripUnit,0,1594872832.3666182
CF_Clu_TripUnit,0,1594872832.967787
CF_Clu_TripUnit,0,1594872833.266657
CF_Clu_TripUnit,0,1594872833.36572
CF_Clu_TripUnit,0,1594872833.664557
CF_Clu_TripUnit,0,1594872834.065624
CF_Clu_TripUnit,0,1594872834.164757
CF_Clu_TripUnit,0,1594872834.365254
CF_Clu_TripUnit,0,1594872834.966674
CF_Clu_TripUnit,0,1594872835.265558
CF_Clu_TripUnit,0,1594872835.564561
CF_Clu_TripUnit,0,1594872836.6620634
CF_Clu_TripUnit,0,1594872838.2637038
CF_Clu_TripUnit,0,1594872838.558423
CF_Clu_TripUnit,0,1594872839.5540571
CF_Clu_TripUnit,0,1594872839.65615
CF_Clu_TripUnit,0,1594872839.7548294
CF_Clu_TripUnit,0,1594872840.155781
CF_Clu_TripUnit,0,1594872840.258129
CF_Clu_TripUnit,0,1594872840.356979
CF_Clu_TripUnit,0,1594872840.455359
CF_Clu_TripUnit,0,1594872840.757737
CF_Clu_TripUnit,0,1594872841.0569222
CF_Clu_TripUnit,0,1594872841.454401
CF_Clu_TripUnit,0,1594872841.552906
CF_Clu_TripUnit,0,1594872841.6549606
CF_Clu_TripUnit,0,1594872841.954263
CF_Clu_TripUnit,0,1594872842.1545439
CF_Clu_TripUnit,0,1594872842.2531881
CF_Clu_TripUnit,0,1594872842.555899
CF_Clu_TripUnit,0,1594872842.7526221
CF_Clu_TripUnit,0,1594872845.5503368
CF_Clu_TripUnit,0,1594872845.751042
CF_Clu_TripUnit,0,1594872846.8485286
CF_Clu_TripUnit,0,1594872847.045266
CF_Clu_TripUnit,0,1594872847.246057
CF_Clu_TripUnit,0,1594872847.647201
CF_Clu_TripUnit,0,1594872847.749404
CF_Clu_TripUnit,0,1594872847.847857
CF_Clu_TripUnit,0,1594872847.946027
CF_Clu_TripUnit,0,1594872848.245035
CF_Clu_TripUnit,0,1594872848.548242
CF_Clu_TripUnit,0,1594872848.843605
CF_Clu_TripUnit,0,1594872848.945302
CF_Clu_TripUnit,0,1594872849.5433679
CF_Clu_TripUnit,0,1594872850.0431821
CF_Clu_TripUnit,0,1594872850.342334
CF_Clu_TripUnit,0,1594872850.940438
CF_Clu_TripUnit,0,1594872851.1447608
CF_Clu_TripUnit,0,1594872852.840376
CF_Clu_TripUnit,0,1594872853.041287
CF_Clu_TripUnit,0,1594872853.5409222
CF_Clu_TripUnit,0,1594872854.437767
CF_Clu_TripUnit,0,1594872854.7367618
CF_Clu_TripUnit,0,1594872855.134645
CF_Clu_TripUnit,0,1594872856.039177
CF_Clu_TripUnit,0,1594872856.133889
CF_Clu_TripUnit,0,1594872856.633667
CF_Clu_TripUnit,0,1594872856.936401
CF_Clu_TripUnit,0,1594872857.034516
CF_Clu_TripUnit,0,1594872857.534744
CF_Clu_TripUnit,0,1594872857.8332438
CF_Clu_TripUnit,0,1594872858.132927
CF_Clu_TripUnit,0,1594872858.234633
CF_Clu_TripUnit,0,1594872858.3330472
CF_Clu_TripUnit,0,1594872858.432534
CF_Clu_TripUnit,0,1594872858.63287
CF_Clu_TripUnit,0,1594872859.4348106
CF_Clu_TripUnit,0,1594872860.630854
CF_Clu_TripUnit,0,1594872860.8317618
CF_Clu_TripUnit,0,1594872861.032176
CF_Clu_TripUnit,0,1594872861.232811
CF_Clu_TripUnit,0,1594872862.7276561
CF_Clu_TripUnit,0,1594872862.924609
CF_Clu_TripUnit,0,1594872863.125301
CF_Clu_TripUnit,0,1594872863.227463
CF_Clu_TripUnit,0,1594872863.5265698
CF_Clu_TripUnit,0,1594872863.825838
CF_Clu_TripUnit,0,1594872864.226798
CF_Clu_TripUnit,0,1594872864.3251731
CF_Clu_TripUnit,0,1594872864.423466
CF_Clu_TripUnit,0,1594872864.5257974
CF_Clu_TripUnit,0,1594872864.7228749
CF_Clu_TripUnit,0,1594872865.0254874
CF_Clu_TripUnit,0,1594872865.623425
CF_Clu_TripUnit,0,1594872866.32378
CF_Clu_TripUnit,0,1594872867.1224449
CF_Clu_TripUnit,0,1594872868.2205222
CF_Clu_TripUnit,0,1594872868.621498
CF_Clu_TripUnit,0,1594872869.318076
CF_Clu_TripUnit,0,1594872869.4165812
CF_Clu_TripUnit,0,1594872870.517942
CF_Clu_TripUnit,0,1594872870.915452
CF_Clu_TripUnit,0,1594872871.115962
CF_Clu_TripUnit,0,1594872871.316552
CF_Clu_TripUnit,0,1594872871.4157274
CF_Clu_TripUnit,0,1594872871.615606
CF_Clu_TripUnit,0,1594872871.9148989
CF_Clu_TripUnit,0,1594872872.513184
CF_Clu_TripUnit,0,1594872872.615205
CF_Clu_TripUnit,0,1594872872.815731
CF_Clu_TripUnit,0,1594872872.91415
CF_Clu_TripUnit,0,1594872873.213113
CF_Clu_TripUnit,0,1594872873.413856
CF_Clu_TripUnit,0,1594872873.511994
CF_Clu_TripUnit,0,1594872875.109846
CF_Clu_TripUnit,0,1594872875.314198
CF_Clu_TripUnit,0,1594872875.612978
CF_Clu_TripUnit,0,1594872875.809648
CF_Clu_TripUnit,0,1594872876.215208
CF_Clu_TripUnit,0,1594872877.407116
CF_Clu_TripUnit,0,1594872877.6042614
CF_Clu_TripUnit,0,1594872877.706034
CF_Clu_TripUnit,0,1594872878.009071
CF_Clu_TripUnit,0,1594872878.607094
CF_Clu_TripUnit,0,1594872878.705469
CF_Clu_TripUnit,0,1594872878.9024806
CF_Clu_TripUnit,0,1594872879.0046802
CF_Clu_TripUnit,0,1594872879.303735
CF_Clu_TripUnit,0,1594872879.704639
CF_Clu_TripUnit,0,1594872879.803412
CF_Clu_TripUnit,0,1594872879.9054024
CF_Clu_TripUnit,0,1594872880.3031628
CF_Clu_TripUnit,0,1594872880.602248
CF_Clu_TripUnit,0,1594872881.203883
CF_Clu_TripUnit,0,1594872882.400193
CF_Clu_TripUnit,0,1594872883.4031832
CF_Clu_TripUnit,0,1594872884.198656
CF_Clu_TripUnit,0,1594872884.300569
CF_Clu_TripUnit,0,1594872885.496921
CF_Clu_TripUnit,0,1594872885.696908
CF_Clu_TripUnit,0,1594872886.094812
CF_Clu_TripUnit,0,1594872886.5939062
CF_Clu_TripUnit,0,1594872886.692713
CF_Clu_TripUnit,0,1594872886.7945962
CF_Clu_TripUnit,0,1594872887.0939062
CF_Clu_TripUnit,0,1594872887.2944078
CF_Clu_TripUnit,0,1594872887.3966289
CF_Clu_TripUnit,0,1594872888.092971
CF_Clu_TripUnit,0,1594872888.392478
CF_Clu_TripUnit,0,1594872888.5927188
CF_Clu_TripUnit,0,1594872888.6912491
CF_Clu_TripUnit,0,1594872889.7926452
CF_Clu_TripUnit,0,1594872890.890613
CF_Clu_TripUnit,0,1594872891.288063
CF_Clu_TripUnit,0,1594872891.3900642
CF_Clu_TripUnit,0,1594872891.492553
CF_Clu_TripUnit,0,1594872892.094492
CF_Clu_TripUnit,0,1594872892.6846569
CF_Clu_TripUnit,0,1594872893.3853679
CF_Clu_TripUnit,0,1594872893.983451
CF_Clu_TripUnit,0,1594872894.884174
CF_Clu_TripUnit,0,1594872895.0844226
CF_Clu_TripUnit,0,1594872895.383408
CF_Clu_TripUnit,0,1594872895.482425
CF_Clu_TripUnit,0,1594872895.682591
CF_Clu_TripUnit,0,1594872896.3827949
CF_Clu_TripUnit,0,1594872896.481727
CF_Clu_TripUnit,0,1594872898.983729
CF_Clu_TripUnit,0,1594872899.282774
CF_Clu_TripUnit,0,1594872899.4834828
CF_Clu_TripUnit,0,1594872900.2779
CF_Clu_TripUnit,0,1594872900.5769
CF_Clu_TripUnit,0,1594872900.876231
CF_Clu_TripUnit,0,1594872901.375647
CF_Clu_TripUnit,0,1594872901.576266
CF_Clu_TripUnit,0,1594872901.7768881
CF_Clu_TripUnit,0,1594872902.075995
CF_Clu_TripUnit,0,1594872902.174248
CF_Clu_TripUnit,0,1594872902.273106
CF_Clu_TripUnit,0,1594872902.473294
CF_Clu_TripUnit,0,1594872902.674305
CF_Clu_TripUnit,0,1594872902.7724972
CF_Clu_TripUnit,0,1594872902.874645
CF_Clu_TripUnit,0,1594872903.075362
CF_Clu_TripUnit,0,1594872903.173583
CF_Clu_TripUnit,0,1594872903.2719288
CF_Clu_TripUnit,0,1594872903.3706226
CF_Clu_TripUnit,0,1594872903.673336
CF_Clu_TripUnit,0,1594872903.9723198
CF_Clu_TripUnit,0,1594872904.1728716
CF_Clu_TripUnit,0,1594872904.770966
CF_Clu_TripUnit,0,1594872905.271182
CF_Clu_TripUnit,0,1594872905.3690119
CF_Clu_TripUnit,0,1594872905.6683578
CF_Clu_TripUnit,0,1594872906.6713998
CF_Clu_TripUnit,0,1594872908.166414
CF_Clu_TripUnit,0,1594872908.465508
CF_Clu_TripUnit,0,1594872908.764641
CF_Clu_TripUnit,0,1594872909.064184
CF_Clu_TripUnit,0,1594872909.366509
CF_Clu_TripUnit,0,1594872909.563373
CF_Clu_TripUnit,0,1594872909.6655428
CF_Clu_TripUnit,0,1594872909.764158
CF_Clu_TripUnit,0,1594872910.063713
CF_Clu_TripUnit,0,1594872910.1651158
CF_Clu_TripUnit,0,1594872910.365799
CF_Clu_TripUnit,0,1594872910.562567
CF_Clu_TripUnit,0,1594872910.861875
CF_Clu_TripUnit,0,1594872910.9639962
CF_Clu_TripUnit,0,1594872911.3616009
CF_Clu_TripUnit,0,1594872911.660988
CF_Clu_TripUnit,0,1594872912.2622619
CF_Clu_TripUnit,0,1594872912.4630046
CF_Clu_TripUnit,0,1594872913.060776
CF_Clu_TripUnit,0,1594872914.3633778
CF_Clu_TripUnit,0,1594872915.0559561
CF_Clu_TripUnit,0,1594872915.35484
CF_Clu_TripUnit,0,1594872915.6540082
CF_Clu_TripUnit,0,1594872915.956567
CF_Clu_TripUnit,0,1594872916.1535108
CF_Clu_TripUnit,0,1594872916.255564
CF_Clu_TripUnit,0,1594872916.554666
CF_Clu_TripUnit,0,1594872916.6532931
CF_Clu_TripUnit,0,1594872916.755236
CF_Clu_TripUnit,0,1594872916.952424
CF_Clu_TripUnit,0,1594872917.156579
CF_Clu_TripUnit,0,1594872917.255
CF_Clu_TripUnit,0,1594872917.5540092
CF_Clu_TripUnit,0,1594872917.853042
CF_Clu_TripUnit,0,1594872917.9552572
CF_Clu_TripUnit,0,1594872918.053709
CF_Clu_TripUnit,0,1594872918.2542248
CF_Clu_TripUnit,0,1594872918.651718
CF_Clu_TripUnit,0,1594872918.852423
CF_Clu_TripUnit,0,1594872919.0493991
CF_Clu_TripUnit,0,1594872921.1500552
CF_Clu_TripUnit,0,1594872921.847521
CF_Clu_TripUnit,0,1594872922.047785
CF_Clu_TripUnit,0,1594872922.251942
CF_Clu_TripUnit,0,1594872922.347
CF_Clu_TripUnit,0,1594872922.846027
CF_Clu_TripUnit,0,1594872923.4478312
CF_Clu_TripUnit,0,1594872923.546218
CF_Clu_TripUnit,0,1594872923.845155
CF_Clu_TripUnit,0,1594872924.045965
CF_Clu_TripUnit,0,1594872924.242668
CF_Clu_TripUnit,0,1594872924.34527
CF_Clu_TripUnit,0,1594872924.443392
CF_Clu_TripUnit,0,1594872924.5419376
CF_Clu_TripUnit,0,1594872924.742626
CF_Clu_TripUnit,0,1594872924.9432662
CF_Clu_TripUnit,0,1594872925.045084
CF_Clu_TripUnit,0,1594872925.242173
CF_Clu_TripUnit,0,1594872925.647403
CF_Clu_TripUnit,0,1594872925.741919
CF_Clu_TripUnit,0,1594872926.245195
CF_Clu_TripUnit,0,1594872926.3434956
CF_Clu_TripUnit,0,1594872926.941609
CF_Clu_TripUnit,0,1594872927.040042
CF_Clu_TripUnit,0,1594872927.842535
CF_Clu_TripUnit,0,1594872928.0391722
CF_Clu_TripUnit,0,1594872928.137919
CF_Clu_TripUnit,0,1594872928.637485
CF_Clu_TripUnit,0,1594872928.838326
CF_Clu_TripUnit,0,1594872929.2391956
CF_Clu_TripUnit,0,1594872930.4355464
CF_Clu_TripUnit,0,1594872931.033647
CF_Clu_TripUnit,0,1594872931.3362892
CF_Clu_TripUnit,0,1594872931.9343722
CF_Clu_TripUnit,0,1594872932.1353998
CF_Clu_TripUnit,0,1594872932.2333891
CF_Clu_TripUnit,0,1594872932.33552
CF_Clu_TripUnit,0,1594872933.2326698
CF_Clu_TripUnit,0,1594872933.4333189
CF_Clu_TripUnit,0,1594872933.933132
CF_Clu_TripUnit,0,1594872934.4326632
CF_Clu_TripUnit,0,1594872934.731606
CF_Clu_TripUnit,0,1594872935.2315538
CF_Clu_TripUnit,0,1594872935.731603
CF_Clu_TripUnit,0,1594872938.126998
CF_Clu_TripUnit,0,1594872938.524847
CF_Clu_TripUnit,0,1594872938.623096
CF_Clu_TripUnit,0,1594872938.8275301
CF_Clu_TripUnit,0,1594872939.0249949
CF_Clu_TripUnit,0,1594872939.8232071
CF_Clu_TripUnit,0,1594872939.9252331
CF_Clu_TripUnit,0,1594872940.224276
CF_Clu_TripUnit,0,1594872940.424907
CF_Clu_TripUnit,0,1594872940.723868
CF_Clu_TripUnit,0,1594872940.920851
CF_Clu_TripUnit,0,1594872941.52247
CF_Clu_TripUnit,0,1594872941.821537
CF_Clu_TripUnit,0,1594872942.219351
CF_Clu_TripUnit,0,1594872943.4193964
CF_Clu_TripUnit,0,1594872945.716792
CF_Clu_TripUnit,0,1594872945.9172618
CF_Clu_TripUnit,0,1594872946.015712
CF_Clu_TripUnit,0,1594872946.2162142
CF_Clu_TripUnit,0,1594872946.41696
CF_Clu_TripUnit,0,1594872946.5153651
CF_Clu_TripUnit,0,1594872946.716046
CF_Clu_TripUnit,0,1594872946.814657
CF_Clu_TripUnit,0,1594872947.4132466
CF_Clu_TripUnit,0,1594872947.514741
CF_Clu_TripUnit,0,1594872947.616983
CF_Clu_TripUnit,0,1594872948.01471
CF_Clu_TripUnit,0,1594872948.1129339
CF_Clu_TripUnit,0,1594872948.313482
CF_Clu_TripUnit,0,1594872948.6125052
CF_Clu_TripUnit,0,1594872948.8133528
CF_Clu_TripUnit,0,1594872949.3130429
CF_Clu_TripUnit,0,1594872949.6118786
CF_Clu_TripUnit,0,1594872950.210193
CF_Clu_TripUnit,0,1594872950.4143958
CF_Clu_TripUnit,0,1594872951.1107981
CF_Clu_TripUnit,0,1594872953.605098
CF_Clu_TripUnit,0,1594872954.203833
CF_Clu_TripUnit,0,1594872954.506164
CF_Clu_TripUnit,0,1594872954.805193
CF_Clu_TripUnit,0,1594872954.9035392
CF_Clu_TripUnit,0,1594872955.104167
CF_Clu_TripUnit,0,1594872955.2025518
CF_Clu_TripUnit,0,1594872955.4035661
CF_Clu_TripUnit,0,1594872955.800771
CF_Clu_TripUnit,0,1594872956.103425
CF_Clu_TripUnit,0,1594872956.304169
CF_Clu_TripUnit,0,1594872956.501417
CF_Clu_TripUnit,0,1594872956.701577
CF_Clu_TripUnit,0,1594872960.994231
CF_Clu_TripUnit,0,1594872961.5962188
CF_Clu_TripUnit,0,1594872961.7966864
CF_Clu_TripUnit,0,1594872961.993711
CF_Clu_TripUnit,0,1594872962.292585
CF_Clu_TripUnit,0,1594872962.4970274
CF_Clu_TripUnit,0,1594872962.595474
CF_Clu_TripUnit,0,1594872962.693634
CF_Clu_TripUnit,0,1594872962.894381
CF_Clu_TripUnit,0,1594872963.19345
CF_Clu_TripUnit,0,1594872963.291747
CF_Clu_TripUnit,0,1594872963.492369
CF_Clu_TripUnit,0,1594872963.693125
CF_Clu_TripUnit,0,1594872963.89375
CF_Clu_TripUnit,0,1594872964.0909386
CF_Clu_TripUnit,0,1594872964.192677
CF_Clu_TripUnit,0,1594872964.9918132
CF_Clu_TripUnit,0,1594872965.29047
CF_Clu_TripUnit,0,1594872965.593452
CF_Clu_TripUnit,0,1594872965.6918
CF_Clu_TripUnit,0,1594872965.790227
CF_Clu_TripUnit,0,1594872966.187767
CF_Clu_TripUnit,0,1594872966.3880901
CF_Clu_TripUnit,0,1594872967.186789
CF_Clu_TripUnit,0,1594872967.3874931
CF_Clu_TripUnit,0,1594872967.887192
CF_Clu_TripUnit,0,1594872968.2886698
CF_Clu_TripUnit,0,1594872968.3868082
CF_Clu_TripUnit,0,1594872968.9848962
CF_Clu_TripUnit,0,1594872969.3860438
CF_Clu_TripUnit,0,1594872969.685121
CF_Clu_TripUnit,0,1594872969.984262
CF_Clu_TripUnit,0,1594872970.48453
CF_Clu_TripUnit,0,1594872971.282722
CF_Clu_TripUnit,0,1594872971.983058
CF_Clu_TripUnit,0,1594872972.380565
CF_Clu_TripUnit,0,1594872972.4825609
CF_Clu_TripUnit,0,1594872972.978965
CF_Clu_TripUnit,0,1594872973.081291
CF_Clu_TripUnit,0,1594872976.1769311
CF_Clu_TripUnit,0,1594872977.4754088
CF_Clu_TripUnit,0,1594872977.5738142
CF_Clu_TripUnit,0,1594872977.672408
CF_Clu_TripUnit,0,1594872978.773797
CF_Clu_TripUnit,0,1594872979.171092
CF_Clu_TripUnit,0,1594872979.969633
CF_Clu_TripUnit,0,1594872980.269134
CF_Clu_TripUnit,0,1594872980.571847
CF_Clu_TripUnit,0,1594872981.272176
CF_Clu_TripUnit,0,1594872983.066568
CF_Clu_TripUnit,0,1594872983.766434
CF_Clu_TripUnit,0,1594872984.2661178
CF_Clu_TripUnit,0,1594872984.364552
CF_Clu_TripUnit,0,1594872984.565332
CF_Clu_TripUnit,0,1594872984.664066
CF_Clu_TripUnit,0,1594872984.864722
CF_Clu_TripUnit,0,1594872985.0648232
CF_Clu_TripUnit,0,1594872985.3638568
CF_Clu_TripUnit,0,1594872985.963068
CF_Clu_TripUnit,0,1594872986.0606332
CF_Clu_TripUnit,0,1594872986.2616632
CF_Clu_TripUnit,0,1594872986.363412
CF_Clu_TripUnit,0,1594872986.563933
CF_Clu_TripUnit,0,1594872986.662643
CF_Clu_TripUnit,0,1594872986.761034
CF_Clu_TripUnit,0,1594872987.0599039
CF_Clu_TripUnit,0,1594872987.1621592
CF_Clu_TripUnit,0,1594872987.2606864
CF_Clu_TripUnit,0,1594872987.4611301
CF_Clu_TripUnit,0,1594872987.657995
CF_Clu_TripUnit,0,1594872988.259995
CF_Clu_TripUnit,0,1594872988.4608672
CF_Clu_TripUnit,0,1594872989.0581708
CF_Clu_TripUnit,0,1594872989.857352
CF_Clu_TripUnit,0,1594872990.557441
CF_Clu_TripUnit,0,1594872990.655982
CF_Clu_TripUnit,0,1594872992.056422
CF_Clu_TripUnit,0,1594872992.2534142
CF_Clu_TripUnit,0,1594872992.4540968
CF_Clu_TripUnit,0,1594872992.556061
CF_Clu_TripUnit,0,1594872992.855072
CF_Clu_TripUnit,0,1594872993.154031
CF_Clu_TripUnit,0,1594872993.752047
CF_Clu_TripUnit,0,1594872994.153394
CF_Clu_TripUnit,0,1594872994.2517278
CF_Clu_TripUnit,0,1594872994.649647
CF_Clu_TripUnit,0,1594872994.849683
CF_Clu_TripUnit,0,1594872995.550101
CF_Clu_TripUnit,0,1594872995.750813
CF_Clu_TripUnit,0,1594872996.848425
CF_Clu_TripUnit,0,1594872997.147488
CF_Clu_TripUnit,0,1594872997.651145
CF_Clu_TripUnit,0,1594872998.147198
CF_Clu_TripUnit,0,1594872998.2492642
CF_Clu_TripUnit,0,1594872998.7450972
CF_Clu_TripUnit,0,1594872999.4454908
CF_Clu_TripUnit,0,1594873000.0437946
CF_Clu_TripUnit,0,1594873000.141817
CF_Clu_TripUnit,0,1594873000.244651
CF_Clu_TripUnit,0,1594873000.342623
CF_Clu_TripUnit,0,1594873000.4447732
CF_Clu_TripUnit,0,1594873000.5428698
CF_Clu_TripUnit,0,1594873001.341575
CF_Clu_TripUnit,0,1594873001.444067
CF_Clu_TripUnit,0,1594873001.8413641
CF_Clu_TripUnit,0,1594873002.0382886
CF_Clu_TripUnit,0,1594873002.34095
CF_Clu_TripUnit,0,1594873002.439321
CF_Clu_TripUnit,0,1594873002.541572
CF_Clu_TripUnit,0,1594873003.13965
CF_Clu_TripUnit,0,1594873003.241899
CF_Clu_TripUnit,0,1594873003.8400161
CF_Clu_TripUnit,0,1594873004.335957
CF_Clu_TripUnit,0,1594873006.137641
CF_Clu_TripUnit,0,1594873007.235324
CF_Clu_TripUnit,0,1594873007.534316
CF_Clu_TripUnit,0,1594873007.7350051
CF_Clu_TripUnit,0,1594873007.833719
CF_Clu_TripUnit,0,1594873007.932211
CF_Clu_TripUnit,0,1594873008.13267
CF_Clu_TripUnit,0,1594873008.2310052
CF_Clu_TripUnit,0,1594873008.3330061
CF_Clu_TripUnit,0,1594873008.533782
CF_Clu_TripUnit,0,1594873008.632025
CF_Clu_TripUnit,0,1594873008.730835
CF_Clu_TripUnit,0,1594873009.230356
CF_Clu_TripUnit,0,1594873009.4308028
CF_Clu_TripUnit,0,1594873010.131259
CF_Clu_TripUnit,0,1594873010.72945
CF_Clu_TripUnit,0,1594873010.929981
CF_Clu_TripUnit,0,1594873011.3311622
CF_Clu_TripUnit,0,1594873012.1263561
CF_Clu_TripUnit,0,1594873013.3261409
CF_Clu_TripUnit,0,1594873014.824841
CF_Clu_TripUnit,0,1594873014.923744
CF_Clu_TripUnit,0,1594873015.0255961
CF_Clu_TripUnit,0,1594873015.2223551
CF_Clu_TripUnit,0,1594873015.324565
CF_Clu_TripUnit,0,1594873015.423403
CF_Clu_TripUnit,0,1594873015.72221
CF_Clu_TripUnit,0,1594873015.922646
CF_Clu_TripUnit,0,1594873016.422257
CF_Clu_TripUnit,0,1594873016.521024
CF_Clu_TripUnit,0,1594873017.0208461
CF_Clu_TripUnit,0,1594873017.323309
CF_Clu_TripUnit,0,1594873017.421561
CF_Clu_TripUnit,0,1594873017.720623
CF_Clu_TripUnit,0,1594873018.220219
CF_Clu_TripUnit,0,1594873018.4210231
CF_Clu_TripUnit,0,1594873020.0182786
CF_Clu_TripUnit,0,1594873020.317399
CF_Clu_TripUnit,0,1594873020.919786
CF_Clu_TripUnit,0,1594873021.021989
CF_Clu_TripUnit,0,1594873021.7141461
CF_Clu_TripUnit,0,1594873021.9146519
CF_Clu_TripUnit,0,1594873022.2138062
CF_Clu_TripUnit,0,1594873022.51367
CF_Clu_TripUnit,0,1594873023.1114118
CF_Clu_TripUnit,0,1594873023.213111
CF_Clu_TripUnit,0,1594873023.4137402
CF_Clu_TripUnit,0,1594873023.512434
CF_Clu_TripUnit,0,1594873024.012753
CF_Clu_TripUnit,0,1594873024.21263
CF_Clu_TripUnit,0,1594873024.811439
CF_Clu_TripUnit,0,1594873025.1098828
CF_Clu_TripUnit,0,1594873025.314155
CF_Clu_TripUnit,0,1594873025.912481
CF_Clu_TripUnit,0,1594873026.608905
CF_Clu_TripUnit,0,1594873028.206371
CF_Clu_TripUnit,0,1594873028.607069
CF_Clu_TripUnit,0,1594873028.804218
CF_Clu_TripUnit,0,1594873028.9066448
CF_Clu_TripUnit,0,1594873029.103116
CF_Clu_TripUnit,0,1594873029.803147
CF_Clu_TripUnit,0,1594873029.905658
CF_Clu_TripUnit,0,1594873030.0039759
CF_Clu_TripUnit,0,1594873030.302867
CF_Clu_TripUnit,0,1594873030.405259
CF_Clu_TripUnit,0,1594873030.6022651
CF_Clu_TripUnit,0,1594873031.003298
CF_Clu_TripUnit,0,1594873031.4009109
CF_Clu_TripUnit,0,1594873031.502964
CF_Clu_TripUnit,0,1594873031.998862
CF_Clu_TripUnit,0,1594873032.301579
CF_Clu_TripUnit,0,1594873032.5024698
CF_Clu_TripUnit,0,1594873033.800726
CF_Clu_TripUnit,0,1594873034.100169
CF_Clu_TripUnit,0,1594873034.296756
CF_Clu_TripUnit,0,1594873035.398155
CF_Clu_TripUnit,0,1594873035.697772
CF_Clu_TripUnit,0,1594873036.196782
CF_Clu_TripUnit,0,1594873036.299215
CF_Clu_TripUnit,0,1594873036.8936448
CF_Clu_TripUnit,0,1594873037.892968
CF_Clu_TripUnit,0,1594873038.0930932
CF_Clu_TripUnit,0,1594873038.191905
CF_Clu_TripUnit,0,1594873038.494726
CF_Clu_TripUnit,0,1594873039.1911008
CF_Clu_TripUnit,0,1594873039.4940221
CF_Clu_TripUnit,0,1594873039.792814
CF_Clu_TripUnit,0,1594873040.091879
CF_Clu_TripUnit,0,1594873040.292514
CF_Clu_TripUnit,0,1594873040.390741
CF_Clu_TripUnit,0,1594873041.7874632
CF_Clu_TripUnit,0,1594873041.988242
CF_Clu_TripUnit,0,1594873042.0865114
CF_Clu_TripUnit,0,1594873042.487772
CF_Clu_TripUnit,0,1594873043.884916
CF_Clu_TripUnit,0,1594873044.8839939
CF_Clu_TripUnit,0,1594873044.982506
CF_Clu_TripUnit,0,1594873045.3835251
CF_Clu_TripUnit,0,1594873045.68259
CF_Clu_TripUnit,0,1594873045.982025
CF_Clu_TripUnit,0,1594873046.080244
CF_Clu_TripUnit,0,1594873046.281177
CF_Clu_TripUnit,0,1594873046.6820679
CF_Clu_TripUnit,0,1594873046.7803662
CF_Clu_TripUnit,0,1594873046.981144
CF_Clu_TripUnit,0,1594873047.378648
CF_Clu_TripUnit,0,1594873047.5791779
CF_Clu_TripUnit,0,1594873047.681484
CF_Clu_TripUnit,0,1594873048.680674
CF_Clu_TripUnit,0,1594873048.779665
CF_Clu_TripUnit,0,1594873049.180558
CF_Clu_TripUnit,0,1594873049.377249
CF_Clu_TripUnit,0,1594873049.7786071
CF_Clu_TripUnit,0,1594873050.2782722
CF_Clu_TripUnit,0,1594873052.773018
CF_Clu_TripUnit,0,1594873052.9729886
CF_Clu_TripUnit,0,1594873053.1738038
CF_Clu_TripUnit,0,1594873053.370701
CF_Clu_TripUnit,0,1594873053.472758
CF_Clu_TripUnit,0,1594873054.3738284
CF_Clu_TripUnit,0,1594873054.472214
CF_Clu_TripUnit,0,1594873054.672846
CF_Clu_TripUnit,0,1594873054.968191
CF_Clu_TripUnit,0,1594873055.070185
CF_Clu_TripUnit,0,1594873055.168828
CF_Clu_TripUnit,0,1594873055.270787
CF_Clu_TripUnit,0,1594873055.3691056
CF_Clu_TripUnit,0,1594873056.069483
CF_Clu_TripUnit,0,1594873056.270161
CF_Clu_TripUnit,0,1594873056.368742
CF_Clu_TripUnit,0,1594873058.367146
CF_Clu_TripUnit,0,1594873059.7639651
CF_Clu_TripUnit,0,1594873060.362536
CF_Clu_TripUnit,0,1594873060.562534
CF_Clu_TripUnit,0,1594873060.76326
CF_Clu_TripUnit,0,1594873061.263167
CF_Clu_TripUnit,0,1594873061.664305
CF_Clu_TripUnit,0,1594873062.164163
CF_Clu_TripUnit,0,1594873062.76209
CF_Clu_TripUnit,0,1594873062.8606331
CF_Clu_TripUnit,0,1594873063.061276
CF_Clu_TripUnit,0,1594873064.2576902
CF_Clu_TripUnit,0,1594873065.75605
CF_Clu_TripUnit,0,1594873066.657063
CF_Clu_TripUnit,0,1594873067.353398
CF_Clu_TripUnit,0,1594873067.554142
CF_Clu_TripUnit,0,1594873067.951738
CF_Clu_TripUnit,0,1594873068.4514828
CF_Clu_TripUnit,0,1594873068.6521358
CF_Clu_TripUnit,0,1594873069.0532231
CF_Clu_TripUnit,0,1594873069.1514492
CF_Clu_TripUnit,0,1594873069.3520892
CF_Clu_TripUnit,0,1594873070.048726
CF_Clu_TripUnit,0,1594873070.2494981
CF_Clu_TripUnit,0,1594873070.8475466
CF_Clu_TripUnit,0,1594873071.150115
CF_Clu_TripUnit,0,1594873071.4491901
CF_Clu_TripUnit,0,1594873071.748542
CF_Clu_TripUnit,0,1594873071.850543
CF_Clu_TripUnit,0,1594873072.64546
CF_Clu_TripUnit,0,1594873072.747519
CF_Clu_TripUnit,0,1594873073.4480078
CF_Clu_TripUnit,0,1594873074.144845
CF_Clu_TripUnit,0,1594873075.344503
CF_Clu_TripUnit,0,1594873075.5452821
CF_Clu_TripUnit,0,1594873076.34389
CF_Clu_TripUnit,0,1594873076.442566
CF_Clu_TripUnit,0,1594873076.5405939
CF_Clu_TripUnit,0,1594873076.839586
CF_Clu_TripUnit,0,1594873077.04001
CF_Clu_TripUnit,0,1594873077.142272
CF_Clu_TripUnit,0,1594873077.839117
CF_Clu_TripUnit,0,1594873078.039285
CF_Clu_TripUnit,0,1594873078.437025
CF_Clu_TripUnit,0,1594873078.637391
CF_Clu_TripUnit,0,1594873079.239317
CF_Clu_TripUnit,0,1594873079.3381631
CF_Clu_TripUnit,0,1594873079.939786
CF_Clu_TripUnit,0,1594873080.136395
CF_Clu_TripUnit,0,1594873082.5324562
CF_Clu_TripUnit,0,1594873083.7323909
CF_Clu_TripUnit,0,1594873083.933137
CF_Clu_TripUnit,0,1594873084.232171
CF_Clu_TripUnit,0,1594873084.330521
CF_Clu_TripUnit,0,1594873084.53187
CF_Clu_TripUnit,0,1594873085.129559
CF_Clu_TripUnit,0,1594873085.5304391
CF_Clu_TripUnit,0,1594873087.029655
CF_Clu_TripUnit,0,1594873087.726308
CF_Clu_TripUnit,0,1594873088.426599
CF_Clu_TripUnit,0,1594873089.127133
CF_Clu_TripUnit,0,1594873089.323591
CF_Clu_TripUnit,0,1594873089.6226408
CF_Clu_TripUnit,0,1594873090.1223538
CF_Clu_TripUnit,0,1594873090.2242296
CF_Clu_TripUnit,0,1594873090.42137
CF_Clu_TripUnit,0,1594873090.5233002
CF_Clu_TripUnit,0,1594873091.0229912
CF_Clu_TripUnit,0,1594873091.121886
CF_Clu_TripUnit,0,1594873091.621032
CF_Clu_TripUnit,0,1594873091.719573
CF_Clu_TripUnit,0,1594873091.821694
CF_Clu_TripUnit,0,1594873092.022406
CF_Clu_TripUnit,0,1594873092.219501
CF_Clu_TripUnit,0,1594873092.3213801
CF_Clu_TripUnit,0,1594873092.620301
CF_Clu_TripUnit,0,1594873092.919764
CF_Clu_TripUnit,0,1594873093.218698
CF_Clu_TripUnit,0,1594873093.418976
CF_Clu_TripUnit,0,1594873093.619768
CF_Clu_TripUnit,0,1594873094.017041
CF_Clu_TripUnit,0,1594873094.11939
CF_Clu_TripUnit,0,1594873094.717689
CF_Clu_TripUnit,0,1594873095.0169349
CF_Clu_TripUnit,0,1594873096.818537
CF_Clu_TripUnit,0,1594873097.711415
CF_Clu_TripUnit,0,1594873098.514098
CF_Clu_TripUnit,0,1594873098.8102038
CF_Clu_TripUnit,0,1594873099.112155
CF_Clu_TripUnit,0,1594873099.411419
CF_Clu_TripUnit,0,1594873099.711099
CF_Clu_TripUnit,0,1594873100.0099342
CF_Clu_TripUnit,0,1594873100.107924
CF_Clu_TripUnit,0,1594873100.3088038
CF_Clu_TripUnit,0,1594873100.410782
CF_Clu_TripUnit,0,1594873100.508899
CF_Clu_TripUnit,0,1594873100.6111202
CF_Clu_TripUnit,0,1594873100.9104726
CF_Clu_TripUnit,0,1594873101.008655
CF_Clu_TripUnit,0,1594873101.209423
CF_Clu_TripUnit,0,1594873101.807213
CF_Clu_TripUnit,0,1594873102.208742
CF_Clu_TripUnit,0,1594873102.311029
CF_Clu_TripUnit,0,1594873102.405526
CF_Clu_TripUnit,0,1594873102.8065429
CF_Clu_TripUnit,0,1594873103.0071359
CF_Clu_TripUnit,0,1594873103.3061912
CF_Clu_TripUnit,0,1594873105.702393
CF_Clu_TripUnit,0,1594873105.89958
CF_Clu_TripUnit,0,1594873106.0013704
CF_Clu_TripUnit,0,1594873106.3007019
CF_Clu_TripUnit,0,1594873106.60332
CF_Clu_TripUnit,0,1594873107.0993788
CF_Clu_TripUnit,0,1594873107.201351
CF_Clu_TripUnit,0,1594873108.0000286
CF_Clu_TripUnit,0,1594873109.199989
CF_Clu_TripUnit,0,1594873109.4954019
CF_Clu_TripUnit,0,1594873109.995359
CF_Clu_TripUnit,0,1594873110.2977312
CF_Clu_TripUnit,0,1594873110.3961446
CF_Clu_TripUnit,0,1594873110.5967212
CF_Clu_TripUnit,0,1594873111.395767
CF_Clu_TripUnit,0,1594873111.4942431
CF_Clu_TripUnit,0,1594873111.596192
CF_Clu_TripUnit,0,1594873111.89521
CF_Clu_TripUnit,0,1594873111.9974961
CF_Clu_TripUnit,0,1594873112.095934
CF_Clu_TripUnit,0,1594873112.4933498
CF_Clu_TripUnit,0,1594873112.59148
CF_Clu_TripUnit,0,1594873113.19349
CF_Clu_TripUnit,0,1594873113.4927008
CF_Clu_TripUnit,0,1594873113.890218
CF_Clu_TripUnit,0,1594873114.390042
CF_Clu_TripUnit,0,1594873114.6891034
CF_Clu_TripUnit,0,1594873114.790813
CF_Clu_TripUnit,0,1594873115.487574
CF_Clu_TripUnit,0,1594873115.7902136
CF_Clu_TripUnit,0,1594873116.08915
CF_Clu_TripUnit,0,1594873117.98559
CF_Clu_TripUnit,0,1594873118.186198
CF_Clu_TripUnit,0,1594873118.8866284
CF_Clu_TripUnit,0,1594873119.5870552
CF_Clu_TripUnit,0,1594873120.18125
CF_Clu_TripUnit,0,1594873120.782972
CF_Clu_TripUnit,0,1594873121.28254
CF_Clu_TripUnit,0,1594873121.581835
CF_Clu_TripUnit,0,1594873121.9794502
CF_Clu_TripUnit,0,1594873122.180316
CF_Clu_TripUnit,0,1594873122.282066
CF_Clu_TripUnit,0,1594873122.479127
CF_Clu_TripUnit,0,1594873122.978648
CF_Clu_TripUnit,0,1594873123.080868
CF_Clu_TripUnit,0,1594873123.27774
CF_Clu_TripUnit,0,1594873123.478461
CF_Clu_TripUnit,0,1594873124.178483
CF_Clu_TripUnit,0,1594873124.379369
CF_Clu_TripUnit,0,1594873125.075926
CF_Clu_TripUnit,0,1594873125.8746052
CF_Clu_TripUnit,0,1594873126.1736019
CF_Clu_TripUnit,0,1594873126.976079
CF_Clu_TripUnit,0,1594873127.275609
CF_Clu_TripUnit,0,1594873127.7709088
CF_Clu_TripUnit,0,1594873127.872787
CF_Clu_TripUnit,0,1594873128.4714546
CF_Clu_TripUnit,0,1594873128.573092
CF_Clu_TripUnit,0,1594873128.671505
CF_Clu_TripUnit,0,1594873129.072796
CF_Clu_TripUnit,0,1594873129.3718662
CF_Clu_TripUnit,0,1594873129.769539
CF_Clu_TripUnit,0,1594873130.768512
CF_Clu_TripUnit,0,1594873130.867188
CF_Clu_TripUnit,0,1594873131.269227
CF_Clu_TripUnit,0,1594873131.8666232
CF_Clu_TripUnit,0,1594873132.169394
CF_Clu_TripUnit,0,1594873132.267533
CF_Clu_TripUnit,0,1594873132.665329
CF_Clu_TripUnit,0,1594873132.964297
CF_Clu_TripUnit,0,1594873133.066236
CF_Clu_TripUnit,0,1594873133.365335
CF_Clu_TripUnit,0,1594873134.663881
CF_Clu_TripUnit,0,1594873135.5609431
CF_Clu_TripUnit,0,1594873136.060834
CF_Clu_TripUnit,0,1594873136.2614448
CF_Clu_TripUnit,0,1594873136.46166
CF_Clu_TripUnit,0,1594873136.6625226
CF_Clu_TripUnit,0,1594873136.9614134
CF_Clu_TripUnit,0,1594873137.162186
CF_Clu_TripUnit,0,1594873138.2559972
CF_Clu_TripUnit,0,1594873139.1607769
CF_Clu_TripUnit,0,1594873140.356718
CF_Clu_TripUnit,0,1594873140.455383
CF_Clu_TripUnit,0,1594873140.9548512
CF_Clu_TripUnit,0,1594873142.556253
CF_Clu_TripUnit,0,1594873143.75216
CF_Clu_TripUnit,0,1594873144.0510962
CF_Clu_TripUnit,0,1594873144.149827
CF_Clu_TripUnit,0,1594873144.3506231
CF_Clu_TripUnit,0,1594873144.751503
CF_Clu_TripUnit,0,1594873144.84989
CF_Clu_TripUnit,0,1594873145.1493278
CF_Clu_TripUnit,0,1594873145.55024
CF_Clu_TripUnit,0,1594873146.750258
CF_Clu_TripUnit,0,1594873150.842446
CF_Clu_TripUnit,0,1594873150.940773
CF_Clu_TripUnit,0,1594873151.6407812
CF_Clu_TripUnit,0,1594873152.242951
CF_Clu_TripUnit,0,1594873152.341119
CF_Clu_TripUnit,0,1594873152.439563
CF_Clu_TripUnit,0,1594873152.640522
CF_Clu_TripUnit,0,1594873153.03773
CF_Clu_TripUnit,0,1594873153.139641
CF_Clu_TripUnit,0,1594873153.336899
CF_Clu_TripUnit,0,1594873153.438745
CF_Clu_TripUnit,0,1594873154.139178
CF_Clu_TripUnit,0,1594873155.236816
CF_Clu_TripUnit,0,1594873155.335402
CF_Clu_TripUnit,0,1594873155.5357409
CF_Clu_TripUnit,0,1594873156.0354502
CF_Clu_TripUnit,0,1594873156.633476
CF_Clu_TripUnit,0,1594873157.2354078
CF_Clu_TripUnit,0,1594873157.436216
CF_Clu_TripUnit,0,1594873157.5344386
CF_Clu_TripUnit,0,1594873158.931262
CF_Clu_TripUnit,0,1594873159.230737
CF_Clu_TripUnit,0,1594873159.533195
CF_Clu_TripUnit,0,1594873160.127625
CF_Clu_TripUnit,0,1594873160.230015
CF_Clu_TripUnit,0,1594873160.43014
CF_Clu_TripUnit,0,1594873161.028768
CF_Clu_TripUnit,0,1594873161.12707
CF_Clu_TripUnit,0,1594873161.429676
CF_Clu_TripUnit,0,1594873161.5280359
CF_Clu_TripUnit,0,1594873161.630209
CF_Clu_TripUnit,0,1594873162.330774
CF_Clu_TripUnit,0,1594873162.4259589
CF_Clu_TripUnit,0,1594873163.2243538
CF_Clu_TripUnit,0,1594873163.526636
CF_Clu_TripUnit,0,1594873163.7239294
CF_Clu_TripUnit,0,1594873163.825876
CF_Clu_TripUnit,0,1594873164.222986
CF_Clu_TripUnit,0,1594873164.5222886
CF_Clu_TripUnit,0,1594873164.722976
CF_Clu_TripUnit,0,1594873164.927449
CF_Clu_TripUnit,0,1594873165.0258694
CF_Clu_TripUnit,0,1594873165.124205
CF_Clu_TripUnit,0,1594873165.62444
CF_Clu_TripUnit,0,1594873165.820967
CF_Clu_TripUnit,0,1594873166.922112
CF_Clu_TripUnit,0,1594873167.418154
CF_Clu_TripUnit,0,1594873168.4174519
CF_Clu_TripUnit,0,1594873168.9170306
CF_Clu_TripUnit,0,1594873169.117462
CF_Clu_TripUnit,0,1594873169.220305
CF_Clu_TripUnit,0,1594873169.3184118
CF_Clu_TripUnit,0,1594873170.0148098
CF_Clu_TripUnit,0,1594873170.4157386
CF_Clu_TripUnit,0,1594873171.0140529
CF_Clu_TripUnit,0,1594873172.2140849
CF_Clu_TripUnit,0,1594873172.9144454
CF_Clu_TripUnit,0,1594873173.516237
CF_Clu_TripUnit,0,1594873174.012034
CF_Clu_TripUnit,0,1594873174.110412
CF_Clu_TripUnit,0,1594873174.209928
CF_Clu_TripUnit,0,1594873174.3109882
CF_Clu_TripUnit,0,1594873174.511519
CF_Clu_TripUnit,0,1594873174.9092212
CF_Clu_TripUnit,0,1594873175.011225
CF_Clu_TripUnit,0,1594873175.3104439
CF_Clu_TripUnit,0,1594873175.609471
CF_Clu_TripUnit,0,1594873175.708433
CF_Clu_TripUnit,0,1594873176.0070322
CF_Clu_TripUnit,0,1594873176.506666
CF_Clu_TripUnit,0,1594873176.805664
CF_Clu_TripUnit,0,1594873177.109326
CF_Clu_TripUnit,0,1594873177.6043036
CF_Clu_TripUnit,0,1594873178.304278
CF_Clu_TripUnit,0,1594873178.4032161
CF_Clu_TripUnit,0,1594873178.804542
CF_Clu_TripUnit,0,1594873179.103172
CF_Clu_TripUnit,0,1594873180.2046466
CF_Clu_TripUnit,0,1594873180.3031194
CF_Clu_TripUnit,0,1594873181.4992874
CF_Clu_TripUnit,0,1594873182.199658
CF_Clu_TripUnit,0,1594873182.298
CF_Clu_TripUnit,0,1594873182.498872
CF_Clu_TripUnit,0,1594873182.600767
CF_Clu_TripUnit,0,1594873182.699009
CF_Clu_TripUnit,0,1594873182.998085
CF_Clu_TripUnit,0,1594873183.399452
CF_Clu_TripUnit,0,1594873184.2969332
CF_Clu_TripUnit,0,1594873184.796056
CF_Clu_TripUnit,0,1594873185.693546
CF_Clu_TripUnit,0,1594873187.495297
CF_Clu_TripUnit,0,1594873187.995393
CF_Clu_TripUnit,0,1594873188.695471
CF_Clu_TripUnit,0,1594873188.7899706
CF_Clu_TripUnit,0,1594873189.4906151
CF_Clu_TripUnit,0,1594873189.690571
CF_Clu_TripUnit,0,1594873189.789332
CF_Clu_TripUnit,0,1594873189.891466
CF_Clu_TripUnit,0,1594873190.088423
CF_Clu_TripUnit,0,1594873190.48932
CF_Clu_TripUnit,0,1594873190.7887778
CF_Clu_TripUnit,0,1594873191.1896472
CF_Clu_TripUnit,0,1594873191.5868971
CF_Clu_TripUnit,0,1594873191.988666
CF_Clu_TripUnit,0,1594873192.18892
CF_Clu_TripUnit,0,1594873192.7869382
CF_Clu_TripUnit,0,1594873193.5819056
CF_Clu_TripUnit,0,1594873193.884661
CF_Clu_TripUnit,0,1594873196.280805
CF_Clu_TripUnit,0,1594873196.780407
CF_Clu_TripUnit,0,1594873198.775968
CF_Clu_TripUnit,0,1594873198.8774786
CF_Clu_TripUnit,0,1594873199.3771482
CF_Clu_TripUnit,0,1594873199.475677
CF_Clu_TripUnit,0,1594873199.68014
CF_Clu_TripUnit,0,1594873201.073472
CF_Clu_TripUnit,0,1594873202.0724962
CF_Clu_TripUnit,0,1594873203.174145
CF_Clu_TripUnit,0,1594873204.0708609
CF_Clu_TripUnit,0,1594873204.169733
CF_Clu_TripUnit,0,1594873204.3698866
CF_Clu_TripUnit,0,1594873204.4686024
CF_Clu_TripUnit,0,1594873205.070164
CF_Clu_TripUnit,0,1594873205.2709398
CF_Clu_TripUnit,0,1594873205.467833
CF_Clu_TripUnit,0,1594873205.668431
CF_Clu_TripUnit,0,1594873205.967724
CF_Clu_TripUnit,0,1594873206.46695
CF_Clu_TripUnit,0,1594873206.868317
CF_Clu_TripUnit,0,1594873207.1675699
CF_Clu_TripUnit,0,1594873207.5687811
CF_Clu_TripUnit,0,1594873208.5643141
CF_Clu_TripUnit,0,1594873208.866977
CF_Clu_TripUnit,0,1594873209.06379
CF_Clu_TripUnit,0,1594873209.362693
CF_Clu_TripUnit,0,1594873209.661979
CF_Clu_TripUnit,0,1594873210.563104
CF_Clu_TripUnit,0,1594873210.7638118
CF_Clu_TripUnit,0,1594873211.361463
CF_Clu_TripUnit,0,1594873211.959785
CF_Clu_TripUnit,0,1594873212.2589571
CF_Clu_TripUnit,0,1594873212.6597052
CF_Clu_TripUnit,0,1594873213.258048
CF_Clu_TripUnit,0,1594873213.4590812
CF_Clu_TripUnit,0,1594873213.55777
CF_Clu_TripUnit,0,1594873214.5566568
CF_Clu_TripUnit,0,1594873214.7607956
CF_Clu_TripUnit,0,1594873214.859253
CF_Clu_TripUnit,0,1594873215.7563071
CF_Clu_TripUnit,0,1594873215.953168
CF_Clu_TripUnit,0,1594873216.2523024
CF_Clu_TripUnit,0,1594873216.5548038
CF_Clu_TripUnit,0,1594873218.353285
CF_Clu_TripUnit,0,1594873218.7543721
CF_Clu_TripUnit,0,1594873219.3486528
CF_Clu_TripUnit,0,1594873219.549266
CF_Clu_TripUnit,0,1594873219.65131
CF_Clu_TripUnit,0,1594873219.8519292
CF_Clu_TripUnit,0,1594873219.950218
CF_Clu_TripUnit,0,1594873220.249208
CF_Clu_TripUnit,0,1594873220.8473878
CF_Clu_TripUnit,0,1594873221.1503394
CF_Clu_TripUnit,0,1594873221.94535
CF_Clu_TripUnit,0,1594873222.051403
CF_Clu_TripUnit,0,1594873223.743433
CF_Clu_TripUnit,0,1594873224.242702
CF_Clu_TripUnit,0,1594873225.242143
CF_Clu_TripUnit,0,1594873225.541583
CF_Clu_TripUnit,0,1594873225.64355
CF_Clu_TripUnit,0,1594873226.241343
CF_Clu_TripUnit,0,1594873226.839604
CF_Clu_TripUnit,0,1594873227.241042
CF_Clu_TripUnit,0,1594873227.437752
CF_Clu_TripUnit,0,1594873227.5400028
CF_Clu_TripUnit,0,1594873228.039696
CF_Clu_TripUnit,0,1594873228.539192
CF_Clu_TripUnit,0,1594873229.3379009
CF_Clu_TripUnit,0,1594873229.9401422
CF_Clu_TripUnit,0,1594873231.3327801
CF_Clu_TripUnit,0,1594873231.635514
CF_Clu_TripUnit,0,1594873232.733224
CF_Clu_TripUnit,0,1594873232.83197
CF_Clu_TripUnit,0,1594873233.5359318
CF_Clu_TripUnit,0,1594873234.42917
CF_Clu_TripUnit,0,1594873234.5311446
CF_Clu_TripUnit,0,1594873235.1294632
CF_Clu_TripUnit,0,1594873235.428239
CF_Clu_TripUnit,0,1594873235.727937
CF_Clu_TripUnit,0,1594873235.927967
CF_Clu_TripUnit,0,1594873236.427534
CF_Clu_TripUnit,0,1594873236.628274
CF_Clu_TripUnit,0,1594873236.824987
CF_Clu_TripUnit,0,1594873237.23027
CF_Clu_TripUnit,0,1594873238.229938
CF_Clu_TripUnit,0,1594873238.3244052
CF_Clu_TripUnit,0,1594873238.7255766
CF_Clu_TripUnit,0,1594873239.123588
CF_Clu_TripUnit,0,1594873239.225091
CF_Clu_TripUnit,0,1594873239.4217658
CF_Clu_TripUnit,0,1594873239.623051
CF_Clu_TripUnit,0,1594873239.7246876
CF_Clu_TripUnit,0,1594873239.823246
CF_Clu_TripUnit,0,1594873240.621849
CF_Clu_TripUnit,0,1594873241.621075
CF_Clu_TripUnit,0,1594873242.321425
CF_Clu_TripUnit,0,1594873242.620576
CF_Clu_TripUnit,0,1594873242.7188098
CF_Clu_TripUnit,0,1594873243.0182052
CF_Clu_TripUnit,0,1594873243.2189538
CF_Clu_TripUnit,0,1594873243.317091
CF_Clu_TripUnit,0,1594873243.419126
CF_Clu_TripUnit,0,1594873244.7138991
CF_Clu_TripUnit,0,1594873244.9183311
CF_Clu_TripUnit,0,1594873245.81564
CF_Clu_TripUnit,0,1594873246.1142132
CF_Clu_TripUnit,0,1594873246.613889
CF_Clu_TripUnit,0,1594873247.71199
CF_Clu_TripUnit,0,1594873248.01123
CF_Clu_TripUnit,0,1594873248.7149801
CF_Clu_TripUnit,0,1594873249.41119
CF_Clu_TripUnit,0,1594873249.808638
CF_Clu_TripUnit,0,1594873250.108186
CF_Clu_TripUnit,0,1594873250.308682
CF_Clu_TripUnit,0,1594873250.6079981
CF_Clu_TripUnit,0,1594873250.907347
CF_Clu_TripUnit,0,1594873251.1109526
CF_Clu_TripUnit,0,1594873251.3081212
CF_Clu_TripUnit,0,1594873251.40711
CF_Clu_TripUnit,0,1594873251.704979
CF_Clu_TripUnit,0,1594873252.205067
CF_Clu_TripUnit,0,1594873252.406229
CF_Clu_TripUnit,0,1594873252.905139
CF_Clu_TripUnit,0,1594873253.4089658
CF_Clu_TripUnit,0,1594873254.203601
CF_Clu_TripUnit,0,1594873254.6048222
CF_Clu_TripUnit,0,1594873254.903754
CF_Clu_TripUnit,0,1594873256.304464
CF_Clu_TripUnit,0,1594873256.706073
CF_Clu_TripUnit,0,1594873256.8001668
CF_Clu_TripUnit,0,1594873256.898845
CF_Clu_TripUnit,0,1594873257.197957
CF_Clu_TripUnit,0,1594873257.598859
CF_Clu_TripUnit,0,1594873257.799526
CF_Clu_TripUnit,0,1594873258.0001519
CF_Clu_TripUnit,0,1594873258.098464
CF_Clu_TripUnit,0,1594873258.397868
CF_Clu_TripUnit,0,1594873258.4962502
CF_Clu_TripUnit,0,1594873258.598186
CF_Clu_TripUnit,0,1594873258.897203
CF_Clu_TripUnit,0,1594873259.6960902
CF_Clu_TripUnit,0,1594873259.7981539
CF_Clu_TripUnit,0,1594873259.9989526
CF_Clu_TripUnit,0,1594873260.0972369
CF_Clu_TripUnit,0,1594873260.195856
CF_Clu_TripUnit,0,1594873260.4945312
CF_Clu_TripUnit,0,1594873260.8958619
CF_Clu_TripUnit,0,1594873261.0929122
CF_Clu_TripUnit,0,1594873261.1949089
CF_Clu_TripUnit,0,1594873261.793277
CF_Clu_TripUnit,0,1594873262.194222
CF_Clu_TripUnit,0,1594873263.894028
CF_Clu_TripUnit,0,1594873264.988166
CF_Clu_TripUnit,0,1594873265.1884851
CF_Clu_TripUnit,0,1594873265.3891811
CF_Clu_TripUnit,0,1594873265.7866518
CF_Clu_TripUnit,0,1594873265.991019
CF_Clu_TripUnit,0,1594873266.187658
CF_Clu_TripUnit,0,1594873266.48669
CF_Clu_TripUnit,0,1594873266.6880221
CF_Clu_TripUnit,0,1594873267.28563
CF_Clu_TripUnit,0,1594873267.5883482
CF_Clu_TripUnit,0,1594873268.4853961
CF_Clu_TripUnit,0,1594873268.886987
CF_Clu_TripUnit,0,1594873269.4847698
CF_Clu_TripUnit,0,1594873270.082731
CF_Clu_TripUnit,0,1594873270.1851132
CF_Clu_TripUnit,0,1594873272.679518
CF_Clu_TripUnit,0,1594873272.777858
CF_Clu_TripUnit,0,1594873273.2778828
CF_Clu_TripUnit,0,1594873273.376168
CF_Clu_TripUnit,0,1594873273.580469
CF_Clu_TripUnit,0,1594873274.3754408
CF_Clu_TripUnit,0,1594873274.4774132
CF_Clu_TripUnit,0,1594873274.776505
CF_Clu_TripUnit,0,1594873274.977216
CF_Clu_TripUnit,0,1594873275.3747962
CF_Clu_TripUnit,0,1594873275.7759402
CF_Clu_TripUnit,0,1594873276.373963
CF_Clu_TripUnit,0,1594873276.6737711
CF_Clu_TripUnit,0,1594873276.7753189
CF_Clu_TripUnit,0,1594873276.8737214
CF_Clu_TripUnit,0,1594873278.172204
CF_Clu_TripUnit,0,1594873279.073806
CF_Clu_TripUnit,0,1594873279.868067
CF_Clu_TripUnit,0,1594873280.268939
CF_Clu_TripUnit,0,1594873280.469635
CF_Clu_TripUnit,0,1594873280.568001
CF_Clu_TripUnit,0,1594873280.8674948
CF_Clu_TripUnit,0,1594873280.969308
CF_Clu_TripUnit,0,1594873281.067957
CF_Clu_TripUnit,0,1594873281.170005
CF_Clu_TripUnit,0,1594873281.2682948
CF_Clu_TripUnit,0,1594873281.366774
CF_Clu_TripUnit,0,1594873281.465384
CF_Clu_TripUnit,0,1594873281.5674381
CF_Clu_TripUnit,0,1594873281.6659682
CF_Clu_TripUnit,0,1594873282.5668216
CF_Clu_TripUnit,0,1594873282.865754
CF_Clu_TripUnit,0,1594873283.06716
CF_Clu_TripUnit,0,1594873284.0657248
CF_Clu_TripUnit,0,1594873284.463027
CF_Clu_TripUnit,0,1594873284.7660842
CF_Clu_TripUnit,0,1594873285.26176
CF_Clu_TripUnit,0,1594873285.462507
CF_Clu_TripUnit,0,1594873286.6631126
CF_Clu_TripUnit,0,1594873286.761347
CF_Clu_TripUnit,0,1594873287.457572
CF_Clu_TripUnit,0,1594873288.15798
CF_Clu_TripUnit,0,1594873288.457776
CF_Clu_TripUnit,0,1594873288.756916
CF_Clu_TripUnit,0,1594873289.058574
CF_Clu_TripUnit,0,1594873289.1576211
CF_Clu_TripUnit,0,1594873290.8565388
CF_Clu_TripUnit,0,1594873291.155666
CF_Clu_TripUnit,0,1594873291.651573
CF_Clu_TripUnit,0,1594873292.450464
CF_Clu_TripUnit,0,1594873295.448242
CF_Clu_TripUnit,0,1594873295.550818
CF_Clu_TripUnit,0,1594873295.6486342
CF_Clu_TripUnit,0,1594873296.24709
CF_Clu_TripUnit,0,1594873296.345439
CF_Clu_TripUnit,0,1594873296.4473028
CF_Clu_TripUnit,0,1594873296.84866
CF_Clu_TripUnit,0,1594873297.8481114
CF_Clu_TripUnit,0,1594873298.3438025
CF_Clu_TripUnit,0,1594873299.5437946
CF_Clu_TripUnit,0,1594873299.9450626
CF_Clu_TripUnit,0,1594873301.3418946
CF_Clu_TripUnit,0,1594873301.940573
CF_Clu_TripUnit,0,1594873302.042433
CF_Clu_TripUnit,0,1594873302.239209
CF_Clu_TripUnit,0,1594873302.443477
CF_Clu_TripUnit,0,1594873302.538811
CF_Clu_TripUnit,0,1594873302.640542
CF_Clu_TripUnit,0,1594873303.738029
CF_Clu_TripUnit,0,1594873303.9349642
CF_Clu_TripUnit,0,1594873304.1391768
CF_Clu_TripUnit,0,1594873304.237775
CF_Clu_TripUnit,0,1594873304.635391
CF_Clu_TripUnit,0,1594873304.934151
CF_Clu_TripUnit,0,1594873305.5359118
CF_Clu_TripUnit,0,1594873306.83422
CF_Clu_TripUnit,0,1594873306.93276
CF_Clu_TripUnit,0,1594873307.133353
CF_Clu_TripUnit,0,1594873307.2319472
CF_Clu_TripUnit,0,1594873307.432642
CF_Clu_TripUnit,0,1594873308.0342898
CF_Clu_TripUnit,0,1594873309.5334868
CF_Clu_TripUnit,0,1594873310.1278539
CF_Clu_TripUnit,0,1594873310.627369
CF_Clu_TripUnit,0,1594873311.528176
CF_Clu_TripUnit,0,1594873311.728665
CF_Clu_TripUnit,0,1594873311.827182
CF_Clu_TripUnit,0,1594873312.1260462
CF_Clu_TripUnit,0,1594873312.625988
CF_Clu_TripUnit,0,1594873312.7244911
CF_Clu_TripUnit,0,1594873313.924144
CF_Clu_TripUnit,0,1594873314.423809
CF_Clu_TripUnit,0,1594873314.6246886
CF_Clu_TripUnit,0,1594873314.923528
CF_Clu_TripUnit,0,1594873315.423105
CF_Clu_TripUnit,0,1594873315.923157
CF_Clu_TripUnit,0,1594873317.71726
CF_Clu_TripUnit,0,1594873318.318951
CF_Clu_TripUnit,0,1594873318.617986
CF_Clu_TripUnit,0,1594873318.9172502
CF_Clu_TripUnit,0,1594873319.0192251
CF_Clu_TripUnit,0,1594873319.1175294
CF_Clu_TripUnit,0,1594873319.216373
CF_Clu_TripUnit,0,1594873319.617172
CF_Clu_TripUnit,0,1594873320.416476
CF_Clu_TripUnit,0,1594873320.7152588
CF_Clu_TripUnit,0,1594873321.513566
CF_Clu_TripUnit,0,1594873322.115732
CF_Clu_TripUnit,0,1594873322.910774
CF_Clu_TripUnit,0,1594873323.2096279
CF_Clu_TripUnit,0,1594873324.2126534
CF_Clu_TripUnit,0,1594873324.5118778
CF_Clu_TripUnit,0,1594873324.8109632
CF_Clu_TripUnit,0,1594873325.707784
CF_Clu_TripUnit,0,1594873326.3062332
CF_Clu_TripUnit,0,1594873326.408297
CF_Clu_TripUnit,0,1594873326.7071428
CF_Clu_TripUnit,0,1594873326.806533
CF_Clu_TripUnit,0,1594873327.0062
CF_Clu_TripUnit,0,1594873327.4076214
CF_Clu_TripUnit,0,1594873327.7064939
CF_Clu_TripUnit,0,1594873329.205763
CF_Clu_TripUnit,0,1594873329.602767
CF_Clu_TripUnit,0,1594873329.901817
CF_Clu_TripUnit,0,1594873330.2014802
CF_Clu_TripUnit,0,1594873330.5002491
CF_Clu_TripUnit,0,1594873331.000075
CF_Clu_TripUnit,0,1594873331.1018188
CF_Clu_TripUnit,0,1594873331.200311
CF_Clu_TripUnit,0,1594873331.499619
CF_Clu_TripUnit,0,1594873332.3018649
CF_Clu_TripUnit,0,1594873332.4007401
CF_Clu_TripUnit,0,1594873332.9982028
CF_Clu_TripUnit,0,1594873334.09622
CF_Clu_TripUnit,0,1594873334.5958982
CF_Clu_TripUnit,0,1594873334.898567
CF_Clu_TripUnit,0,1594873334.996932
CF_Clu_TripUnit,0,1594873335.295899
CF_Clu_TripUnit,0,1594873335.595386
CF_Clu_TripUnit,0,1594873335.996275
CF_Clu_TripUnit,0,1594873336.299387
CF_Clu_TripUnit,0,1594873336.594342
CF_Clu_TripUnit,0,1594873337.392975
CF_Clu_TripUnit,0,1594873337.692178
CF_Clu_TripUnit,0,1594873337.794264
CF_Clu_TripUnit,0,1594873338.093309
CF_Clu_TripUnit,0,1594873338.392302
CF_Clu_TripUnit,0,1594873339.793139
CF_Clu_TripUnit,0,1594873340.092057
CF_Clu_TripUnit,0,1594873340.788739
CF_Clu_TripUnit,0,1594873341.488977
CF_Clu_TripUnit,0,1594873341.8863392
CF_Clu_TripUnit,0,1594873342.4884038
CF_Clu_TripUnit,0,1594873343.1844618
CF_Clu_TripUnit,0,1594873343.885269
CF_Clu_TripUnit,0,1594873343.983476
CF_Clu_TripUnit,0,1594873345.0811448
CF_Clu_TripUnit,0,1594873345.2819722
CF_Clu_TripUnit,0,1594873345.580801
CF_Clu_TripUnit,0,1594873346.1826394
CF_Clu_TripUnit,0,1594873346.280867
CF_Clu_TripUnit,0,1594873347.1819448
CF_Clu_TripUnit,0,1594873347.280276
CF_Clu_TripUnit,0,1594873347.6816301
CF_Clu_TripUnit,0,1594873347.7798731
CF_Clu_TripUnit,0,1594873348.5785382
CF_Clu_TripUnit,0,1594873348.9764512
CF_Clu_TripUnit,0,1594873349.078306
CF_Clu_TripUnit,0,1594873349.1768641
CF_Clu_TripUnit,0,1594873349.479668
CF_Clu_TripUnit,0,1594873349.57797
CF_Clu_TripUnit,0,1594873349.775176
CF_Clu_TripUnit,0,1594873350.077676
CF_Clu_TripUnit,0,1594873350.376726
CF_Clu_TripUnit,0,1594873351.0769432
CF_Clu_TripUnit,0,1594873351.175339
CF_Clu_TripUnit,0,1594873351.67908
CF_Clu_TripUnit,0,1594873352.174848
CF_Clu_TripUnit,0,1594873352.372281
CF_Clu_TripUnit,0,1594873352.9735222
CF_Clu_TripUnit,0,1594873353.670461
CF_Clu_TripUnit,0,1594873353.7722
CF_Clu_TripUnit,0,1594873354.0713036
CF_Clu_TripUnit,0,1594873354.3701918
CF_Clu_TripUnit,0,1594873354.972116
CF_Clu_TripUnit,0,1594873355.0706198
CF_Clu_TripUnit,0,1594873355.3699741
CF_Clu_TripUnit,0,1594873355.5708392
CF_Clu_TripUnit,0,1594873356.06972
CF_Clu_TripUnit,0,1594873356.6677382
CF_Clu_TripUnit,0,1594873356.9667652
CF_Clu_TripUnit,0,1594873357.065467
CF_Clu_TripUnit,0,1594873357.265923
CF_Clu_TripUnit,0,1594873357.368093
CF_Clu_TripUnit,0,1594873357.966193
CF_Clu_TripUnit,0,1594873358.163232
CF_Clu_TripUnit,0,1594873358.363859
CF_Clu_TripUnit,0,1594873358.4662368
CF_Clu_TripUnit,0,1594873358.765182
CF_Clu_TripUnit,0,1594873358.867226
CF_Clu_TripUnit,0,1594873358.9655411
CF_Clu_TripUnit,0,1594873359.2644222
CF_Clu_TripUnit,0,1594873359.5635798
CF_Clu_TripUnit,0,1594873360.063185
CF_Clu_TripUnit,0,1594873360.562885
CF_Clu_TripUnit,0,1594873360.861858
CF_Clu_TripUnit,0,1594873360.9607182
CF_Clu_TripUnit,0,1594873361.1611679
CF_Clu_TripUnit,0,1594873361.263196
CF_Clu_TripUnit,0,1594873361.759142
CF_Clu_TripUnit,0,1594873361.861104
CF_Clu_TripUnit,0,1594873362.561595
CF_Clu_TripUnit,0,1594873363.061295
CF_Clu_TripUnit,0,1594873364.757194
CF_Clu_TripUnit,0,1594873365.855592
CF_Clu_TripUnit,0,1594873366.657516
CF_Clu_TripUnit,0,1594873366.854336
CF_Clu_TripUnit,0,1594873367.0549722
CF_Clu_TripUnit,0,1594873367.652744
CF_Clu_TripUnit,0,1594873368.152431
CF_Clu_TripUnit,0,1594873368.251013
CF_Clu_TripUnit,0,1594873368.349555
CF_Clu_TripUnit,0,1594873368.451593
CF_Clu_TripUnit,0,1594873368.6520262
CF_Clu_TripUnit,0,1594873368.9552672
CF_Clu_TripUnit,0,1594873369.151623
CF_Clu_TripUnit,0,1594873370.0492249
CF_Clu_TripUnit,0,1594873370.249768
CF_Clu_TripUnit,0,1594873370.450049
CF_Clu_TripUnit,0,1594873370.7495732
CF_Clu_TripUnit,0,1594873370.8515232
CF_Clu_TripUnit,0,1594873371.146909
CF_Clu_TripUnit,0,1594873371.25297
CF_Clu_TripUnit,0,1594873371.748557
CF_Clu_TripUnit,0,1594873372.2482374
CF_Clu_TripUnit,0,1594873374.242791
CF_Clu_TripUnit,0,1594873375.042202
CF_Clu_TripUnit,0,1594873375.242222
CF_Clu_TripUnit,0,1594873375.6435046
CF_Clu_TripUnit,0,1594873376.241601
CF_Clu_TripUnit,0,1594873376.6429498
CF_Clu_TripUnit,0,1594873377.040349
CF_Clu_TripUnit,0,1594873377.2409859
CF_Clu_TripUnit,0,1594873378.441691
CF_Clu_TripUnit,0,1594873380.034743
CF_Clu_TripUnit,0,1594873380.2355044
CF_Clu_TripUnit,0,1594873380.538132
CF_Clu_TripUnit,0,1594873380.636479
CF_Clu_TripUnit,0,1594873381.234726
CF_Clu_TripUnit,0,1594873381.6321466
CF_Clu_TripUnit,0,1594873381.734354
CF_Clu_TripUnit,0,1594873382.2337039
CF_Clu_TripUnit,0,1594873382.3320801
CF_Clu_TripUnit,0,1594873382.532733
CF_Clu_TripUnit,0,1594873382.8322039
CF_Clu_TripUnit,0,1594873382.934082
CF_Clu_TripUnit,0,1594873383.1310024
CF_Clu_TripUnit,0,1594873383.929783
CF_Clu_TripUnit,0,1594873384.2287278
CF_Clu_TripUnit,0,1594873384.830376
CF_Clu_TripUnit,0,1594873384.929036
CF_Clu_TripUnit,0,1594873385.1294868
CF_Clu_TripUnit,0,1594873386.3294652
CF_Clu_TripUnit,0,1594873387.1280859
CF_Clu_TripUnit,0,1594873387.328776
CF_Clu_TripUnit,0,1594873387.7262142
CF_Clu_TripUnit,0,1594873387.8250508
CF_Clu_TripUnit,0,1594873388.123869
CF_Clu_TripUnit,0,1594873388.824416
CF_Clu_TripUnit,0,1594873390.2249599
CF_Clu_TripUnit,0,1594873390.621938
CF_Clu_TripUnit,0,1594873390.721281
CF_Clu_TripUnit,0,1594873391.0233018
CF_Clu_TripUnit,0,1594873391.221024
CF_Clu_TripUnit,0,1594873391.522979
CF_Clu_TripUnit,0,1594873391.621867
CF_Clu_TripUnit,0,1594873391.720577
CF_Clu_TripUnit,0,1594873391.92147
CF_Clu_TripUnit,0,1594873392.1214821
CF_Clu_TripUnit,0,1594873392.2195132
CF_Clu_TripUnit,0,1594873392.420244
CF_Clu_TripUnit,0,1594873395.2136118
CF_Clu_TripUnit,0,1594873395.3156931
CF_Clu_TripUnit,0,1594873395.6151192
CF_Clu_TripUnit,0,1594873395.716949
CF_Clu_TripUnit,0,1594873395.8154082
CF_Clu_TripUnit,0,1594873396.315119
CF_Clu_TripUnit,0,1594873396.614207
CF_Clu_TripUnit,0,1594873397.2124534
CF_Clu_TripUnit,0,1594873397.511329
CF_Clu_TripUnit,0,1594873397.613405
CF_Clu_TripUnit,0,1594873397.912462
CF_Clu_TripUnit,0,1594873398.4124448
CF_Clu_TripUnit,0,1594873398.612824
CF_Clu_TripUnit,0,1594873398.9117901
CF_Clu_TripUnit,0,1594873399.710334
CF_Clu_TripUnit,0,1594873400.312429
CF_Clu_TripUnit,0,1594873401.4102368
CF_Clu_TripUnit,0,1594873402.012217
CF_Clu_TripUnit,0,1594873402.311352
CF_Clu_TripUnit,0,1594873402.405827
CF_Clu_TripUnit,0,1594873403.504156
CF_Clu_TripUnit,0,1594873404.105398
CF_Clu_TripUnit,0,1594873404.3062901
CF_Clu_TripUnit,0,1594873404.4044619
CF_Clu_TripUnit,0,1594873405.100915
CF_Clu_TripUnit,0,1594873405.502005
CF_Clu_TripUnit,0,1594873405.604469
CF_Clu_TripUnit,0,1594873406.104209
CF_Clu_TripUnit,0,1594873406.30101
CF_Clu_TripUnit,0,1594873406.4029794
CF_Clu_TripUnit,0,1594873406.702882
CF_Clu_TripUnit,0,1594873407.2999911
CF_Clu_TripUnit,0,1594873408.3980892
CF_Clu_TripUnit,0,1594873408.499948
CF_Clu_TripUnit,0,1594873409.200491
CF_Clu_TripUnit,0,1594873410.196125
CF_Clu_TripUnit,0,1594873410.298069
CF_Clu_TripUnit,0,1594873411.093051
CF_Clu_TripUnit,0,1594873411.6947448
CF_Clu_TripUnit,0,1594873412.694047
CF_Clu_TripUnit,0,1594873412.7964098
CF_Clu_TripUnit,0,1594873413.292085
CF_Clu_TripUnit,0,1594873413.6933439
CF_Clu_TripUnit,0,1594873413.791747
CF_Clu_TripUnit,0,1594873414.1933231
CF_Clu_TripUnit,0,1594873414.988178
CF_Clu_TripUnit,0,1594873415.0907578
CF_Clu_TripUnit,0,1594873415.389209
CF_Clu_TripUnit,0,1594873415.589806
CF_Clu_TripUnit,0,1594873417.585224
CF_Clu_TripUnit,0,1594873417.986184
CF_Clu_TripUnit,0,1594873418.186825
CF_Clu_TripUnit,0,1594873418.4858694
CF_Clu_TripUnit,0,1594873418.985237
CF_Clu_TripUnit,0,1594873419.48502
CF_Clu_TripUnit,0,1594873419.7843661
CF_Clu_TripUnit,0,1594873420.0829928
CF_Clu_TripUnit,0,1594873420.480603
CF_Clu_TripUnit,0,1594873420.582607
CF_Clu_TripUnit,0,1594873420.685138
CF_Clu_TripUnit,0,1594873420.882443
CF_Clu_TripUnit,0,1594873421.082355
CF_Clu_TripUnit,0,1594873421.6806376
CF_Clu_TripUnit,0,1594873421.983257
CF_Clu_TripUnit,0,1594873422.278601
CF_Clu_TripUnit,0,1594873422.3807962
CF_Clu_TripUnit,0,1594873422.479444
CF_Clu_TripUnit,0,1594873422.5813801
CF_Clu_TripUnit,0,1594873422.7819881
CF_Clu_TripUnit,0,1594873422.880399
CF_Clu_TripUnit,0,1594873424.281234
CF_Clu_TripUnit,0,1594873424.97734
CF_Clu_TripUnit,0,1594873425.178096
CF_Clu_TripUnit,0,1594873425.3750348
CF_Clu_TripUnit,0,1594873425.677687
CF_Clu_TripUnit,0,1594873427.275161
CF_Clu_TripUnit,0,1594873427.672544
CF_Clu_TripUnit,0,1594873428.671903
CF_Clu_TripUnit,0,1594873428.872481
CF_Clu_TripUnit,0,1594873429.5699198
CF_Clu_TripUnit,0,1594873430.1711571
CF_Clu_TripUnit,0,1594873430.269443
CF_Clu_TripUnit,0,1594873432.071518
CF_Clu_TripUnit,0,1594873433.165293
CF_Clu_TripUnit,0,1594873433.267157
CF_Clu_TripUnit,0,1594873433.964065
CF_Clu_TripUnit,0,1594873434.065834
CF_Clu_TripUnit,0,1594873434.2629206
CF_Clu_TripUnit,0,1594873435.1637602
CF_Clu_TripUnit,0,1594873435.2623231
CF_Clu_TripUnit,0,1594873435.4626088
CF_Clu_TripUnit,0,1594873435.667298
CF_Clu_TripUnit,0,1594873435.7616038
CF_Clu_TripUnit,0,1594873435.962256
CF_Clu_TripUnit,0,1594873436.461969
CF_Clu_TripUnit,0,1594873436.7609751
CF_Clu_TripUnit,0,1594873436.859597
CF_Clu_TripUnit,0,1594873438.059333
CF_Clu_TripUnit,0,1594873438.158256
CF_Clu_TripUnit,0,1594873438.559036
CF_Clu_TripUnit,0,1594873439.660811
CF_Clu_TripUnit,0,1594873440.357475
CF_Clu_TripUnit,0,1594873441.05404
CF_Clu_TripUnit,0,1594873441.3564534
CF_Clu_TripUnit,0,1594873442.253771
CF_Clu_TripUnit,0,1594873442.3526444
CF_Clu_TripUnit,0,1594873442.9538028
CF_Clu_TripUnit,0,1594873443.253934
CF_Clu_TripUnit,0,1594873443.551958
CF_Clu_TripUnit,0,1594873443.6504211
CF_Clu_TripUnit,0,1594873444.350612
CF_Clu_TripUnit,0,1594873445.0514019
CF_Clu_TripUnit,0,1594873445.452445
CF_Clu_TripUnit,0,1594873445.5505471
CF_Clu_TripUnit,0,1594873445.653236
CF_Clu_TripUnit,0,1594873445.948718
CF_Clu_TripUnit,0,1594873446.148459
CF_Clu_TripUnit,0,1594873446.648225
CF_Clu_TripUnit,0,1594873447.44734
CF_Clu_TripUnit,0,1594873447.6482449
CF_Clu_TripUnit,0,1594873448.446198
CF_Clu_TripUnit,0,1594873449.4456038
CF_Clu_TripUnit,0,1594873449.9453099
CF_Clu_TripUnit,0,1594873452.239358
CF_Clu_TripUnit,0,1594873452.840971
CF_Clu_TripUnit,0,1594873452.939584
CF_Clu_TripUnit,0,1594873453.8369231
CF_Clu_TripUnit,0,1594873454.238326
CF_Clu_TripUnit,0,1594873454.93812
CF_Clu_TripUnit,0,1594873456.535907
CF_Clu_TripUnit,0,1594873456.736418
CF_Clu_TripUnit,0,1594873457.035517
CF_Clu_TripUnit,0,1594873457.1343546
CF_Clu_TripUnit,0,1594873457.3349671
CF_Clu_TripUnit,0,1594873457.535049
CF_Clu_TripUnit,0,1594873458.5342238
CF_Clu_TripUnit,0,1594873459.529967
CF_Clu_TripUnit,0,1594873460.029511
CF_Clu_TripUnit,0,1594873460.3322508
CF_Clu_TripUnit,0,1594873460.430562
CF_Clu_TripUnit,0,1594873460.63116
CF_Clu_TripUnit,0,1594873460.9302046
CF_Clu_TripUnit,0,1594873462.830742
CF_Clu_TripUnit,0,1594873462.928978
CF_Clu_TripUnit,0,1594873463.2279446
CF_Clu_TripUnit,0,1594873463.5272489
CF_Clu_TripUnit,0,1594873464.223568
CF_Clu_TripUnit,0,1594873464.6245694
CF_Clu_TripUnit,0,1594873464.825265
CF_Clu_TripUnit,0,1594873465.1242561
CF_Clu_TripUnit,0,1594873466.021635
CF_Clu_TripUnit,0,1594873466.1237712
CF_Clu_TripUnit,0,1594873466.422893
CF_Clu_TripUnit,0,1594873466.5215194
CF_Clu_TripUnit,0,1594873466.6233768
CF_Clu_TripUnit,0,1594873467.024938
CF_Clu_TripUnit,0,1594873467.320022
CF_Clu_TripUnit,0,1594873467.4220948
CF_Clu_TripUnit,0,1594873467.520423
CF_Clu_TripUnit,0,1594873467.6228368
CF_Clu_TripUnit,0,1594873467.9218812
CF_Clu_TripUnit,0,1594873468.020385
CF_Clu_TripUnit,0,1594873468.220892
CF_Clu_TripUnit,0,1594873468.5201466
CF_Clu_TripUnit,0,1594873468.9177132
CF_Clu_TripUnit,0,1594873469.118874
CF_Clu_TripUnit,0,1594873469.4173539
CF_Clu_TripUnit,0,1594873470.117204
CF_Clu_TripUnit,0,1594873470.620918
CF_Clu_TripUnit,0,1594873471.415481
CF_Clu_TripUnit,0,1594873471.813458
CF_Clu_TripUnit,0,1594873473.0132182
CF_Clu_TripUnit,0,1594873473.41414
CF_Clu_TripUnit,0,1594873473.516513
CF_Clu_TripUnit,0,1594873474.1107981
CF_Clu_TripUnit,0,1594873474.311595
CF_Clu_TripUnit,0,1594873474.610487
CF_Clu_TripUnit,0,1594873474.712605
CF_Clu_TripUnit,0,1594873474.909761
CF_Clu_TripUnit,0,1594873475.511376
CF_Clu_TripUnit,0,1594873475.708271
CF_Clu_TripUnit,0,1594873476.309906
CF_Clu_TripUnit,0,1594873477.9073658
CF_Clu_TripUnit,0,1594873478.8045912
CF_Clu_TripUnit,0,1594873479.205796
CF_Clu_TripUnit,0,1594873479.5047688
CF_Clu_TripUnit,0,1594873479.803924
CF_Clu_TripUnit,0,1594873479.906058
CF_Clu_TripUnit,0,1594873480.4058251
CF_Clu_TripUnit,0,1594873481.003737
CF_Clu_TripUnit,0,1594873481.303225
CF_Clu_TripUnit,0,1594873481.802706
CF_Clu_TripUnit,0,1594873482.1016119
CF_Clu_TripUnit,0,1594873482.2003438
CF_Clu_TripUnit,0,1594873482.40049
CF_Clu_TripUnit,0,1594873482.5029712
CF_Clu_TripUnit,0,1594873482.703485
CF_Clu_TripUnit,0,1594873482.900169
CF_Clu_TripUnit,0,1594873483.002816
CF_Clu_TripUnit,0,1594873483.498424
CF_Clu_TripUnit,0,1594873483.6006038
CF_Clu_TripUnit,0,1594873483.797605
CF_Clu_TripUnit,0,1594873484.100082
CF_Clu_TripUnit,0,1594873484.800482
CF_Clu_TripUnit,0,1594873486.696748
CF_Clu_TripUnit,0,1594873486.7951741
CF_Clu_TripUnit,0,1594873487.3935518
CF_Clu_TripUnit,0,1594873487.692692
CF_Clu_TripUnit,0,1594873487.7944689
CF_Clu_TripUnit,0,1594873488.896378
CF_Clu_TripUnit,0,1594873489.5926652
CF_Clu_TripUnit,0,1594873489.7933161
CF_Clu_TripUnit,0,1594873490.5919108
CF_Clu_TripUnit,0,1594873490.9895132
CF_Clu_TripUnit,0,1594873491.0878751
CF_Clu_TripUnit,0,1594873491.292293
CF_Clu_TripUnit,0,1594873491.5876944
CF_Clu_TripUnit,0,1594873491.7885606
CF_Clu_TripUnit,0,1594873491.890478
CF_Clu_TripUnit,0,1594873493.6887882
CF_Clu_TripUnit,0,1594873495.4826794
CF_Clu_TripUnit,0,1594873496.0847561
CF_Clu_TripUnit,0,1594873496.1827948
CF_Clu_TripUnit,0,1594873496.482032
CF_Clu_TripUnit,0,1594873496.883059
CF_Clu_TripUnit,0,1594873497.4810922
CF_Clu_TripUnit,0,1594873497.980762
CF_Clu_TripUnit,0,1594873498.1815
CF_Clu_TripUnit,0,1594873498.780239
CF_Clu_TripUnit,0,1594873499.680485
CF_Clu_TripUnit,0,1594873500.377218
CF_Clu_TripUnit,0,1594873502.076475
CF_Clu_TripUnit,0,1594873502.273605
CF_Clu_TripUnit,0,1594873502.4738731
CF_Clu_TripUnit,0,1594873503.673936
CF_Clu_TripUnit,0,1594873503.7727182
CF_Clu_TripUnit,0,1594873504.7716439
CF_Clu_TripUnit,0,1594873505.070974
CF_Clu_TripUnit,0,1594873505.6694221
CF_Clu_TripUnit,0,1594873505.971906
CF_Clu_TripUnit,0,1594873506.172432
CF_Clu_TripUnit,0,1594873506.5699918
CF_Clu_TripUnit,0,1594873508.368096
CF_Clu_TripUnit,0,1594873510.3628519
CF_Clu_TripUnit,0,1594873511.362244
CF_Clu_TripUnit,0,1594873512.0661552
CF_Clu_TripUnit,0,1594873512.164513
CF_Clu_TripUnit,0,1594873513.160168
CF_Clu_TripUnit,0,1594873513.262153
CF_Clu_TripUnit,0,1594873514.159146
CF_Clu_TripUnit,0,1594873514.462177
CF_Clu_TripUnit,0,1594873514.560462
CF_Clu_TripUnit,0,1594873514.658836
CF_Clu_TripUnit,0,1594873514.859514
CF_Clu_TripUnit,0,1594873514.9578626
CF_Clu_TripUnit,0,1594873515.158464
CF_Clu_TripUnit,0,1594873515.359541
CF_Clu_TripUnit,0,1594873516.858238
CF_Clu_TripUnit,0,1594873517.554848
CF_Clu_TripUnit,0,1594873517.9557626
CF_Clu_TripUnit,0,1594873518.452683
CF_Clu_TripUnit,0,1594873519.9546938
CF_Clu_TripUnit,0,1594873520.052974
CF_Clu_TripUnit,0,1594873520.450911
CF_Clu_TripUnit,0,1594873520.6511712
CF_Clu_TripUnit,0,1594873520.9508119
CF_Clu_TripUnit,0,1594873521.2495131
CF_Clu_TripUnit,0,1594873521.748675
CF_Clu_TripUnit,0,1594873522.048075
CF_Clu_TripUnit,0,1594873522.252466
CF_Clu_TripUnit,0,1594873522.547453
CF_Clu_TripUnit,0,1594873522.649715
CF_Clu_TripUnit,0,1594873524.644767
CF_Clu_TripUnit,0,1594873524.947356
CF_Clu_TripUnit,0,1594873525.049986
CF_Clu_TripUnit,0,1594873525.5454009
CF_Clu_TripUnit,0,1594873526.045132
CF_Clu_TripUnit,0,1594873526.245748
CF_Clu_TripUnit,0,1594873526.942542
CF_Clu_TripUnit,0,1594873527.941434
CF_Clu_TripUnit,0,1594873528.84246
CF_Clu_TripUnit,0,1594873528.9407651
CF_Clu_TripUnit,0,1594873529.5388901
CF_Clu_TripUnit,0,1594873529.6375608
CF_Clu_TripUnit,0,1594873529.838445
CF_Clu_TripUnit,0,1594873530.038597
CF_Clu_TripUnit,0,1594873530.337627
CF_Clu_TripUnit,0,1594873530.4398024
CF_Clu_TripUnit,0,1594873530.936013
CF_Clu_TripUnit,0,1594873531.037927
CF_Clu_TripUnit,0,1594873531.1366382
CF_Clu_TripUnit,0,1594873531.738344
CF_Clu_TripUnit,0,1594873532.53703
CF_Clu_TripUnit,0,1594873532.63921
CF_Clu_TripUnit,0,1594873532.9344099
CF_Clu_TripUnit,0,1594873533.835339
CF_Clu_TripUnit,0,1594873534.732374
CF_Clu_TripUnit,0,1594873536.129722
CF_Clu_TripUnit,0,1594873536.829375
CF_Clu_TripUnit,0,1594873537.0300312
CF_Clu_TripUnit,0,1594873537.1288068
CF_Clu_TripUnit,0,1594873537.427618
CF_Clu_TripUnit,0,1594873538.127879
CF_Clu_TripUnit,0,1594873538.4270358
CF_Clu_TripUnit,0,1594873540.8230634
CF_Clu_TripUnit,0,1594873541.424784
CF_Clu_TripUnit,0,1594873543.022402
CF_Clu_TripUnit,0,1594873543.124531
CF_Clu_TripUnit,0,1594873543.919728
CF_Clu_TripUnit,0,1594873544.021673
CF_Clu_TripUnit,0,1594873544.3204944
CF_Clu_TripUnit,0,1594873544.521305
CF_Clu_TripUnit,0,1594873545.017504
CF_Clu_TripUnit,0,1594873545.119354
CF_Clu_TripUnit,0,1594873545.217886
CF_Clu_TripUnit,0,1594873545.319944
CF_Clu_TripUnit,0,1594873545.520757
CF_Clu_TripUnit,0,1594873545.6189492
CF_Clu_TripUnit,0,1594873545.9180422
CF_Clu_TripUnit,0,1594873546.016546
CF_Clu_TripUnit,0,1594873546.315836
CF_Clu_TripUnit,0,1594873548.313942
CF_Clu_TripUnit,0,1594873548.916115
CF_Clu_TripUnit,0,1594873549.911806
CF_Clu_TripUnit,0,1594873550.1124241
CF_Clu_TripUnit,0,1594873551.312068
CF_Clu_TripUnit,0,1594873551.410344
CF_Clu_TripUnit,0,1594873551.5091796
CF_Clu_TripUnit,0,1594873551.7094061
CF_Clu_TripUnit,0,1594873552.008749
CF_Clu_TripUnit,0,1594873552.107069
CF_Clu_TripUnit,0,1594873552.6104631
CF_Clu_TripUnit,0,1594873552.807442
CF_Clu_TripUnit,0,1594873553.1101706
CF_Clu_TripUnit,0,1594873553.5073886
CF_Clu_TripUnit,0,1594873553.708268
CF_Clu_TripUnit,0,1594873554.507333
CF_Clu_TripUnit,0,1594873557.3043141
CF_Clu_TripUnit,0,1594873557.603335
CF_Clu_TripUnit,0,1594873557.701857
CF_Clu_TripUnit,0,1594873558.4018881
CF_Clu_TripUnit,0,1594873558.701235
CF_Clu_TripUnit,0,1594873559.000143
CF_Clu_TripUnit,0,1594873559.299374
CF_Clu_TripUnit,0,1594873559.598272
CF_Clu_TripUnit,0,1594873560.499769
CF_Clu_TripUnit,0,1594873560.900558
CF_Clu_TripUnit,0,1594873561.4983552
CF_Clu_TripUnit,0,1594873561.7976232
CF_Clu_TripUnit,0,1594873562.395673
CF_Clu_TripUnit,0,1594873563.2966142
CF_Clu_TripUnit,0,1594873564.292028
CF_Clu_TripUnit,0,1594873564.992436
CF_Clu_TripUnit,0,1594873565.094528
CF_Clu_TripUnit,0,1594873565.491683
CF_Clu_TripUnit,0,1594873565.892975
CF_Clu_TripUnit,0,1594873565.991784
CF_Clu_TripUnit,0,1594873566.4910688
CF_Clu_TripUnit,0,1594873566.691679
CF_Clu_TripUnit,0,1594873566.7900338
CF_Clu_TripUnit,0,1594873567.2900891
CF_Clu_TripUnit,0,1594873567.4903948
CF_Clu_TripUnit,0,1594873567.789647
CF_Clu_TripUnit,0,1594873568.187136
CF_Clu_TripUnit,0,1594873568.3881109
CF_Clu_TripUnit,0,1594873568.5920708
CF_Clu_TripUnit,0,1594873569.1864312
CF_Clu_TripUnit,0,1594873570.185458
CF_Clu_TripUnit,0,1594873570.386213
CF_Clu_TripUnit,0,1594873571.188992
CF_Clu_TripUnit,0,1594873571.6845
CF_Clu_TripUnit,0,1594873571.783165
CF_Clu_TripUnit,0,1594873572.082688
CF_Clu_TripUnit,0,1594873572.6839778
CF_Clu_TripUnit,0,1594873572.7823546
CF_Clu_TripUnit,0,1594873573.183994
CF_Clu_TripUnit,0,1594873573.2827034
CF_Clu_TripUnit,0,1594873573.781533
CF_Clu_TripUnit,0,1594873573.9824069
CF_Clu_TripUnit,0,1594873574.580309
CF_Clu_TripUnit,0,1594873574.678902
CF_Clu_TripUnit,0,1594873574.9817731
CF_Clu_TripUnit,0,1594873575.2806025
CF_Clu_TripUnit,0,1594873575.378852
CF_Clu_TripUnit,0,1594873575.579618
CF_Clu_TripUnit,0,1594873575.9808712
CF_Clu_TripUnit,0,1594873576.075582
CF_Clu_TripUnit,0,1594873576.1781552
CF_Clu_TripUnit,0,1594873576.2799551
CF_Clu_TripUnit,0,1594873576.9765491
CF_Clu_TripUnit,0,1594873577.078607
CF_Clu_TripUnit,0,1594873577.177421
CF_Clu_TripUnit,0,1594873577.578302
CF_Clu_TripUnit,0,1594873577.676645
CF_Clu_TripUnit,0,1594873577.975656
CF_Clu_TripUnit,0,1594873578.3770392
CF_Clu_TripUnit,0,1594873578.475349
CF_Clu_TripUnit,0,1594873578.979001
CF_Clu_TripUnit,0,1594873579.175724
CF_Clu_TripUnit,0,1594873579.3764422
CF_Clu_TripUnit,0,1594873580.572508
CF_Clu_TripUnit,0,1594873580.6751194
CF_Clu_TripUnit,0,1594873580.871897
CF_Clu_TripUnit,0,1594873582.370503
CF_Clu_TripUnit,0,1594873582.7681198
CF_Clu_TripUnit,0,1594873582.8703098
CF_Clu_TripUnit,0,1594873583.070972
CF_Clu_TripUnit,0,1594873583.1692939
CF_Clu_TripUnit,0,1594873583.271382
CF_Clu_TripUnit,0,1594873583.668753
CF_Clu_TripUnit,0,1594873583.7713876
CF_Clu_TripUnit,0,1594873584.0673802
CF_Clu_TripUnit,0,1594873584.268086
CF_Clu_TripUnit,0,1594873584.668601
CF_Clu_TripUnit,0,1594873584.767446
CF_Clu_TripUnit,0,1594873585.865067
CF_Clu_TripUnit,0,1594873586.966325
CF_Clu_TripUnit,0,1594873587.265059
CF_Clu_TripUnit,0,1594873587.461994
CF_Clu_TripUnit,0,1594873587.66229
CF_Clu_TripUnit,0,1594873588.4657009
CF_Clu_TripUnit,0,1594873590.058568
CF_Clu_TripUnit,0,1594873590.2594962
CF_Clu_TripUnit,0,1594873590.5583026
CF_Clu_TripUnit,0,1594873590.66034
CF_Clu_TripUnit,0,1594873590.7586448
CF_Clu_TripUnit,0,1594873590.8610072
CF_Clu_TripUnit,0,1594873590.95928
CF_Clu_TripUnit,0,1594873591.058223
CF_Clu_TripUnit,0,1594873591.160002
CF_Clu_TripUnit,0,1594873591.6560378
CF_Clu_TripUnit,0,1594873591.757995
CF_Clu_TripUnit,0,1594873592.1555471
CF_Clu_TripUnit,0,1594873592.2576454
CF_Clu_TripUnit,0,1594873592.556632
CF_Clu_TripUnit,0,1594873593.056732
CF_Clu_TripUnit,0,1594873595.153458
CF_Clu_TripUnit,0,1594873595.252072
CF_Clu_TripUnit,0,1594873596.1528618
CF_Clu_TripUnit,0,1594873597.050698
CF_Clu_TripUnit,0,1594873597.2507
CF_Clu_TripUnit,0,1594873597.45121
CF_Clu_TripUnit,0,1594873598.0494142
CF_Clu_TripUnit,0,1594873598.148024
CF_Clu_TripUnit,0,1594873598.3488061
CF_Clu_TripUnit,0,1594873599.04865
CF_Clu_TripUnit,0,1594873599.2495492
CF_Clu_TripUnit,0,1594873599.446225
CF_Clu_TripUnit,0,1594873599.548425
CF_Clu_TripUnit,0,1594873599.7491279
CF_Clu_TripUnit,0,1594873599.949627
CF_Clu_TripUnit,0,1594873600.04789
CF_Clu_TripUnit,0,1594873600.346876
CF_Clu_TripUnit,0,1594873600.445185
CF_Clu_TripUnit,0,1594873603.144788
CF_Clu_TripUnit,0,1594873603.2426722
CF_Clu_TripUnit,0,1594873604.442708
CF_Clu_TripUnit,0,1594873605.5403454
CF_Clu_TripUnit,0,1594873606.0400221
CF_Clu_TripUnit,0,1594873606.7403288
CF_Clu_TripUnit,0,1594873607.039278
CF_Clu_TripUnit,0,1594873607.63762
CF_Clu_TripUnit,0,1594873607.7362518
CF_Clu_TripUnit,0,1594873607.9363706
CF_Clu_TripUnit,0,1594873608.038683
CF_Clu_TripUnit,0,1594873608.137224
CF_Clu_TripUnit,0,1594873608.3377314
CF_Clu_TripUnit,0,1594873608.636734
CF_Clu_TripUnit,0,1594873610.13613
CF_Clu_TripUnit,0,1594873611.233514
CF_Clu_TripUnit,0,1594873611.933929
CF_Clu_TripUnit,0,1594873612.130548
CF_Clu_TripUnit,0,1594873612.630794
CF_Clu_TripUnit,0,1594873613.129834
CF_Clu_TripUnit,0,1594873613.228665
CF_Clu_TripUnit,0,1594873613.330497
CF_Clu_TripUnit,0,1594873613.728226
CF_Clu_TripUnit,0,1594873613.928873
CF_Clu_TripUnit,0,1594873614.227505
CF_Clu_TripUnit,0,1594873614.3298109
CF_Clu_TripUnit,0,1594873614.628887
CF_Clu_TripUnit,0,1594873614.829535
CF_Clu_TripUnit,0,1594873615.026751
CF_Clu_TripUnit,0,1594873615.325548
CF_Clu_TripUnit,0,1594873615.5262878
CF_Clu_TripUnit,0,1594873615.628184
CF_Clu_TripUnit,0,1594873615.726613
CF_Clu_TripUnit,0,1594873615.927289
CF_Clu_TripUnit,0,1594873616.226233
CF_Clu_TripUnit,0,1594873617.024908
CF_Clu_TripUnit,0,1594873618.221494
CF_Clu_TripUnit,0,1594873619.523268
CF_Clu_TripUnit,0,1594873619.7199948
CF_Clu_TripUnit,0,1594873620.920065
CF_Clu_TripUnit,0,1594873621.2191749
CF_Clu_TripUnit,0,1594873621.71914
CF_Clu_TripUnit,0,1594873622.0183866
CF_Clu_TripUnit,0,1594873622.119892
CF_Clu_TripUnit,0,1594873622.619764
CF_Clu_TripUnit,0,1594873623.119454
CF_Clu_TripUnit,0,1594873623.7173626
CF_Clu_TripUnit,0,1594873623.918174
CF_Clu_TripUnit,0,1594873625.618028
CF_Clu_TripUnit,0,1594873626.011416
CF_Clu_TripUnit,0,1594873627.3135614
CF_Clu_TripUnit,0,1594873627.813151
CF_Clu_TripUnit,0,1594873629.308234
CF_Clu_TripUnit,0,1594873629.50887
CF_Clu_TripUnit,0,1594873629.607579
CF_Clu_TripUnit,0,1594873630.2092712
CF_Clu_TripUnit,0,1594873630.307714
CF_Clu_TripUnit,0,1594873630.409923
CF_Clu_TripUnit,0,1594873630.905633
CF_Clu_TripUnit,0,1594873631.205041
CF_Clu_TripUnit,0,1594873631.9052238
CF_Clu_TripUnit,0,1594873634.006044
CF_Clu_TripUnit,0,1594873634.202673
CF_Clu_TripUnit,0,1594873634.301515
CF_Clu_TripUnit,0,1594873635.202163
CF_Clu_TripUnit,0,1594873635.3006449
CF_Clu_TripUnit,0,1594873635.701676
CF_Clu_TripUnit,0,1594873636.0007849
CF_Clu_TripUnit,0,1594873636.402138
CF_Clu_TripUnit,0,1594873637.0996294
CF_Clu_TripUnit,0,1594873637.398138
CF_Clu_TripUnit,0,1594873637.599143
CF_Clu_TripUnit,0,1594873637.999583
CF_Clu_TripUnit,0,1594873638.098048
CF_Clu_TripUnit,0,1594873638.3972359
CF_Clu_TripUnit,0,1594873638.495276
CF_Clu_TripUnit,0,1594873638.597812
CF_Clu_TripUnit,0,1594873638.6960552
CF_Clu_TripUnit,0,1594873638.9007368
CF_Clu_TripUnit,0,1594873638.995265
CF_Clu_TripUnit,0,1594873639.294039
CF_Clu_TripUnit,0,1594873639.4947898
CF_Clu_TripUnit,0,1594873640.9935632
CF_Clu_TripUnit,0,1594873642.4925551
CF_Clu_TripUnit,0,1594873642.689505
CF_Clu_TripUnit,0,1594873643.192951
CF_Clu_TripUnit,0,1594873644.090189
CF_Clu_TripUnit,0,1594873644.2906141
CF_Clu_TripUnit,0,1594873644.5895832
CF_Clu_TripUnit,0,1594873644.8885274
CF_Clu_TripUnit,0,1594873644.987392
CF_Clu_TripUnit,0,1594873645.187726
CF_Clu_TripUnit,0,1594873645.585359
CF_Clu_TripUnit,0,1594873645.888026
CF_Clu_TripUnit,0,1594873645.9862108
CF_Clu_TripUnit,0,1594873646.186951
CF_Clu_TripUnit,0,1594873646.2859302
CF_Clu_TripUnit,0,1594873646.489931
CF_Clu_TripUnit,0,1594873646.58831
CF_Clu_TripUnit,0,1594873646.686766
CF_Clu_TripUnit,0,1594873647.0879881
CF_Clu_TripUnit,0,1594873647.6859741
CF_Clu_TripUnit,0,1594873647.8867161
CF_Clu_TripUnit,0,1594873648.8859782
CF_Clu_TripUnit,0,1594873649.185364
CF_Clu_TripUnit,0,1594873649.2874398
CF_Clu_TripUnit,0,1594873649.983964
CF_Clu_TripUnit,0,1594873650.282613
CF_Clu_TripUnit,0,1594873651.0817099
CF_Clu_TripUnit,0,1594873651.3804061
CF_Clu_TripUnit,0,1594873652.2777214
CF_Clu_TripUnit,0,1594873652.379888
CF_Clu_TripUnit,0,1594873652.580561
CF_Clu_TripUnit,0,1594873652.678802
CF_Clu_TripUnit,0,1594873652.977731
CF_Clu_TripUnit,0,1594873653.178558
CF_Clu_TripUnit,0,1594873653.4775412
CF_Clu_TripUnit,0,1594873653.6781
CF_Clu_TripUnit,0,1594873653.780708
CF_Clu_TripUnit,0,1594873653.8788302
CF_Clu_TripUnit,0,1594873654.276173
CF_Clu_TripUnit,0,1594873654.374898
CF_Clu_TripUnit,0,1594873654.5755699
CF_Clu_TripUnit,0,1594873654.9765038
CF_Clu_TripUnit,0,1594873655.177148
CF_Clu_TripUnit,0,1594873655.2756624
CF_Clu_TripUnit,0,1594873656.0741918
CF_Clu_TripUnit,0,1594873656.3731918
CF_Clu_TripUnit,0,1594873656.877003
CF_Clu_TripUnit,0,1594873656.9754212
CF_Clu_TripUnit,0,1594873657.372551
CF_Clu_TripUnit,0,1594873657.6715012
CF_Clu_TripUnit,0,1594873657.8721652
CF_Clu_TripUnit,0,1594873658.6710641
CF_Clu_TripUnit,0,1594873659.1710534
CF_Clu_TripUnit,0,1594873660.268439
CF_Clu_TripUnit,0,1594873660.469137
CF_Clu_TripUnit,0,1594873660.6696632
CF_Clu_TripUnit,0,1594873660.7681642
CF_Clu_TripUnit,0,1594873661.2679858
CF_Clu_TripUnit,0,1594873661.468322
CF_Clu_TripUnit,0,1594873661.767304
CF_Clu_TripUnit,0,1594873662.06641
CF_Clu_TripUnit,0,1594873663.365043
CF_Clu_TripUnit,0,1594873664.6672778
CF_Clu_TripUnit,0,1594873664.7655802
CF_Clu_TripUnit,0,1594873665.863298
CF_Clu_TripUnit,0,1594873667.161456
CF_Clu_TripUnit,0,1594873667.2597408
CF_Clu_TripUnit,0,1594873667.3621778
CF_Clu_TripUnit,0,1594873667.661442
CF_Clu_TripUnit,0,1594873668.1607628
CF_Clu_TripUnit,0,1594873668.3578694
CF_Clu_TripUnit,0,1594873668.656812
CF_Clu_TripUnit,0,1594873668.758871
CF_Clu_TripUnit,0,1594873668.955992
CF_Clu_TripUnit,0,1594873669.258614
CF_Clu_TripUnit,0,1594873669.9549198
CF_Clu_TripUnit,0,1594873670.057305
CF_Clu_TripUnit,0,1594873670.155925
CF_Clu_TripUnit,0,1594873670.454947
CF_Clu_TripUnit,0,1594873670.655266
CF_Clu_TripUnit,0,1594873671.056533
CF_Clu_TripUnit,0,1594873671.154878
CF_Clu_TripUnit,0,1594873671.953674
CF_Clu_TripUnit,0,1594873672.4539402
CF_Clu_TripUnit,0,1594873673.452713
CF_Clu_TripUnit,0,1594873673.8539894
CF_Clu_TripUnit,0,1594873674.948748
CF_Clu_TripUnit,0,1594873675.250672
CF_Clu_TripUnit,0,1594873675.4483259
CF_Clu_TripUnit,0,1594873675.5499382
CF_Clu_TripUnit,0,1594873675.648319
CF_Clu_TripUnit,0,1594873675.750345
CF_Clu_TripUnit,0,1594873676.348598
CF_Clu_TripUnit,0,1594873676.749793
CF_Clu_TripUnit,0,1594873677.1472902
CF_Clu_TripUnit,0,1594873677.446592
CF_Clu_TripUnit,0,1594873677.7491
CF_Clu_TripUnit,0,1594873678.0444589
CF_Clu_TripUnit,0,1594873678.945119
CF_Clu_TripUnit,0,1594873680.5466838
CF_Clu_TripUnit,0,1594873680.9438488
CF_Clu_TripUnit,0,1594873681.3415759
CF_Clu_TripUnit,0,1594873681.742569
CF_Clu_TripUnit,0,1594873682.340467
CF_Clu_TripUnit,0,1594873682.938825
CF_Clu_TripUnit,0,1594873683.040812
CF_Clu_TripUnit,0,1594873683.237824
CF_Clu_TripUnit,0,1594873683.438215
CF_Clu_TripUnit,0,1594873683.737299
CF_Clu_TripUnit,0,1594873683.8394592
CF_Clu_TripUnit,0,1594873683.938231
CF_Clu_TripUnit,0,1594873684.040076
CF_Clu_TripUnit,0,1594873684.1385949
CF_Clu_TripUnit,0,1594873684.2408779
CF_Clu_TripUnit,0,1594873684.3391216
CF_Clu_TripUnit,0,1594873684.536565
CF_Clu_TripUnit,0,1594873684.6382332
CF_Clu_TripUnit,0,1594873684.736676
CF_Clu_TripUnit,0,1594873685.437773
CF_Clu_TripUnit,0,1594873685.535659
CF_Clu_TripUnit,0,1594873685.637522
CF_Clu_TripUnit,0,1594873685.936529
CF_Clu_TripUnit,0,1594873686.4362519
CF_Clu_TripUnit,0,1594873686.633292
CF_Clu_TripUnit,0,1594873686.7353
CF_Clu_TripUnit,0,1594873686.9360301
CF_Clu_TripUnit,0,1594873687.9319289
CF_Clu_TripUnit,0,1594873688.5333812
CF_Clu_TripUnit,0,1594873689.131658
CF_Clu_TripUnit,0,1594873689.3324714
CF_Clu_TripUnit,0,1594873689.5292091
CF_Clu_TripUnit,0,1594873689.831748
CF_Clu_TripUnit,0,1594873690.728786
CF_Clu_TripUnit,0,1594873690.831359
CF_Clu_TripUnit,0,1594873691.130327
CF_Clu_TripUnit,0,1594873691.629876
CF_Clu_TripUnit,0,1594873691.728487
CF_Clu_TripUnit,0,1594873692.031426
CF_Clu_TripUnit,0,1594873692.2277699
CF_Clu_TripUnit,0,1594873692.428408
CF_Clu_TripUnit,0,1594873692.7274082
CF_Clu_TripUnit,0,1594873693.026498
CF_Clu_TripUnit,0,1594873693.1251578
CF_Clu_TripUnit,0,1594873693.3254342
CF_Clu_TripUnit,0,1594873693.9274151
CF_Clu_TripUnit,0,1594873695.623322
CF_Clu_TripUnit,0,1594873696.12685
CF_Clu_TripUnit,0,1594873697.3192902
CF_Clu_TripUnit,0,1594873698.117976
CF_Clu_TripUnit,0,1594873698.318451
CF_Clu_TripUnit,0,1594873699.915612
CF_Clu_TripUnit,0,1594873700.218561
CF_Clu_TripUnit,0,1594873700.517628
CF_Clu_TripUnit,0,1594873700.6159241
CF_Clu_TripUnit,0,1594873700.7153509
CF_Clu_TripUnit,0,1594873701.214967
CF_Clu_TripUnit,0,1594873701.415615
CF_Clu_TripUnit,0,1594873702.2147212
CF_Clu_TripUnit,0,1594873702.415182
CF_Clu_TripUnit,0,1594873702.71382
CF_Clu_TripUnit,0,1594873703.114547
CF_Clu_TripUnit,0,1594873703.515757
CF_Clu_TripUnit,0,1594873703.814944
CF_Clu_TripUnit,0,1594873704.0156882
CF_Clu_TripUnit,0,1594873704.114017
CF_Clu_TripUnit,0,1594873704.211999
CF_Clu_TripUnit,0,1594873704.810009
CF_Clu_TripUnit,0,1594873704.9123302
CF_Clu_TripUnit,0,1594873705.01524
CF_Clu_TripUnit,0,1594873705.8093526
CF_Clu_TripUnit,0,1594873705.907779
CF_Clu_TripUnit,0,1594873706.207102
CF_Clu_TripUnit,0,1594873706.706814
CF_Clu_TripUnit,0,1594873706.808861
CF_Clu_TripUnit,0,1594873707.108275
CF_Clu_TripUnit,0,1594873707.2064538
CF_Clu_TripUnit,0,1594873707.4071882
CF_Clu_TripUnit,0,1594873707.7061028
CF_Clu_TripUnit,0,1594873707.8081698
CF_Clu_TripUnit,0,1594873707.90633
CF_Clu_TripUnit,0,1594873708.0088232
CF_Clu_TripUnit,0,1594873708.107512
CF_Clu_TripUnit,0,1594873709.106444
CF_Clu_TripUnit,0,1594873709.806761
CF_Clu_TripUnit,0,1594873711.805729
CF_Clu_TripUnit,0,1594873712.400173
CF_Clu_TripUnit,0,1594873713.5996132
CF_Clu_TripUnit,0,1594873714.099254
CF_Clu_TripUnit,0,1594873714.198272
CF_Clu_TripUnit,0,1594873714.2999039
CF_Clu_TripUnit,0,1594873714.598905
CF_Clu_TripUnit,0,1594873714.697527
CF_Clu_TripUnit,0,1594873715.7990556
CF_Clu_TripUnit,0,1594873716.2986689
CF_Clu_TripUnit,0,1594873716.5977259
CF_Clu_TripUnit,0,1594873717.494675
CF_Clu_TripUnit,0,1594873717.994335
CF_Clu_TripUnit,0,1594873718.097106
CF_Clu_TripUnit,0,1594873718.2933178
CF_Clu_TripUnit,0,1594873718.592342
CF_Clu_TripUnit,0,1594873719.989567
CF_Clu_TripUnit,0,1594873720.9888034
CF_Clu_TripUnit,0,1594873721.590343
CF_Clu_TripUnit,0,1594873721.688884
CF_Clu_TripUnit,0,1594873722.188711
CF_Clu_TripUnit,0,1594873722.586359
CF_Clu_TripUnit,0,1594873722.6882694
CF_Clu_TripUnit,0,1594873722.888832
CF_Clu_TripUnit,0,1594873722.987201
CF_Clu_TripUnit,0,1594873723.4868624
CF_Clu_TripUnit,0,1594873723.884585
CF_Clu_TripUnit,0,1594873724.0852091
CF_Clu_TripUnit,0,1594873724.187149
CF_Clu_TripUnit,0,1594873725.285276
CF_Clu_TripUnit,0,1594873726.6819048
CF_Clu_TripUnit,0,1594873727.2836714
CF_Clu_TripUnit,0,1594873729.778458
CF_Clu_TripUnit,0,1594873729.978987
CF_Clu_TripUnit,0,1594873730.0809731
CF_Clu_TripUnit,0,1594873730.1795342
CF_Clu_TripUnit,0,1594873730.2781188
CF_Clu_TripUnit,0,1594873730.380264
CF_Clu_TripUnit,0,1594873730.6754508
CF_Clu_TripUnit,0,1594873730.978016
CF_Clu_TripUnit,0,1594873731.276979
CF_Clu_TripUnit,0,1594873731.678517
CF_Clu_TripUnit,0,1594873731.977291
CF_Clu_TripUnit,0,1594873732.6777446
CF_Clu_TripUnit,0,1594873733.2757812
CF_Clu_TripUnit,0,1594873733.5748966
CF_Clu_TripUnit,0,1594873734.275072
CF_Clu_TripUnit,0,1594873734.7710161
CF_Clu_TripUnit,0,1594873735.376885
CF_Clu_TripUnit,0,1594873737.2690961
CF_Clu_TripUnit,0,1594873738.469224
CF_Clu_TripUnit,0,1594873738.7681491
CF_Clu_TripUnit,0,1594873738.866551
CF_Clu_TripUnit,0,1594873739.067213
CF_Clu_TripUnit,0,1594873739.165879
CF_Clu_TripUnit,0,1594873740.566292
CF_Clu_TripUnit,0,1594873740.764025
CF_Clu_TripUnit,0,1594873741.0659242
CF_Clu_TripUnit,0,1594873741.3649569
CF_Clu_TripUnit,0,1594873742.364317
CF_Clu_TripUnit,0,1594873743.863553
CF_Clu_TripUnit,0,1594873744.260712
CF_Clu_TripUnit,0,1594873744.658324
CF_Clu_TripUnit,0,1594873745.0592859
CF_Clu_TripUnit,0,1594873745.3584044
CF_Clu_TripUnit,0,1594873745.45716
CF_Clu_TripUnit,0,1594873745.558984
CF_Clu_TripUnit,0,1594873745.7561831
CF_Clu_TripUnit,0,1594873745.9563642
CF_Clu_TripUnit,0,1594873746.259392
CF_Clu_TripUnit,0,1594873746.7590706
CF_Clu_TripUnit,0,1594873746.857534
CF_Clu_TripUnit,0,1594873746.9561439
CF_Clu_TripUnit,0,1594873747.156735
CF_Clu_TripUnit,0,1594873747.25522
CF_Clu_TripUnit,0,1594873747.856787
CF_Clu_TripUnit,0,1594873747.955101
CF_Clu_TripUnit,0,1594873748.053838
CF_Clu_TripUnit,0,1594873748.155782
CF_Clu_TripUnit,0,1594873748.4547908
CF_Clu_TripUnit,0,1594873748.856042
CF_Clu_TripUnit,0,1594873749.1551714
CF_Clu_TripUnit,0,1594873750.351529
CF_Clu_TripUnit,0,1594873750.851378
CF_Clu_TripUnit,0,1594873751.1538641
CF_Clu_TripUnit,0,1594873752.050842
CF_Clu_TripUnit,0,1594873753.747352
CF_Clu_TripUnit,0,1594873754.04668
CF_Clu_TripUnit,0,1594873754.44694
CF_Clu_TripUnit,0,1594873754.6476932
CF_Clu_TripUnit,0,1594873754.7468832
CF_Clu_TripUnit,0,1594873755.0452614
CF_Clu_TripUnit,0,1594873755.246689
CF_Clu_TripUnit,0,1594873755.5454578
CF_Clu_TripUnit,0,1594873756.0449011
CF_Clu_TripUnit,0,1594873756.646655
CF_Clu_TripUnit,0,1594873756.945554
CF_Clu_TripUnit,0,1594873757.0436811
CF_Clu_TripUnit,0,1594873758.141767
CF_Clu_TripUnit,0,1594873758.7434704
CF_Clu_TripUnit,0,1594873759.243073
CF_Clu_TripUnit,0,1594873759.8415082
CF_Clu_TripUnit,0,1594873760.037977
CF_Clu_TripUnit,0,1594873760.1405911
CF_Clu_TripUnit,0,1594873760.9387589
CF_Clu_TripUnit,0,1594873761.5370789
CF_Clu_TripUnit,0,1594873761.639085
CF_Clu_TripUnit,0,1594873761.7378368
CF_Clu_TripUnit,0,1594873761.839734
CF_Clu_TripUnit,0,1594873761.938026
CF_Clu_TripUnit,0,1594873762.335841
CF_Clu_TripUnit,0,1594873762.536337
CF_Clu_TripUnit,0,1594873762.6383731
CF_Clu_TripUnit,0,1594873762.835509
CF_Clu_TripUnit,0,1594873763.036362
CF_Clu_TripUnit,0,1594873763.236518
CF_Clu_TripUnit,0,1594873763.437103
CF_Clu_TripUnit,0,1594873763.535615
CF_Clu_TripUnit,0,1594873763.933067
CF_Clu_TripUnit,0,1594873764.432866
CF_Clu_TripUnit,0,1594873764.7354438
CF_Clu_TripUnit,0,1594873765.333503
CF_Clu_TripUnit,0,1594873766.8365688
CF_Clu_TripUnit,0,1594873766.9350872
CF_Clu_TripUnit,0,1594873767.033366
CF_Clu_TripUnit,0,1594873767.733721
CF_Clu_TripUnit,0,1594873767.934282
CF_Clu_TripUnit,0,1594873768.230308
CF_Clu_TripUnit,0,1594873769.027977
CF_Clu_TripUnit,0,1594873769.126683
CF_Clu_TripUnit,0,1594873769.326962
CF_Clu_TripUnit,0,1594873769.626293
CF_Clu_TripUnit,0,1594873769.728451
CF_Clu_TripUnit,0,1594873770.027318
CF_Clu_TripUnit,0,1594873770.2280698
CF_Clu_TripUnit,0,1594873770.326704
CF_Clu_TripUnit,0,1594873771.026669
CF_Clu_TripUnit,0,1594873771.2273571
CF_Clu_TripUnit,0,1594873771.3256118
CF_Clu_TripUnit,0,1594873771.423975
CF_Clu_TripUnit,0,1594873771.526324
CF_Clu_TripUnit,0,1594873771.624751
CF_Clu_TripUnit,0,1594873771.825286
CF_Clu_TripUnit,0,1594873772.2229211
CF_Clu_TripUnit,0,1594873772.324894
CF_Clu_TripUnit,0,1594873772.525686
CF_Clu_TripUnit,0,1594873772.722382
CF_Clu_TripUnit,0,1594873773.824111
CF_Clu_TripUnit,0,1594873774.725108
CF_Clu_TripUnit,0,1594873777.1172314
CF_Clu_TripUnit,0,1594873777.8174534
CF_Clu_TripUnit,0,1594873778.1170518
CF_Clu_TripUnit,0,1594873778.317261
CF_Clu_TripUnit,0,1594873778.4155471
CF_Clu_TripUnit,0,1594873778.817119
CF_Clu_TripUnit,0,1594873778.915591
CF_Clu_TripUnit,0,1594873779.415328
CF_Clu_TripUnit,0,1594873779.5136971
CF_Clu_TripUnit,0,1594873779.7142599
CF_Clu_TripUnit,0,1594873780.013222
CF_Clu_TripUnit,0,1594873780.1151738
CF_Clu_TripUnit,0,1594873780.316087
CF_Clu_TripUnit,0,1594873780.61484
CF_Clu_TripUnit,0,1594873783.2118669
CF_Clu_TripUnit,0,1594873784.608266
CF_Clu_TripUnit,0,1594873784.809
CF_Clu_TripUnit,0,1594873785.005879
CF_Clu_TripUnit,0,1594873785.2068126
CF_Clu_TripUnit,0,1594873785.3086069
CF_Clu_TripUnit,0,1594873785.406999
CF_Clu_TripUnit,0,1594873785.509444
CF_Clu_TripUnit,0,1594873785.7064462
CF_Clu_TripUnit,0,1594873785.808342
CF_Clu_TripUnit,0,1594873786.107471
CF_Clu_TripUnit,0,1594873786.205655
CF_Clu_TripUnit,0,1594873786.407058
CF_Clu_TripUnit,0,1594873786.5051
CF_Clu_TripUnit,0,1594873786.6034718
CF_Clu_TripUnit,0,1594873786.90606
CF_Clu_TripUnit,0,1594873787.004499
CF_Clu_TripUnit,0,1594873787.106694
CF_Clu_TripUnit,0,1594873787.20502
CF_Clu_TripUnit,0,1594873787.303818
CF_Clu_TripUnit,0,1594873787.7047038
CF_Clu_TripUnit,0,1594873789.904054
CF_Clu_TripUnit,0,1594873790.1013274
CF_Clu_TripUnit,0,1594873790.301924
CF_Clu_TripUnit,0,1594873791.10414
CF_Clu_TripUnit,0,1594873791.304917
CF_Clu_TripUnit,0,1594873791.505548
CF_Clu_TripUnit,0,1594873791.898867
CF_Clu_TripUnit,0,1594873792.1977801
CF_Clu_TripUnit,0,1594873792.599349
CF_Clu_TripUnit,0,1594873792.796181
CF_Clu_TripUnit,0,1594873792.898206
CF_Clu_TripUnit,0,1594873792.9964778
CF_Clu_TripUnit,0,1594873793.3980641
CF_Clu_TripUnit,0,1594873793.497417
CF_Clu_TripUnit,0,1594873794.196526
CF_Clu_TripUnit,0,1594873794.3972046
CF_Clu_TripUnit,0,1594873794.5945349
CF_Clu_TripUnit,0,1594873794.696288
CF_Clu_TripUnit,0,1594873794.794728
CF_Clu_TripUnit,0,1594873794.893177
CF_Clu_TripUnit,0,1594873795.0976481
CF_Clu_TripUnit,0,1594873795.196034
CF_Clu_TripUnit,0,1594873795.495143
CF_Clu_TripUnit,0,1594873795.7941172
CF_Clu_TripUnit,0,1594873795.8927028
CF_Clu_TripUnit,0,1594873795.994854
CF_Clu_TripUnit,0,1594873796.2944071
CF_Clu_TripUnit,0,1594873796.494415
CF_Clu_TripUnit,0,1594873799.586997
CF_Clu_TripUnit,0,1594873800.1885738
CF_Clu_TripUnit,0,1594873800.688262
CF_Clu_TripUnit,0,1594873801.487047
CF_Clu_TripUnit,0,1594873801.786015
CF_Clu_TripUnit,0,1594873802.286104
CF_Clu_TripUnit,0,1594873802.3880398
CF_Clu_TripUnit,0,1594873802.6835034
CF_Clu_TripUnit,0,1594873802.887813
CF_Clu_TripUnit,0,1594873802.9860609
CF_Clu_TripUnit,0,1594873803.1868382
CF_Clu_TripUnit,0,1594873803.285058
CF_Clu_TripUnit,0,1594873803.5840812
CF_Clu_TripUnit,0,1594873803.6827366
CF_Clu_TripUnit,0,1594873803.784852
CF_Clu_TripUnit,0,1594873803.9854238
CF_Clu_TripUnit,0,1594873804.1824882
CF_Clu_TripUnit,0,1594873804.685757
CF_Clu_TripUnit,0,1594873806.184875
CF_Clu_TripUnit,0,1594873806.279934
CF_Clu_TripUnit,0,1594873807.278682
CF_Clu_TripUnit,0,1594873807.377443
CF_Clu_TripUnit,0,1594873807.4796524
CF_Clu_TripUnit,0,1594873807.577708
CF_Clu_TripUnit,0,1594873807.6799722
CF_Clu_TripUnit,0,1594873808.179595
CF_Clu_TripUnit,0,1594873808.376673
CF_Clu_TripUnit,0,1594873808.5775552
CF_Clu_TripUnit,0,1594873808.6833189
CF_Clu_TripUnit,0,1594873808.773706
CF_Clu_TripUnit,0,1594873808.8758721
CF_Clu_TripUnit,0,1594873808.974188
CF_Clu_TripUnit,0,1594873809.0765738
CF_Clu_TripUnit,0,1594873809.1747801
CF_Clu_TripUnit,0,1594873809.2773972
CF_Clu_TripUnit,0,1594873809.371795
CF_Clu_TripUnit,0,1594873809.474432
CF_Clu_TripUnit,0,1594873809.584385
CF_Clu_TripUnit,0,1594873809.670849
