RKE_CMD,0,1594872752.673609
RKE_CMD,0,1594872753.272022
RKE_CMD,0,1594872754.1728792
RKE_CMD,0,1594872754.869101
RKE_CMD,0,1594872755.069689
RKE_CMD,0,1594872757.465877
RKE_CMD,0,1594872759.665175
RKE_CMD,0,1594872760.3622134
RKE_CMD,0,1594872760.6645641
RKE_CMD,0,1594872760.763026
RKE_CMD,0,1594872761.0624359
RKE_CMD,0,1594872761.2626631
RKE_CMD,0,1594872762.360239
RKE_CMD,0,1594872764.555941
RKE_CMD,0,1594872765.256014
RKE_CMD,0,1594872765.5549812
RKE_CMD,0,1594872766.9521532
RKE_CMD,0,1594872768.8521981
RKE_CMD,0,1594872770.748898
RKE_CMD,0,1594872771.346901
RKE_CMD,0,1594872771.547153
RKE_CMD,0,1594872771.7477849
RKE_CMD,0,1594872774.442938
RKE_CMD,0,1594872774.545137
RKE_CMD,0,1594872775.241878
RKE_CMD,0,1594872777.8382864
RKE_CMD,0,1594872778.43672
RKE_CMD,0,1594872779.23894
RKE_CMD,0,1594872779.436018
RKE_CMD,0,1594872781.934081
RKE_CMD,0,1594872784.031154
RKE_CMD,0,1594872785.628584
RKE_CMD,0,1594872785.727159
RKE_CMD,0,1594872785.829151
RKE_CMD,0,1594872787.5251632
RKE_CMD,0,1594872789.1262114
RKE_CMD,0,1594872789.523623
RKE_CMD,0,1594872789.822639
RKE_CMD,0,1594872790.223935
RKE_CMD,0,1594872791.3219476
RKE_CMD,0,1594872791.9237409
RKE_CMD,0,1594872792.521834
RKE_CMD,0,1594872793.320398
RKE_CMD,0,1594872794.717384
RKE_CMD,0,1594872796.814141
RKE_CMD,0,1594872798.1125169
RKE_CMD,0,1594872798.513839
RKE_CMD,0,1594872799.5132318
RKE_CMD,0,1594872801.409502
RKE_CMD,0,1594872801.6064909
RKE_CMD,0,1594872804.002721
RKE_CMD,0,1594872807.7993689
RKE_CMD,0,1594872811.0961258
RKE_CMD,0,1594872811.2934358
RKE_CMD,0,1594872811.69421
RKE_CMD,0,1594872813.791532
RKE_CMD,0,1594872813.893557
RKE_CMD,0,1594872814.393374
RKE_CMD,0,1594872814.5899992
RKE_CMD,0,1594872815.294234
RKE_CMD,0,1594872818.7841198
RKE_CMD,0,1594872819.8827028
RKE_CMD,0,1594872820.3822381
RKE_CMD,0,1594872820.783016
RKE_CMD,0,1594872821.282686
RKE_CMD,0,1594872823.2775092
RKE_CMD,0,1594872823.977432
RKE_CMD,0,1594872824.276556
RKE_CMD,0,1594872825.476476
RKE_CMD,0,1594872827.073832
RKE_CMD,0,1594872830.371029
RKE_CMD,0,1594872830.572084
RKE_CMD,0,1594872831.468736
RKE_CMD,0,1594872832.767082
RKE_CMD,0,1594872835.163032
RKE_CMD,0,1594872836.8628151
RKE_CMD,0,1594872838.460078
RKE_CMD,0,1594872841.053228
RKE_CMD,0,1594872841.155148
RKE_CMD,0,1594872843.252317
RKE_CMD,0,1594872843.7519329
RKE_CMD,0,1594872845.050368
RKE_CMD,0,1594872845.8530731
RKE_CMD,0,1594872846.6477928
RKE_CMD,0,1594872849.1423368
RKE_CMD,0,1594872849.3434289
RKE_CMD,0,1594872850.6414466
RKE_CMD,0,1594872851.2431092
RKE_CMD,0,1594872852.640088
RKE_CMD,0,1594872854.6384811
RKE_CMD,0,1594872856.735522
RKE_CMD,0,1594872859.2305179
RKE_CMD,0,1594872860.029074
RKE_CMD,0,1594872860.43
RKE_CMD,0,1594872864.124408
RKE_CMD,0,1594872865.521494
RKE_CMD,0,1594872866.921847
RKE_CMD,0,1594872869.5185852
RKE_CMD,0,1594872869.8174949
RKE_CMD,0,1594872872.013206
RKE_CMD,0,1594872872.7134662
RKE_CMD,0,1594872880.00382
RKE_CMD,0,1594872880.503294
RKE_CMD,0,1594872880.703994
RKE_CMD,0,1594872880.802399
RKE_CMD,0,1594872881.3021069
RKE_CMD,0,1594872881.900512
RKE_CMD,0,1594872882.2031722
RKE_CMD,0,1594872883.100561
RKE_CMD,0,1594872883.1987786
RKE_CMD,0,1594872883.5998712
RKE_CMD,0,1594872885.398129
RKE_CMD,0,1594872886.8933802
RKE_CMD,0,1594872887.494886
RKE_CMD,0,1594872887.593298
RKE_CMD,0,1594872889.890914
RKE_CMD,0,1594872890.390674
RKE_CMD,0,1594872891.189758
RKE_CMD,0,1594872891.5868008
RKE_CMD,0,1594872891.987996
RKE_CMD,0,1594872893.2863631
RKE_CMD,0,1594872896.1821349
RKE_CMD,0,1594872896.2816908
RKE_CMD,0,1594872896.780562
RKE_CMD,0,1594872896.981117
RKE_CMD,0,1594872898.4800286
RKE_CMD,0,1594872898.779402
RKE_CMD,0,1594872898.881479
RKE_CMD,0,1594872901.174986
RKE_CMD,0,1594872901.674578
RKE_CMD,0,1594872904.2712884
RKE_CMD,0,1594872904.570365
RKE_CMD,0,1594872906.467275
RKE_CMD,0,1594872906.5693982
RKE_CMD,0,1594872907.269815
RKE_CMD,0,1594872908.965315
RKE_CMD,0,1594872909.4647694
RKE_CMD,0,1594872912.6598868
RKE_CMD,0,1594872913.9584482
RKE_CMD,0,1594872914.1629221
RKE_CMD,0,1594872914.3592708
RKE_CMD,0,1594872917.754566
RKE_CMD,0,1594872920.548068
RKE_CMD,0,1594872925.5412018
RKE_CMD,0,1594872925.6432788
RKE_CMD,0,1594872926.040826
RKE_CMD,0,1594872926.1427991
RKE_CMD,0,1594872927.1384869
RKE_CMD,0,1594872929.636939
RKE_CMD,0,1594872929.8413274
RKE_CMD,0,1594872930.7348008
RKE_CMD,0,1594872930.934923
RKE_CMD,0,1594872931.434599
RKE_CMD,0,1594872931.533592
RKE_CMD,0,1594872932.634573
RKE_CMD,0,1594872933.1343381
RKE_CMD,0,1594872933.331508
RKE_CMD,0,1594872935.9284182
RKE_CMD,0,1594872937.6273446
RKE_CMD,0,1594872939.5239902
RKE_CMD,0,1594872940.1222222
RKE_CMD,0,1594872941.321816
RKE_CMD,0,1594872942.6201954
RKE_CMD,0,1594872942.718755
RKE_CMD,0,1594872944.717613
RKE_CMD,0,1594872947.6132462
RKE_CMD,0,1594872952.507452
RKE_CMD,0,1594872953.802022
RKE_CMD,0,1594872954.104918
RKE_CMD,0,1594872955.7022786
RKE_CMD,0,1594872955.9028876
RKE_CMD,0,1594872956.799841
RKE_CMD,0,1594872956.902092
RKE_CMD,0,1594872957.500426
RKE_CMD,0,1594872958.3977878
RKE_CMD,0,1594872959.097672
RKE_CMD,0,1594872959.397454
RKE_CMD,0,1594872959.998685
RKE_CMD,0,1594872960.1994288
RKE_CMD,0,1594872961.096576
RKE_CMD,0,1594872962.791989
RKE_CMD,0,1594872964.7906802
RKE_CMD,0,1594872964.9913974
RKE_CMD,0,1594872966.887742
RKE_CMD,0,1594872967.289114
RKE_CMD,0,1594872970.381868
RKE_CMD,0,1594872970.680855
RKE_CMD,0,1594872970.983574
RKE_CMD,0,1594872971.483148
RKE_CMD,0,1594872973.47857
RKE_CMD,0,1594872975.177702
RKE_CMD,0,1594872975.4769752
RKE_CMD,0,1594872976.5742948
RKE_CMD,0,1594872977.0740302
RKE_CMD,0,1594872977.9713118
RKE_CMD,0,1594872978.270352
RKE_CMD,0,1594872978.4711099
RKE_CMD,0,1594872979.0726678
RKE_CMD,0,1594872979.4700801
RKE_CMD,0,1594872980.568083
RKE_CMD,0,1594872982.767186
RKE_CMD,0,1594872988.259567
RKE_CMD,0,1594872989.459595
RKE_CMD,0,1594872990.9547331
RKE_CMD,0,1594872991.253954
RKE_CMD,0,1594872993.952642
RKE_CMD,0,1594872994.948509
RKE_CMD,0,1594872996.746746
RKE_CMD,0,1594872998.544343
RKE_CMD,0,1594872999.5434391
RKE_CMD,0,1594872999.744421
RKE_CMD,0,1594873001.9399369
RKE_CMD,0,1594873003.9383428
RKE_CMD,0,1594873006.8341188
RKE_CMD,0,1594873006.932713
RKE_CMD,0,1594873009.3296454
RKE_CMD,0,1594873009.729824
RKE_CMD,0,1594873010.529289
RKE_CMD,0,1594873011.1270301
RKE_CMD,0,1594873012.22829
RKE_CMD,0,1594873013.227774
RKE_CMD,0,1594873018.71627
RKE_CMD,0,1594873018.8182259
RKE_CMD,0,1594873019.3178449
RKE_CMD,0,1594873020.120692
RKE_CMD,0,1594873020.718776
RKE_CMD,0,1594873020.8169758
RKE_CMD,0,1594873020.919334
RKE_CMD,0,1594873023.811349
RKE_CMD,0,1594873024.5116742
RKE_CMD,0,1594873025.208106
RKE_CMD,0,1594873025.809702
RKE_CMD,0,1594873026.4077961
RKE_CMD,0,1594873027.706269
RKE_CMD,0,1594873029.4022772
RKE_CMD,0,1594873030.102252
RKE_CMD,0,1594873030.70077
RKE_CMD,0,1594873032.100852
RKE_CMD,0,1594873033.30087
RKE_CMD,0,1594873034.596459
RKE_CMD,0,1594873035.8977568
RKE_CMD,0,1594873037.192389
RKE_CMD,0,1594873037.593508
RKE_CMD,0,1594873038.9904962
RKE_CMD,0,1594873039.092393
RKE_CMD,0,1594873039.5884302
RKE_CMD,0,1594873040.689775
RKE_CMD,0,1594873042.185208
RKE_CMD,0,1594873042.885113
RKE_CMD,0,1594873042.987508
RKE_CMD,0,1594873045.084505
RKE_CMD,0,1594873046.1824858
RKE_CMD,0,1594873046.3799198
RKE_CMD,0,1594873046.5800908
RKE_CMD,0,1594873046.882711
RKE_CMD,0,1594873048.779177
RKE_CMD,0,1594873049.078306
RKE_CMD,0,1594873051.076972
RKE_CMD,0,1594873051.27845
RKE_CMD,0,1594873051.7773044
RKE_CMD,0,1594873052.174359
RKE_CMD,0,1594873052.871048
RKE_CMD,0,1594873054.7710721
RKE_CMD,0,1594873055.569767
RKE_CMD,0,1594873056.9666789
RKE_CMD,0,1594873057.867425
RKE_CMD,0,1594873058.564497
RKE_CMD,0,1594873058.965157
RKE_CMD,0,1594873059.264283
RKE_CMD,0,1594873061.959936
RKE_CMD,0,1594873062.1601539
RKE_CMD,0,1594873066.055512
RKE_CMD,0,1594873067.4521294
RKE_CMD,0,1594873068.8524008
RKE_CMD,0,1594873069.049648
RKE_CMD,0,1594873073.645231
RKE_CMD,0,1594873073.746856
RKE_CMD,0,1594873073.8452609
RKE_CMD,0,1594873074.046061
RKE_CMD,0,1594873075.442667
RKE_CMD,0,1594873077.240578
RKE_CMD,0,1594873077.736655
RKE_CMD,0,1594873078.3384042
RKE_CMD,0,1594873079.538354
RKE_CMD,0,1594873080.0380428
RKE_CMD,0,1594873080.43534
RKE_CMD,0,1594873080.734829
RKE_CMD,0,1594873083.331111
RKE_CMD,0,1594873087.025826
RKE_CMD,0,1594873087.9270194
RKE_CMD,0,1594873088.324277
RKE_CMD,0,1594873089.822906
RKE_CMD,0,1594873090.621603
RKE_CMD,0,1594873091.919957
RKE_CMD,0,1594873092.419971
RKE_CMD,0,1594873094.819736
RKE_CMD,0,1594873096.4171212
RKE_CMD,0,1594873097.211776
RKE_CMD,0,1594873097.314291
RKE_CMD,0,1594873098.211205
RKE_CMD,0,1594873098.313409
RKE_CMD,0,1594873099.3099759
RKE_CMD,0,1594873103.7039769
RKE_CMD,0,1594873105.1044
RKE_CMD,0,1594873107.000586
RKE_CMD,0,1594873109.3967922
RKE_CMD,0,1594873110.1954849
RKE_CMD,0,1594873110.498432
RKE_CMD,0,1594873112.1941278
RKE_CMD,0,1594873112.296618
RKE_CMD,0,1594873112.69388
RKE_CMD,0,1594873113.2919412
RKE_CMD,0,1594873113.3905249
RKE_CMD,0,1594873114.189085
RKE_CMD,0,1594873114.4881382
RKE_CMD,0,1594873115.290424
RKE_CMD,0,1594873116.9862454
RKE_CMD,0,1594873118.3834019
RKE_CMD,0,1594873120.0826962
RKE_CMD,0,1594873122.081305
RKE_CMD,0,1594873124.6780648
RKE_CMD,0,1594873125.375021
RKE_CMD,0,1594873125.776103
RKE_CMD,0,1594873126.476324
RKE_CMD,0,1594873127.373133
RKE_CMD,0,1594873129.2700338
RKE_CMD,0,1594873133.164549
RKE_CMD,0,1594873134.065542
RKE_CMD,0,1594873135.3608818
RKE_CMD,0,1594873136.360299
RKE_CMD,0,1594873137.26031
RKE_CMD,0,1594873137.957212
RKE_CMD,0,1594873139.5545561
RKE_CMD,0,1594873140.254873
RKE_CMD,0,1594873141.1554198
RKE_CMD,0,1594873141.253899
RKE_CMD,0,1594873143.449427
RKE_CMD,0,1594873145.8492491
RKE_CMD,0,1594873145.947796
RKE_CMD,0,1594873146.250541
RKE_CMD,0,1594873146.44742
RKE_CMD,0,1594873146.5459518
RKE_CMD,0,1594873147.1475232
RKE_CMD,0,1594873147.745812
RKE_CMD,0,1594873149.244833
RKE_CMD,0,1594873149.343345
RKE_CMD,0,1594873150.1418462
RKE_CMD,0,1594873151.239705
RKE_CMD,0,1594873152.640001
RKE_CMD,0,1594873155.933624
RKE_CMD,0,1594873157.931828
RKE_CMD,0,1594873161.028348
RKE_CMD,0,1594873162.2252731
RKE_CMD,0,1594873163.023248
RKE_CMD,0,1594873164.325568
RKE_CMD,0,1594873166.119693
RKE_CMD,0,1594873167.118741
RKE_CMD,0,1594873167.9177759
RKE_CMD,0,1594873168.1181526
RKE_CMD,0,1594873170.11674
RKE_CMD,0,1594873170.215209
RKE_CMD,0,1594873173.1108842
RKE_CMD,0,1594873174.7091124
RKE_CMD,0,1594873175.507602
RKE_CMD,0,1594873176.207435
RKE_CMD,0,1594873179.004709
RKE_CMD,0,1594873180.802718
RKE_CMD,0,1594873180.9010189
RKE_CMD,0,1594873181.798346
RKE_CMD,0,1594873182.400034
RKE_CMD,0,1594873184.099807
RKE_CMD,0,1594873184.398838
RKE_CMD,0,1594873184.595457
RKE_CMD,0,1594873185.8938034
RKE_CMD,0,1594873186.295083
RKE_CMD,0,1594873186.594195
RKE_CMD,0,1594873186.893258
RKE_CMD,0,1594873187.794286
RKE_CMD,0,1594873191.087223
RKE_CMD,0,1594873191.1859062
RKE_CMD,0,1594873191.3866198
RKE_CMD,0,1594873191.6892722
RKE_CMD,0,1594873192.684923
RKE_CMD,0,1594873193.7863321
RKE_CMD,0,1594873194.384449
RKE_CMD,0,1594873194.482722
RKE_CMD,0,1594873195.0813189
RKE_CMD,0,1594873195.5844636
RKE_CMD,0,1594873197.779684
RKE_CMD,0,1594873200.2750454
RKE_CMD,0,1594873200.475051
RKE_CMD,0,1594873200.5739448
RKE_CMD,0,1594873200.6754694
RKE_CMD,0,1594873202.3754652
RKE_CMD,0,1594873202.674498
RKE_CMD,0,1594873202.7725449
RKE_CMD,0,1594873204.8694642
RKE_CMD,0,1594873205.1686568
RKE_CMD,0,1594873206.167905
RKE_CMD,0,1594873206.966711
RKE_CMD,0,1594873208.7647018
RKE_CMD,0,1594873210.0629382
RKE_CMD,0,1594873210.362218
RKE_CMD,0,1594873211.058943
RKE_CMD,0,1594873212.4591172
RKE_CMD,0,1594873213.356916
RKE_CMD,0,1594873214.655025
RKE_CMD,0,1594873216.15357
RKE_CMD,0,1594873216.755489
RKE_CMD,0,1594873219.151562
RKE_CMD,0,1594873219.7496068
RKE_CMD,0,1594873222.0472894
RKE_CMD,0,1594873222.846016
RKE_CMD,0,1594873222.944422
RKE_CMD,0,1594873223.3455858
RKE_CMD,0,1594873224.6439636
RKE_CMD,0,1594873226.0410118
RKE_CMD,0,1594873226.4384372
RKE_CMD,0,1594873226.7412858
RKE_CMD,0,1594873227.838816
RKE_CMD,0,1594873228.936476
RKE_CMD,0,1594873229.735521
RKE_CMD,0,1594873230.333418
RKE_CMD,0,1594873230.533931
RKE_CMD,0,1594873232.6349561
RKE_CMD,0,1594873233.4335132
RKE_CMD,0,1594873234.1298704
RKE_CMD,0,1594873234.72825
RKE_CMD,0,1594873235.2279608
RKE_CMD,0,1594873235.826001
RKE_CMD,0,1594873237.3286731
RKE_CMD,0,1594873237.427048
RKE_CMD,0,1594873237.7261472
RKE_CMD,0,1594873237.9265919
RKE_CMD,0,1594873238.1244214
RKE_CMD,0,1594873239.921909
RKE_CMD,0,1594873240.921175
RKE_CMD,0,1594873241.023107
RKE_CMD,0,1594873241.5191462
RKE_CMD,0,1594873242.018529
RKE_CMD,0,1594873242.2190864
RKE_CMD,0,1594873244.115884
RKE_CMD,0,1594873244.615445
RKE_CMD,0,1594873246.2129018
RKE_CMD,0,1594873247.912262
RKE_CMD,0,1594873249.908254
RKE_CMD,0,1594873250.009238
RKE_CMD,0,1594873250.807892
RKE_CMD,0,1594873251.2058284
RKE_CMD,0,1594873253.003647
RKE_CMD,0,1594873253.2041302
RKE_CMD,0,1594873255.903081
RKE_CMD,0,1594873256.399169
RKE_CMD,0,1594873257.897772
RKE_CMD,0,1594873258.1970448
RKE_CMD,0,1594873259.2947679
RKE_CMD,0,1594873261.4939392
RKE_CMD,0,1594873263.19375
RKE_CMD,0,1594873263.291918
RKE_CMD,0,1594873263.591462
RKE_CMD,0,1594873264.590544
RKE_CMD,0,1594873265.4872794
RKE_CMD,0,1594873267.4860141
RKE_CMD,0,1594873268.284676
RKE_CMD,0,1594873268.3833
RKE_CMD,0,1594873269.382476
RKE_CMD,0,1594873269.780121
RKE_CMD,0,1594873271.3811252
RKE_CMD,0,1594873273.077118
RKE_CMD,0,1594873275.874331
RKE_CMD,0,1594873276.075094
RKE_CMD,0,1594873276.271961
RKE_CMD,0,1594873277.07424
RKE_CMD,0,1594873278.770237
RKE_CMD,0,1594873279.6674821
RKE_CMD,0,1594873282.665198
RKE_CMD,0,1594873283.464161
RKE_CMD,0,1594873283.562377
RKE_CMD,0,1594873283.8650599
RKE_CMD,0,1594873284.561814
RKE_CMD,0,1594873285.56104
RKE_CMD,0,1594873286.560249
RKE_CMD,0,1594873288.9565132
RKE_CMD,0,1594873290.1565368
RKE_CMD,0,1594873291.553043
RKE_CMD,0,1594873292.151211
RKE_CMD,0,1594873292.752925
RKE_CMD,0,1594873293.6500976
RKE_CMD,0,1594873294.551069
RKE_CMD,0,1594873296.7463932
RKE_CMD,0,1594873298.7451642
RKE_CMD,0,1594873299.04402
RKE_CMD,0,1594873299.142827
RKE_CMD,0,1594873299.244776
RKE_CMD,0,1594873299.6422534
RKE_CMD,0,1594873300.6414342
RKE_CMD,0,1594873301.7402198
RKE_CMD,0,1594873301.841541
RKE_CMD,0,1594873302.7387788
RKE_CMD,0,1594873303.4391098
RKE_CMD,0,1594873304.0368829
RKE_CMD,0,1594873304.335891
RKE_CMD,0,1594873304.5365589
RKE_CMD,0,1594873305.7329981
RKE_CMD,0,1594873307.83366
RKE_CMD,0,1594873308.4316502
RKE_CMD,0,1594873309.632032
RKE_CMD,0,1594873310.528619
RKE_CMD,0,1594873312.92517
RKE_CMD,0,1594873313.3260832
RKE_CMD,0,1594873313.4244614
RKE_CMD,0,1594873313.625143
RKE_CMD,0,1594873314.722763
RKE_CMD,0,1594873317.319447
RKE_CMD,0,1594873317.8191411
RKE_CMD,0,1594873318.216898
RKE_CMD,0,1594873319.71561
RKE_CMD,0,1594873320.014562
RKE_CMD,0,1594873320.116909
RKE_CMD,0,1594873320.8172624
RKE_CMD,0,1594873321.214643
RKE_CMD,0,1594873321.41523
RKE_CMD,0,1594873321.71425
RKE_CMD,0,1594873323.0126069
RKE_CMD,0,1594873323.909985
RKE_CMD,0,1594873324.110843
RKE_CMD,0,1594873324.311286
RKE_CMD,0,1594873324.71234
RKE_CMD,0,1594873325.507388
RKE_CMD,0,1594873326.207333
RKE_CMD,0,1594873326.506608
RKE_CMD,0,1594873327.105293
RKE_CMD,0,1594873327.6041858
RKE_CMD,0,1594873327.9070706
RKE_CMD,0,1594873328.902873
RKE_CMD,0,1594873330.1024792
RKE_CMD,0,1594873331.999458
RKE_CMD,0,1594873332.5025222
RKE_CMD,0,1594873333.2972102
RKE_CMD,0,1594873333.796984
RKE_CMD,0,1594873334.49718
RKE_CMD,0,1594873337.892669
RKE_CMD,0,1594873338.990368
RKE_CMD,0,1594873339.690917
RKE_CMD,0,1594873341.186121
RKE_CMD,0,1594873341.3864794
RKE_CMD,0,1594873342.783495
RKE_CMD,0,1594873343.0861769
RKE_CMD,0,1594873343.2832806
RKE_CMD,0,1594873344.98256
RKE_CMD,0,1594873345.18307
RKE_CMD,0,1594873346.78052
RKE_CMD,0,1594873348.0789044
RKE_CMD,0,1594873349.3772511
RKE_CMD,0,1594873349.4757602
RKE_CMD,0,1594873350.7743618
RKE_CMD,0,1594873351.974167
RKE_CMD,0,1594873355.668839
RKE_CMD,0,1594873355.869104
RKE_CMD,0,1594873359.961277
RKE_CMD,0,1594873360.362164
RKE_CMD,0,1594873361.6605868
RKE_CMD,0,1594873364.155503
RKE_CMD,0,1594873364.257272
RKE_CMD,0,1594873364.3596108
RKE_CMD,0,1594873364.4550028
RKE_CMD,0,1594873365.155139
RKE_CMD,0,1594873365.256626
RKE_CMD,0,1594873368.550132
RKE_CMD,0,1594873369.651459
RKE_CMD,0,1594873369.750061
RKE_CMD,0,1594873371.9456382
RKE_CMD,0,1594873374.042697
RKE_CMD,0,1594873374.742686
RKE_CMD,0,1594873375.341115
RKE_CMD,0,1594873376.13978
RKE_CMD,0,1594873377.740747
RKE_CMD,0,1594873379.436637
RKE_CMD,0,1594873382.135396
RKE_CMD,0,1594873382.733443
RKE_CMD,0,1594873383.2329886
RKE_CMD,0,1594873383.630382
RKE_CMD,0,1594873383.729101
RKE_CMD,0,1594873384.130195
RKE_CMD,0,1594873386.0304089
RKE_CMD,0,1594873386.1287308
RKE_CMD,0,1594873388.623575
RKE_CMD,0,1594873394.316282
RKE_CMD,0,1594873395.115073
RKE_CMD,0,1594873398.211384
RKE_CMD,0,1594873399.0101821
RKE_CMD,0,1594873399.6120439
RKE_CMD,0,1594873400.80846
RKE_CMD,0,1594873402.205236
RKE_CMD,0,1594873404.802311
RKE_CMD,0,1594873405.002267
RKE_CMD,0,1594873405.3016489
RKE_CMD,0,1594873410.596975
RKE_CMD,0,1594873410.6953518
RKE_CMD,0,1594873410.7942052
RKE_CMD,0,1594873411.395663
RKE_CMD,0,1594873412.5921226
RKE_CMD,0,1594873413.591251
RKE_CMD,0,1594873414.291532
RKE_CMD,0,1594873416.1879306
RKE_CMD,0,1594873416.78996
RKE_CMD,0,1594873420.681385
RKE_CMD,0,1594873421.582056
RKE_CMD,0,1594873424.576334
RKE_CMD,0,1594873425.0757642
RKE_CMD,0,1594873425.4771
RKE_CMD,0,1594873426.976047
RKE_CMD,0,1594873427.0744069
RKE_CMD,0,1594873427.971785
RKE_CMD,0,1594873428.570652
RKE_CMD,0,1594873429.470468
RKE_CMD,0,1594873429.6714132
RKE_CMD,0,1594873429.7698188
RKE_CMD,0,1594873429.87182
RKE_CMD,0,1594873430.4699774
RKE_CMD,0,1594873430.9698298
RKE_CMD,0,1594873431.8705368
RKE_CMD,0,1594873432.1700811
RKE_CMD,0,1594873432.768158
RKE_CMD,0,1594873434.7625954
RKE_CMD,0,1594873435.06526
RKE_CMD,0,1594873436.5603552
RKE_CMD,0,1594873436.96167
RKE_CMD,0,1594873437.461254
RKE_CMD,0,1594873438.358439
RKE_CMD,0,1594873438.456925
RKE_CMD,0,1594873438.759645
RKE_CMD,0,1594873439.5584278
RKE_CMD,0,1594873439.759022
RKE_CMD,0,1594873440.1564212
RKE_CMD,0,1594873440.754672
RKE_CMD,0,1594873441.553955
RKE_CMD,0,1594873441.655377
RKE_CMD,0,1594873444.8501716
RKE_CMD,0,1594873444.9487958
RKE_CMD,0,1594873445.349762
RKE_CMD,0,1594873445.751152
RKE_CMD,0,1594873446.7470381
RKE_CMD,0,1594873446.848973
RKE_CMD,0,1594873447.2466161
RKE_CMD,0,1594873447.549093
RKE_CMD,0,1594873449.7445982
RKE_CMD,0,1594873450.043649
RKE_CMD,0,1594873453.0380142
RKE_CMD,0,1594873453.73804
RKE_CMD,0,1594873454.6392212
RKE_CMD,0,1594873454.7375932
RKE_CMD,0,1594873455.138944
RKE_CMD,0,1594873456.433481
RKE_CMD,0,1594873458.7311294
RKE_CMD,0,1594873459.23061
RKE_CMD,0,1594873461.626915
RKE_CMD,0,1594873468.819144
RKE_CMD,0,1594873469.22024
RKE_CMD,0,1594873469.81862
RKE_CMD,0,1594873470.2160711
RKE_CMD,0,1594873471.018162
RKE_CMD,0,1594873472.013531
RKE_CMD,0,1594873472.713933
RKE_CMD,0,1594873475.2086961
RKE_CMD,0,1594873475.310485
RKE_CMD,0,1594873476.809667
RKE_CMD,0,1594873478.0097976
RKE_CMD,0,1594873478.6040552
RKE_CMD,0,1594873481.401243
RKE_CMD,0,1594873481.900948
RKE_CMD,0,1594873482.302135
RKE_CMD,0,1594873482.998713
RKE_CMD,0,1594873483.3015401
RKE_CMD,0,1594873484.997154
RKE_CMD,0,1594873485.898108
RKE_CMD,0,1594873489.1912806
RKE_CMD,0,1594873489.89164
RKE_CMD,0,1594873490.78907
RKE_CMD,0,1594873494.585495
RKE_CMD,0,1594873495.1835444
RKE_CMD,0,1594873495.2821
RKE_CMD,0,1594873495.683049
RKE_CMD,0,1594873497.3827019
RKE_CMD,0,1594873497.681747
RKE_CMD,0,1594873498.279797
RKE_CMD,0,1594873498.378476
RKE_CMD,0,1594873498.5788438
RKE_CMD,0,1594873499.877166
RKE_CMD,0,1594873500.2785802
RKE_CMD,0,1594873501.6750982
RKE_CMD,0,1594873501.77386
RKE_CMD,0,1594873503.072109
RKE_CMD,0,1594873505.169455
RKE_CMD,0,1594873505.369685
RKE_CMD,0,1594873506.06991
RKE_CMD,0,1594873506.2705948
RKE_CMD,0,1594873506.369357
RKE_CMD,0,1594873506.869056
RKE_CMD,0,1594873508.068883
RKE_CMD,0,1594873508.7690618
RKE_CMD,0,1594873509.166833
RKE_CMD,0,1594873510.464716
RKE_CMD,0,1594873512.062203
RKE_CMD,0,1594873513.561095
RKE_CMD,0,1594873514.3597682
RKE_CMD,0,1594873515.5561051
RKE_CMD,0,1594873515.855223
RKE_CMD,0,1594873516.756224
RKE_CMD,0,1594873518.6522028
RKE_CMD,0,1594873519.3527632
RKE_CMD,0,1594873520.151541
RKE_CMD,0,1594873520.7498288
RKE_CMD,0,1594873522.150153
RKE_CMD,0,1594873522.6461089
RKE_CMD,0,1594873523.2476962
RKE_CMD,0,1594873524.345792
RKE_CMD,0,1594873524.447648
RKE_CMD,0,1594873525.9431274
RKE_CMD,0,1594873528.3392081
RKE_CMD,0,1594873528.6381369
RKE_CMD,0,1594873530.136853
RKE_CMD,0,1594873530.239082
RKE_CMD,0,1594873531.2355044
RKE_CMD,0,1594873531.336921
RKE_CMD,0,1594873540.228808
RKE_CMD,0,1594873540.626111
RKE_CMD,0,1594873541.122138
RKE_CMD,0,1594873541.322466
RKE_CMD,0,1594873541.723837
RKE_CMD,0,1594873542.322422
RKE_CMD,0,1594873542.920301
RKE_CMD,0,1594873543.3214018
RKE_CMD,0,1594873543.419855
RKE_CMD,0,1594873543.620248
RKE_CMD,0,1594873544.418865
RKE_CMD,0,1594873546.516001
RKE_CMD,0,1594873549.5139961
RKE_CMD,0,1594873549.812974
RKE_CMD,0,1594873551.610991
RKE_CMD,0,1594873552.5081222
RKE_CMD,0,1594873554.306551
RKE_CMD,0,1594873554.40837
RKE_CMD,0,1594873554.806049
RKE_CMD,0,1594873555.305985
RKE_CMD,0,1594873556.3047938
RKE_CMD,0,1594873556.40322
RKE_CMD,0,1594873557.8002508
RKE_CMD,0,1594873559.098524
RKE_CMD,0,1594873560.499018
RKE_CMD,0,1594873560.5972712
RKE_CMD,0,1594873560.7979028
RKE_CMD,0,1594873562.694638
RKE_CMD,0,1594873564.394109
RKE_CMD,0,1594873564.4926012
RKE_CMD,0,1594873564.893742
RKE_CMD,0,1594873566.3886056
RKE_CMD,0,1594873567.187795
RKE_CMD,0,1594873567.588789
RKE_CMD,0,1594873569.285063
RKE_CMD,0,1594873569.9852226
RKE_CMD,0,1594873570.984937
RKE_CMD,0,1594873573.3805099
RKE_CMD,0,1594873575.079983
RKE_CMD,0,1594873575.7802956
RKE_CMD,0,1594873575.878576
RKE_CMD,0,1594873576.7761462
RKE_CMD,0,1594873579.573056
RKE_CMD,0,1594873580.0726411
RKE_CMD,0,1594873580.1714349
RKE_CMD,0,1594873581.272591
RKE_CMD,0,1594873582.2684858
RKE_CMD,0,1594873582.468742
RKE_CMD,0,1594873583.468108
RKE_CMD,0,1594873583.7675939
RKE_CMD,0,1594873586.364466
RKE_CMD,0,1594873586.7653902
RKE_CMD,0,1594873587.8629339
RKE_CMD,0,1594873591.156304
RKE_CMD,0,1594873592.655488
RKE_CMD,0,1594873593.154638
RKE_CMD,0,1594873595.751413
RKE_CMD,0,1594873595.853863
RKE_CMD,0,1594873595.952051
RKE_CMD,0,1594873600.2484481
RKE_CMD,0,1594873600.945389
RKE_CMD,0,1594873602.1449618
RKE_CMD,0,1594873602.943619
RKE_CMD,0,1594873603.8410602
RKE_CMD,0,1594873604.639919
RKE_CMD,0,1594873604.741575
RKE_CMD,0,1594873604.938842
RKE_CMD,0,1594873605.2412622
RKE_CMD,0,1594873606.237008
RKE_CMD,0,1594873606.338912
RKE_CMD,0,1594873607.535636
RKE_CMD,0,1594873609.534091
RKE_CMD,0,1594873609.636118
RKE_CMD,0,1594873609.836767
RKE_CMD,0,1594873612.331303
RKE_CMD,0,1594873612.728716
RKE_CMD,0,1594873613.62944
RKE_CMD,0,1594873615.226957
RKE_CMD,0,1594873616.4268842
RKE_CMD,0,1594873617.2256448
RKE_CMD,0,1594873618.9212859
RKE_CMD,0,1594873619.4215631
RKE_CMD,0,1594873620.318617
RKE_CMD,0,1594873621.51811
RKE_CMD,0,1594873621.8170738
RKE_CMD,0,1594873622.21839
RKE_CMD,0,1594873622.915533
RKE_CMD,0,1594873625.515692
RKE_CMD,0,1594873625.7121289
RKE_CMD,0,1594873626.31056
RKE_CMD,0,1594873627.211198
RKE_CMD,0,1594873628.3088682
RKE_CMD,0,1594873628.407447
RKE_CMD,0,1594873629.906691
RKE_CMD,0,1594873630.004931
RKE_CMD,0,1594873630.508173
RKE_CMD,0,1594873631.4055932
RKE_CMD,0,1594873631.806577
RKE_CMD,0,1594873633.7070806
RKE_CMD,0,1594873634.70254
RKE_CMD,0,1594873635.100033
RKE_CMD,0,1594873635.8987331
RKE_CMD,0,1594873636.500407
RKE_CMD,0,1594873636.599745
RKE_CMD,0,1594873637.49611
RKE_CMD,0,1594873642.7915046
RKE_CMD,0,1594873644.4875689
RKE_CMD,0,1594873646.7850726
RKE_CMD,0,1594873647.7849028
RKE_CMD,0,1594873649.582616
RKE_CMD,0,1594873651.8764539
RKE_CMD,0,1594873652.879406
RKE_CMD,0,1594873653.576225
RKE_CMD,0,1594873653.977122
RKE_CMD,0,1594873654.177731
RKE_CMD,0,1594873655.1731489
RKE_CMD,0,1594873655.472561
RKE_CMD,0,1594873655.7751632
RKE_CMD,0,1594873657.073483
RKE_CMD,0,1594873660.9686232
RKE_CMD,0,1594873661.965321
RKE_CMD,0,1594873662.267074
RKE_CMD,0,1594873662.365601
RKE_CMD,0,1594873662.964086
RKE_CMD,0,1594873664.4627788
RKE_CMD,0,1594873665.060832
RKE_CMD,0,1594873666.060184
RKE_CMD,0,1594873669.45523
RKE_CMD,0,1594873669.754475
RKE_CMD,0,1594873669.8564758
RKE_CMD,0,1594873670.254307
RKE_CMD,0,1594873671.654552
RKE_CMD,0,1594873673.0512722
RKE_CMD,0,1594873674.849239
RKE_CMD,0,1594873675.947159
RKE_CMD,0,1594873676.647619
RKE_CMD,0,1594873677.3478189
RKE_CMD,0,1594873678.4453712
RKE_CMD,0,1594873678.744794
RKE_CMD,0,1594873679.743691
RKE_CMD,0,1594873679.8425338
RKE_CMD,0,1594873680.6447802
RKE_CMD,0,1594873682.041497
RKE_CMD,0,1594873682.438833
RKE_CMD,0,1594873684.9371488
RKE_CMD,0,1594873685.83428
RKE_CMD,0,1594873688.431294
RKE_CMD,0,1594873690.528053
RKE_CMD,0,1594873692.825818
RKE_CMD,0,1594873693.624531
RKE_CMD,0,1594873697.720225
RKE_CMD,0,1594873697.8189044
RKE_CMD,0,1594873698.916818
RKE_CMD,0,1594873699.317548
RKE_CMD,0,1594873700.915415
RKE_CMD,0,1594873701.615297
RKE_CMD,0,1594873702.512811
RKE_CMD,0,1594873703.012519
RKE_CMD,0,1594873705.309724
RKE_CMD,0,1594873705.6087651
RKE_CMD,0,1594873708.205482
RKE_CMD,0,1594873709.704475
RKE_CMD,0,1594873710.302729
RKE_CMD,0,1594873710.802489
RKE_CMD,0,1594873711.9039721
RKE_CMD,0,1594873712.1006632
RKE_CMD,0,1594873712.698902
RKE_CMD,0,1594873712.800937
RKE_CMD,0,1594873713.898732
RKE_CMD,0,1594873713.9978912
RKE_CMD,0,1594873714.50062
RKE_CMD,0,1594873714.99747
RKE_CMD,0,1594873717.793705
RKE_CMD,0,1594873717.892425
RKE_CMD,0,1594873718.7931142
RKE_CMD,0,1594873720.2919931
RKE_CMD,0,1594873721.2878802
RKE_CMD,0,1594873723.687399
RKE_CMD,0,1594873724.384276
RKE_CMD,0,1594873724.6832712
RKE_CMD,0,1594873725.1830919
RKE_CMD,0,1594873726.182461
RKE_CMD,0,1594873726.2844179
RKE_CMD,0,1594873726.784089
RKE_CMD,0,1594873727.083134
RKE_CMD,0,1594873727.484268
RKE_CMD,0,1594873727.7803214
RKE_CMD,0,1594873728.079196
RKE_CMD,0,1594873728.680528
RKE_CMD,0,1594873729.4791028
RKE_CMD,0,1594873731.477629
RKE_CMD,0,1594873731.575995
RKE_CMD,0,1594873732.1746519
RKE_CMD,0,1594873732.9732108
RKE_CMD,0,1594873733.374083
RKE_CMD,0,1594873734.1728268
RKE_CMD,0,1594873735.0737422
RKE_CMD,0,1594873735.372829
RKE_CMD,0,1594873737.167192
RKE_CMD,0,1594873737.965836
RKE_CMD,0,1594873739.366195
RKE_CMD,0,1594873739.7644858
RKE_CMD,0,1594873740.16496
RKE_CMD,0,1594873741.663939
RKE_CMD,0,1594873747.3570714
RKE_CMD,0,1594873749.3523042
RKE_CMD,0,1594873750.4534774
RKE_CMD,0,1594873751.5510821
RKE_CMD,0,1594873754.147817
RKE_CMD,0,1594873754.5461812
RKE_CMD,0,1594873755.946267
RKE_CMD,0,1594873756.543956
RKE_CMD,0,1594873757.1419368
RKE_CMD,0,1594873759.038806
RKE_CMD,0,1594873759.542135
RKE_CMD,0,1594873760.836867
RKE_CMD,0,1594873761.237706
RKE_CMD,0,1594873761.4383948
RKE_CMD,0,1594873762.934036
RKE_CMD,0,1594873763.1340349
RKE_CMD,0,1594873763.834451
RKE_CMD,0,1594873764.133513
RKE_CMD,0,1594873765.431892
RKE_CMD,0,1594873765.530476
RKE_CMD,0,1594873765.931582
RKE_CMD,0,1594873769.925214
RKE_CMD,0,1594873771.923733
RKE_CMD,0,1594873773.721688
RKE_CMD,0,1594873774.021075
RKE_CMD,0,1594873775.221038
RKE_CMD,0,1594873775.720403
RKE_CMD,0,1594873775.81888
RKE_CMD,0,1594873776.117826
RKE_CMD,0,1594873777.61698
RKE_CMD,0,1594873780.91417
RKE_CMD,0,1594873782.51265
RKE_CMD,0,1594873786.103633
RKE_CMD,0,1594873786.803766
RKE_CMD,0,1594873788.8024268
RKE_CMD,0,1594873789.101794
RKE_CMD,0,1594873791.202584
RKE_CMD,0,1594873791.7974222
RKE_CMD,0,1594873792.296772
RKE_CMD,0,1594873793.0955954
RKE_CMD,0,1594873793.2957
RKE_CMD,0,1594873793.7955232
RKE_CMD,0,1594873796.191566
RKE_CMD,0,1594873797.7925582
RKE_CMD,0,1594873797.891005
RKE_CMD,0,1594873798.2923431
RKE_CMD,0,1594873799.087386
RKE_CMD,0,1594873799.189842
RKE_CMD,0,1594873800.8853626
RKE_CMD,0,1594873802.383949
RKE_CMD,0,1594873804.280776
RKE_CMD,0,1594873804.6818602
RKE_CMD,0,1594873804.7803972
RKE_CMD,0,1594873805.181664
RKE_CMD,0,1594873806.3782358
RKE_CMD,0,1594873806.579034
RKE_CMD,0,1594873808.576857
RKE_CMD,0,1594873808.671363
RKE_CMD,0,1594873808.7856488
RKE_CMD,0,1594873808.8716972
RKE_CMD,0,1594873808.970463
RKE_CMD,0,1594873809.0688019
RKE_CMD,0,1594873809.170884
RKE_CMD,0,1594873809.2695026
RKE_CMD,0,1594873809.379599
RKE_CMD,0,1594873809.469768
RKE_CMD,0,1594873809.572313
RKE_CMD,0,1594873809.670362
