PIC_Lock,0,1590825489.692169
PIC_Lock,0,1590825489.789734
PIC_Lock,0,1590825489.888448
PIC_Lock,0,1590825490.5888839
PIC_Lock,0,1590825492.591336
PIC_Lock,0,1590825493.090785
PIC_Lock,0,1590825493.488267
PIC_Lock,0,1590825495.0857868
PIC_Lock,0,1590825496.9819288
PIC_Lock,0,1590825497.1827352
PIC_Lock,0,1590825499.079081
PIC_Lock,0,1590825500.1770098
PIC_Lock,0,1590825500.476074
PIC_Lock,0,1590825501.8764238
PIC_Lock,0,1590825502.376121
PIC_Lock,0,1590825502.974153
PIC_Lock,0,1590825505.173557
PIC_Lock,0,1590825507.868735
PIC_Lock,0,1590825508.069663
PIC_Lock,0,1590825508.970484
PIC_Lock,0,1590825510.064493
PIC_Lock,0,1590825511.461617
PIC_Lock,0,1590825512.161707
PIC_Lock,0,1590825513.062276
PIC_Lock,0,1590825514.860376
PIC_Lock,0,1590825514.9590778
PIC_Lock,0,1590825515.761486
PIC_Lock,0,1590825516.560074
PIC_Lock,0,1590825518.2559052
PIC_Lock,0,1590825520.053931
PIC_Lock,0,1590825520.3531368
PIC_Lock,0,1590825522.650969
PIC_Lock,0,1590825523.748492
PIC_Lock,0,1590825523.847124
PIC_Lock,0,1590825526.246809
PIC_Lock,0,1590825527.045581
PIC_Lock,0,1590825528.442303
PIC_Lock,0,1590825528.7412548
PIC_Lock,0,1590825529.241001
PIC_Lock,0,1590825530.338975
PIC_Lock,0,1590825530.838732
PIC_Lock,0,1590825530.9406886
PIC_Lock,0,1590825531.141359
PIC_Lock,0,1590825531.440424
PIC_Lock,0,1590825533.5374439
PIC_Lock,0,1590825534.037148
PIC_Lock,0,1590825534.7344348
PIC_Lock,0,1590825535.3321269
PIC_Lock,0,1590825535.83169
PIC_Lock,0,1590825535.934061
PIC_Lock,0,1590825538.731004
PIC_Lock,0,1590825539.427952
PIC_Lock,0,1590825541.225869
PIC_Lock,0,1590825541.725152
PIC_Lock,0,1590825545.02235
PIC_Lock,0,1590825545.620388
PIC_Lock,0,1590825545.7191026
PIC_Lock,0,1590825548.217386
PIC_Lock,0,1590825548.7171052
PIC_Lock,0,1590825549.91712
PIC_Lock,0,1590825551.9121199
PIC_Lock,0,1590825552.411298
PIC_Lock,0,1590825554.9096599
PIC_Lock,0,1590825556.208055
PIC_Lock,0,1590825556.6057448
PIC_Lock,0,1590825557.0108528
PIC_Lock,0,1590825557.903815
PIC_Lock,0,1590825559.202524
PIC_Lock,0,1590825559.304586
PIC_Lock,0,1590825561.6023538
PIC_Lock,0,1590825561.700931
PIC_Lock,0,1590825561.799959
PIC_Lock,0,1590825562.0987232
PIC_Lock,0,1590825562.401304
PIC_Lock,0,1590825567.091242
PIC_Lock,0,1590825569.1918788
PIC_Lock,0,1590825570.289718
PIC_Lock,0,1590825571.588097
PIC_Lock,0,1590825571.891026
PIC_Lock,0,1590825572.5877726
PIC_Lock,0,1590825573.185812
PIC_Lock,0,1590825574.2836099
PIC_Lock,0,1590825574.3855202
PIC_Lock,0,1590825574.484247
PIC_Lock,0,1590825574.6846712
PIC_Lock,0,1590825578.0799446
PIC_Lock,0,1590825579.280055
PIC_Lock,0,1590825582.0738301
PIC_Lock,0,1590825582.6716619
PIC_Lock,0,1590825582.97444
PIC_Lock,0,1590825584.072242
PIC_Lock,0,1590825584.272827
PIC_Lock,0,1590825586.570815
PIC_Lock,0,1590825586.6689599
PIC_Lock,0,1590825588.3690894
PIC_Lock,0,1590825588.7670028
PIC_Lock,0,1590825590.465926
PIC_Lock,0,1590825590.5642312
PIC_Lock,0,1590825590.76475
PIC_Lock,0,1590825592.063212
PIC_Lock,0,1590825593.062518
PIC_Lock,0,1590825594.058263
PIC_Lock,0,1590825600.0511448
PIC_Lock,0,1590825602.5488498
PIC_Lock,0,1590825603.150851
PIC_Lock,0,1590825605.444475
PIC_Lock,0,1590825607.0421274
PIC_Lock,0,1590825607.144193
PIC_Lock,0,1590825607.341151
PIC_Lock,0,1590825608.041179
PIC_Lock,0,1590825608.5408268
PIC_Lock,0,1590825610.638294
PIC_Lock,0,1590825610.7403948
PIC_Lock,0,1590825611.039708
PIC_Lock,0,1590825612.3381882
PIC_Lock,0,1590825612.73925
PIC_Lock,0,1590825613.935134
PIC_Lock,0,1590825615.934081
PIC_Lock,0,1590825617.031518
PIC_Lock,0,1590825617.330533
PIC_Lock,0,1590825617.429255
PIC_Lock,0,1590825617.728194
PIC_Lock,0,1590825618.030831
PIC_Lock,0,1590825618.231576
PIC_Lock,0,1590825618.3298829
PIC_Lock,0,1590825619.5259259
PIC_Lock,0,1590825620.3286169
PIC_Lock,0,1590825621.123734
PIC_Lock,0,1590825621.823741
PIC_Lock,0,1590825622.4221141
PIC_Lock,0,1590825627.517247
PIC_Lock,0,1590825628.020719
PIC_Lock,0,1590825628.31988
PIC_Lock,0,1590825628.819367
PIC_Lock,0,1590825629.41376
PIC_Lock,0,1590825630.912451
PIC_Lock,0,1590825631.711425
PIC_Lock,0,1590825632.11259
PIC_Lock,0,1590825632.3093731
PIC_Lock,0,1590825632.510155
PIC_Lock,0,1590825633.210266
PIC_Lock,0,1590825633.5095546
PIC_Lock,0,1590825633.6078892
PIC_Lock,0,1590825634.308146
PIC_Lock,0,1590825634.508613
PIC_Lock,0,1590825634.7091851
PIC_Lock,0,1590825635.807389
PIC_Lock,0,1590825636.007627
PIC_Lock,0,1590825636.2082078
PIC_Lock,0,1590825637.0069098
PIC_Lock,0,1590825637.8056052
PIC_Lock,0,1590825638.0027788
PIC_Lock,0,1590825638.20316
PIC_Lock,0,1590825638.403989
PIC_Lock,0,1590825639.4030972
PIC_Lock,0,1590825639.600749
PIC_Lock,0,1590825640.1034892
PIC_Lock,0,1590825641.799409
PIC_Lock,0,1590825644.096998
PIC_Lock,0,1590825645.8948948
PIC_Lock,0,1590825646.3946712
PIC_Lock,0,1590825650.38824
PIC_Lock,0,1590825654.88205
PIC_Lock,0,1590825654.983965
PIC_Lock,0,1590825656.5811849
PIC_Lock,0,1590825656.6796944
PIC_Lock,0,1590825656.7821212
PIC_Lock,0,1590825657.5804534
PIC_Lock,0,1590825658.87896
PIC_Lock,0,1590825660.078878
PIC_Lock,0,1590825660.578772
PIC_Lock,0,1590825661.1766431
PIC_Lock,0,1590825662.073643
PIC_Lock,0,1590825662.172323
PIC_Lock,0,1590825662.6719599
PIC_Lock,0,1590825663.372027
PIC_Lock,0,1590825663.470709
PIC_Lock,0,1590825663.773279
PIC_Lock,0,1590825664.769259
PIC_Lock,0,1590825664.969652
PIC_Lock,0,1590825666.4687614
PIC_Lock,0,1590825667.0678806
PIC_Lock,0,1590825668.069978
PIC_Lock,0,1590825669.96257
PIC_Lock,0,1590825670.5642474
PIC_Lock,0,1590825670.863265
PIC_Lock,0,1590825672.2602296
PIC_Lock,0,1590825673.0589962
PIC_Lock,0,1590825673.759124
PIC_Lock,0,1590825675.258574
PIC_Lock,0,1590825675.757888
PIC_Lock,0,1590825676.55667
PIC_Lock,0,1590825677.253203
PIC_Lock,0,1590825678.252374
PIC_Lock,0,1590825678.5553858
PIC_Lock,0,1590825678.854469
PIC_Lock,0,1590825679.150305
PIC_Lock,0,1590825680.649714
PIC_Lock,0,1590825680.750813
PIC_Lock,0,1590825680.9514408
PIC_Lock,0,1590825682.049375
PIC_Lock,0,1590825682.9503698
PIC_Lock,0,1590825683.548382
PIC_Lock,0,1590825685.842326
PIC_Lock,0,1590825687.7422998
PIC_Lock,0,1590825687.939386
PIC_Lock,0,1590825689.241334
PIC_Lock,0,1590825689.5368278
PIC_Lock,0,1590825689.737737
PIC_Lock,0,1590825690.638207
PIC_Lock,0,1590825694.332866
PIC_Lock,0,1590825695.3322911
PIC_Lock,0,1590825696.528425
PIC_Lock,0,1590825696.929479
PIC_Lock,0,1590825697.4292226
PIC_Lock,0,1590825698.727495
PIC_Lock,0,1590825699.2272868
PIC_Lock,0,1590825700.026149
PIC_Lock,0,1590825700.42364
PIC_Lock,0,1590825700.525512
PIC_Lock,0,1590825700.824509
PIC_Lock,0,1590825701.1235056
PIC_Lock,0,1590825703.3228788
PIC_Lock,0,1590825704.2199972
PIC_Lock,0,1590825705.4199429
PIC_Lock,0,1590825705.719101
PIC_Lock,0,1590825707.31669
PIC_Lock,0,1590825707.418816
PIC_Lock,0,1590825708.4183161
PIC_Lock,0,1590825708.516727
PIC_Lock,0,1590825709.413595
PIC_Lock,0,1590825710.412844
PIC_Lock,0,1590825711.5106912
PIC_Lock,0,1590825714.1077518
PIC_Lock,0,1590825715.909525
PIC_Lock,0,1590825716.106503
PIC_Lock,0,1590825718.2031062
PIC_Lock,0,1590825721.799665
PIC_Lock,0,1590825721.89821
PIC_Lock,0,1590825722.8969312
PIC_Lock,0,1590825723.798251
PIC_Lock,0,1590825723.896587
PIC_Lock,0,1590825724.1960378
PIC_Lock,0,1590825725.391793
PIC_Lock,0,1590825725.592417
PIC_Lock,0,1590825726.1941519
PIC_Lock,0,1590825726.8907351
PIC_Lock,0,1590825727.091221
PIC_Lock,0,1590825727.791501
PIC_Lock,0,1590825728.987905
PIC_Lock,0,1590825729.790342
PIC_Lock,0,1590825732.583894
PIC_Lock,0,1590825732.686761
PIC_Lock,0,1590825732.784554
PIC_Lock,0,1590825736.778263
PIC_Lock,0,1590825737.1793401
PIC_Lock,0,1590825739.776541
PIC_Lock,0,1590825741.275048
PIC_Lock,0,1590825741.6725972
PIC_Lock,0,1590825747.16561
PIC_Lock,0,1590825748.26704
PIC_Lock,0,1590825750.7613962
PIC_Lock,0,1590825751.1624641
PIC_Lock,0,1590825751.461538
PIC_Lock,0,1590825751.859179
PIC_Lock,0,1590825753.259721
PIC_Lock,0,1590825754.156683
PIC_Lock,0,1590825754.955723
PIC_Lock,0,1590825755.057626
PIC_Lock,0,1590825755.557347
PIC_Lock,0,1590825755.656103
PIC_Lock,0,1590825755.856689
PIC_Lock,0,1590825756.053408
PIC_Lock,0,1590825756.2577472
PIC_Lock,0,1590825759.650136
PIC_Lock,0,1590825763.245818
PIC_Lock,0,1590825766.542397
PIC_Lock,0,1590825767.3411686
PIC_Lock,0,1590825767.939134
PIC_Lock,0,1590825769.237539
PIC_Lock,0,1590825769.93809
PIC_Lock,0,1590825770.6384351
PIC_Lock,0,1590825770.9373221
PIC_Lock,0,1590825771.036011
PIC_Lock,0,1590825772.13357
PIC_Lock,0,1590825772.235997
PIC_Lock,0,1590825772.833742
PIC_Lock,0,1590825775.2301068
PIC_Lock,0,1590825776.929573
PIC_Lock,0,1590825777.126729
PIC_Lock,0,1590825777.626548
PIC_Lock,0,1590825779.427999
PIC_Lock,0,1590825780.0260322
PIC_Lock,0,1590825780.7228858
PIC_Lock,0,1590825783.7204552
PIC_Lock,0,1590825784.220122
PIC_Lock,0,1590825784.519155
PIC_Lock,0,1590825788.3123949
PIC_Lock,0,1590825788.414382
PIC_Lock,0,1590825789.114792
PIC_Lock,0,1590825789.712679
PIC_Lock,0,1590825790.5114088
PIC_Lock,0,1590825792.207506
PIC_Lock,0,1590825792.8091538
PIC_Lock,0,1590825793.00992
PIC_Lock,0,1590825794.4065552
PIC_Lock,0,1590825795.20516
PIC_Lock,0,1590825795.508275
PIC_Lock,0,1590825797.4009886
PIC_Lock,0,1590825797.7036202
PIC_Lock,0,1590825798.301861
PIC_Lock,0,1590825799.6993132
PIC_Lock,0,1590825799.8992949
PIC_Lock,0,1590825799.998191
PIC_Lock,0,1590825800.4979448
PIC_Lock,0,1590825802.6970508
PIC_Lock,0,1590825803.094343
PIC_Lock,0,1590825803.196175
PIC_Lock,0,1590825803.495744
PIC_Lock,0,1590825803.794275
PIC_Lock,0,1590825804.294136
PIC_Lock,0,1590825804.7937
PIC_Lock,0,1590825807.988435
PIC_Lock,0,1590825808.688767
PIC_Lock,0,1590825810.384906
PIC_Lock,0,1590825813.681797
PIC_Lock,0,1590825814.280158
PIC_Lock,0,1590825814.382267
PIC_Lock,0,1590825815.0786922
PIC_Lock,0,1590825815.578372
PIC_Lock,0,1590825818.478018
PIC_Lock,0,1590825818.674923
PIC_Lock,0,1590825819.8745954
PIC_Lock,0,1590825820.473003
PIC_Lock,0,1590825821.771383
PIC_Lock,0,1590825822.270804
PIC_Lock,0,1590825823.270217
PIC_Lock,0,1590825824.7691839
PIC_Lock,0,1590825826.665693
PIC_Lock,0,1590825829.2622774
PIC_Lock,0,1590825829.462955
PIC_Lock,0,1590825830.462276
PIC_Lock,0,1590825830.8597498
PIC_Lock,0,1590825833.055444
PIC_Lock,0,1590825833.2561278
PIC_Lock,0,1590825833.7559
PIC_Lock,0,1590825835.0577786
PIC_Lock,0,1590825837.950636
PIC_Lock,0,1590825838.052164
PIC_Lock,0,1590825839.051431
PIC_Lock,0,1590825841.345597
PIC_Lock,0,1590825841.447335
PIC_Lock,0,1590825843.745262
PIC_Lock,0,1590825845.141918
PIC_Lock,0,1590825845.641928
PIC_Lock,0,1590825846.3419874
PIC_Lock,0,1590825846.9401011
PIC_Lock,0,1590825847.0387998
PIC_Lock,0,1590825848.938647
PIC_Lock,0,1590825849.536973
PIC_Lock,0,1590825854.628268
PIC_Lock,0,1590825855.3283632
PIC_Lock,0,1590825856.4264698
PIC_Lock,0,1590825858.924751
PIC_Lock,0,1590825860.222879
PIC_Lock,0,1590825860.423559
PIC_Lock,0,1590825861.8203769
PIC_Lock,0,1590825862.3199198
PIC_Lock,0,1590825863.917701
PIC_Lock,0,1590825864.0196214
PIC_Lock,0,1590825864.516541
PIC_Lock,0,1590825865.4166772
PIC_Lock,0,1590825868.1161098
PIC_Lock,0,1590825870.9089909
PIC_Lock,0,1590825871.0113258
PIC_Lock,0,1590825872.408375
PIC_Lock,0,1590825873.407458
PIC_Lock,0,1590825874.005451
PIC_Lock,0,1590825874.1040561
PIC_Lock,0,1590825875.60275
PIC_Lock,0,1590825875.902212
PIC_Lock,0,1590825876.901294
PIC_Lock,0,1590825878.6995149
PIC_Lock,0,1590825878.899872
PIC_Lock,0,1590825879.502018
PIC_Lock,0,1590825881.49685
PIC_Lock,0,1590825882.397966
PIC_Lock,0,1590825883.696249
PIC_Lock,0,1590825884.790328
PIC_Lock,0,1590825885.0928562
PIC_Lock,0,1590825885.289851
PIC_Lock,0,1590825885.59252
PIC_Lock,0,1590825885.789696
PIC_Lock,0,1590825886.588075
PIC_Lock,0,1590825887.2886481
PIC_Lock,0,1590825887.4889226
PIC_Lock,0,1590825887.890242
PIC_Lock,0,1590825890.384831
PIC_Lock,0,1590825891.782481
PIC_Lock,0,1590825891.883901
PIC_Lock,0,1590825892.281408
PIC_Lock,0,1590825893.182524
PIC_Lock,0,1590825893.682074
PIC_Lock,0,1590825894.0792162
PIC_Lock,0,1590825895.279289
PIC_Lock,0,1590825895.5782568
PIC_Lock,0,1590825897.8760722
PIC_Lock,0,1590825900.4728
PIC_Lock,0,1590825902.668622
PIC_Lock,0,1590825903.667614
PIC_Lock,0,1590825903.9668422
PIC_Lock,0,1590825904.069001
PIC_Lock,0,1590825904.466675
PIC_Lock,0,1590825908.1615589
PIC_Lock,0,1590825909.4596891
PIC_Lock,0,1590825912.056459
PIC_Lock,0,1590825912.957506
PIC_Lock,0,1590825915.054023
PIC_Lock,0,1590825917.2502432
PIC_Lock,0,1590825919.3472252
PIC_Lock,0,1590825919.5473151
PIC_Lock,0,1590825920.9481301
PIC_Lock,0,1590825921.2471054
PIC_Lock,0,1590825921.644663
PIC_Lock,0,1590825922.246343
PIC_Lock,0,1590825926.338439
PIC_Lock,0,1590825926.637634
PIC_Lock,0,1590825933.129148
PIC_Lock,0,1590825933.231783
PIC_Lock,0,1590825933.530483
PIC_Lock,0,1590825933.7314172
PIC_Lock,0,1590825933.9282198
PIC_Lock,0,1590825935.226633
PIC_Lock,0,1590825936.127243
PIC_Lock,0,1590825937.8269632
PIC_Lock,0,1590825938.8265028
PIC_Lock,0,1590825938.9209652
PIC_Lock,0,1590825939.821675
PIC_Lock,0,1590825942.418894
PIC_Lock,0,1590825943.516803
PIC_Lock,0,1590825944.6147301
PIC_Lock,0,1590825946.1170392
PIC_Lock,0,1590825946.514506
PIC_Lock,0,1590825946.715452
PIC_Lock,0,1590825947.41166
PIC_Lock,0,1590825948.013358
PIC_Lock,0,1590825948.611378
PIC_Lock,0,1590825949.709218
PIC_Lock,0,1590825956.300473
PIC_Lock,0,1590825956.701025
PIC_Lock,0,1590825957.102028
PIC_Lock,0,1590825957.299546
PIC_Lock,0,1590825958.998924
PIC_Lock,0,1590825959.097236
PIC_Lock,0,1590825959.199368
PIC_Lock,0,1590825959.8959
PIC_Lock,0,1590825961.693878
PIC_Lock,0,1590825962.095274
PIC_Lock,0,1590825963.6924329
PIC_Lock,0,1590825963.9914274
PIC_Lock,0,1590825964.790081
PIC_Lock,0,1590825966.1907752
PIC_Lock,0,1590825966.989383
PIC_Lock,0,1590825969.3855
PIC_Lock,0,1590825971.9826698
PIC_Lock,0,1590825972.4825118
PIC_Lock,0,1590825973.579842
PIC_Lock,0,1590825975.177224
PIC_Lock,0,1590825975.275939
PIC_Lock,0,1590825980.370699
PIC_Lock,0,1590825981.369996
PIC_Lock,0,1590825981.869648
PIC_Lock,0,1590825982.3694859
PIC_Lock,0,1590825983.9668071
PIC_Lock,0,1590825984.266054
PIC_Lock,0,1590825985.163548
PIC_Lock,0,1590825987.6613321
PIC_Lock,0,1590825988.0626462
PIC_Lock,0,1590825988.460001
PIC_Lock,0,1590825990.258068
PIC_Lock,0,1590825990.458962
PIC_Lock,0,1590825990.958539
PIC_Lock,0,1590825991.1555798
PIC_Lock,0,1590825991.356319
PIC_Lock,0,1590825992.154788
PIC_Lock,0,1590825992.256896
PIC_Lock,0,1590825993.055583
PIC_Lock,0,1590825994.853518
PIC_Lock,0,1590825996.651695
PIC_Lock,0,1590825996.750365
PIC_Lock,0,1590825997.349036
PIC_Lock,0,1590825998.147668
PIC_Lock,0,1590825998.548542
PIC_Lock,0,1590825999.2487369
PIC_Lock,0,1590826000.1458118
PIC_Lock,0,1590826001.8453262
PIC_Lock,0,1590826002.4437711
PIC_Lock,0,1590826003.442635
PIC_Lock,0,1590826004.740902
PIC_Lock,0,1590826005.740384
PIC_Lock,0,1590826005.838701
PIC_Lock,0,1590826006.338387
PIC_Lock,0,1590826006.539017
PIC_Lock,0,1590826006.838093
PIC_Lock,0,1590826006.93696
PIC_Lock,0,1590826007.4361901
PIC_Lock,0,1590826008.034476
PIC_Lock,0,1590826009.537131
PIC_Lock,0,1590826010.9308832
PIC_Lock,0,1590826011.032585
PIC_Lock,0,1590826011.331715
PIC_Lock,0,1590826013.628968
PIC_Lock,0,1590826013.928076
PIC_Lock,0,1590826014.7269206
PIC_Lock,0,1590826015.525857
PIC_Lock,0,1590826015.726156
PIC_Lock,0,1590826016.2258172
PIC_Lock,0,1590826017.0248792
PIC_Lock,0,1590826017.426007
PIC_Lock,0,1590826017.524391
PIC_Lock,0,1590826018.5236714
PIC_Lock,0,1590826019.719882
PIC_Lock,0,1590826021.820629
PIC_Lock,0,1590826022.11969
PIC_Lock,0,1590826022.320402
PIC_Lock,0,1590826023.316514
PIC_Lock,0,1590826026.7115252
PIC_Lock,0,1590826027.3132954
PIC_Lock,0,1590826028.709962
PIC_Lock,0,1590826029.9100149
PIC_Lock,0,1590826031.405587
PIC_Lock,0,1590826033.506072
PIC_Lock,0,1590826034.104119
PIC_Lock,0,1590826034.2025
PIC_Lock,0,1590826034.301259
PIC_Lock,0,1590826034.502021
PIC_Lock,0,1590826034.8008301
PIC_Lock,0,1590826036.5995529
PIC_Lock,0,1590826039.396076
PIC_Lock,0,1590826040.395474
PIC_Lock,0,1590826041.394905
PIC_Lock,0,1590826044.4913864
PIC_Lock,0,1590826044.687912
PIC_Lock,0,1590826045.58898
PIC_Lock,0,1590826045.789581
PIC_Lock,0,1590826047.686049
PIC_Lock,0,1590826047.9851258
PIC_Lock,0,1590826048.583388
PIC_Lock,0,1590826048.7842536
PIC_Lock,0,1590826050.1846929
PIC_Lock,0,1590826050.483534
PIC_Lock,0,1590826051.282558
PIC_Lock,0,1590826051.581419
PIC_Lock,0,1590826052.277828
PIC_Lock,0,1590826054.378725
PIC_Lock,0,1590826058.0731351
PIC_Lock,0,1590826060.968983
PIC_Lock,0,1590826063.963638
PIC_Lock,0,1590826066.261127
PIC_Lock,0,1590826069.558094
PIC_Lock,0,1590826069.857392
PIC_Lock,0,1590826070.15626
PIC_Lock,0,1590826070.9549592
PIC_Lock,0,1590826071.655038
PIC_Lock,0,1590826073.256617
PIC_Lock,0,1590826073.3552508
PIC_Lock,0,1590826073.6536539
PIC_Lock,0,1590826074.452516
PIC_Lock,0,1590826074.6532009
PIC_Lock,0,1590826075.951423
PIC_Lock,0,1590826076.648884
PIC_Lock,0,1590826079.944949
PIC_Lock,0,1590826080.744249
PIC_Lock,0,1590826080.8460171
PIC_Lock,0,1590826081.145119
PIC_Lock,0,1590826081.54267
PIC_Lock,0,1590826082.3415658
PIC_Lock,0,1590826082.742492
PIC_Lock,0,1590826083.041474
PIC_Lock,0,1590826083.340935
PIC_Lock,0,1590826084.040834
PIC_Lock,0,1590826084.5405278
PIC_Lock,0,1590826087.936154
PIC_Lock,0,1590826088.136698
PIC_Lock,0,1590826088.5380971
PIC_Lock,0,1590826092.728734
PIC_Lock,0,1590826093.32659
PIC_Lock,0,1590826093.4291024
PIC_Lock,0,1590826094.026865
PIC_Lock,0,1590826095.6242561
PIC_Lock,0,1590826101.616503
PIC_Lock,0,1590826101.8169556
PIC_Lock,0,1590826102.3166444
PIC_Lock,0,1590826103.615315
PIC_Lock,0,1590826103.8160498
PIC_Lock,0,1590826106.3104231
PIC_Lock,0,1590826106.4124699
PIC_Lock,0,1590826106.711358
PIC_Lock,0,1590826107.309813
PIC_Lock,0,1590826107.6092231
PIC_Lock,0,1590826108.009961
PIC_Lock,0,1590826110.106993
PIC_Lock,0,1590826110.508297
PIC_Lock,0,1590826111.904917
PIC_Lock,0,1590826112.306359
PIC_Lock,0,1590826113.0030348
PIC_Lock,0,1590826115.399673
PIC_Lock,0,1590826116.799458
PIC_Lock,0,1590826117.995883
PIC_Lock,0,1590826118.9949641
PIC_Lock,0,1590826122.68976
PIC_Lock,0,1590826123.189486
PIC_Lock,0,1590826123.689059
PIC_Lock,0,1590826125.5891454
PIC_Lock,0,1590826125.786458
PIC_Lock,0,1590826127.6827981
PIC_Lock,0,1590826128.9850311
PIC_Lock,0,1590826130.582069
PIC_Lock,0,1590826131.180438
PIC_Lock,0,1590826131.581795
PIC_Lock,0,1590826131.880749
PIC_Lock,0,1590826132.179805
PIC_Lock,0,1590826134.1782012
PIC_Lock,0,1590826134.4772382
PIC_Lock,0,1590826135.374697
PIC_Lock,0,1590826137.3730311
PIC_Lock,0,1590826138.073329
PIC_Lock,0,1590826139.7691581
PIC_Lock,0,1590826140.469564
PIC_Lock,0,1590826142.865839
PIC_Lock,0,1590826143.164957
PIC_Lock,0,1590826143.7635472
PIC_Lock,0,1590826144.065834
PIC_Lock,0,1590826145.560972
PIC_Lock,0,1590826145.96208
PIC_Lock,0,1590826146.4617321
PIC_Lock,0,1590826147.059925
PIC_Lock,0,1590826148.358232
PIC_Lock,0,1590826150.557568
PIC_Lock,0,1590826151.655303
PIC_Lock,0,1590826152.253736
PIC_Lock,0,1590826153.0560806
PIC_Lock,0,1590826155.149428
PIC_Lock,0,1590826157.2472188
PIC_Lock,0,1590826159.2449868
PIC_Lock,0,1590826159.744566
PIC_Lock,0,1590826160.3429508
PIC_Lock,0,1590826161.047348
PIC_Lock,0,1590826162.5421581
PIC_Lock,0,1590826163.7422462
PIC_Lock,0,1590826169.6321619
PIC_Lock,0,1590826172.228797
PIC_Lock,0,1590826172.7284222
PIC_Lock,0,1590826175.7265546
PIC_Lock,0,1590826176.0257149
PIC_Lock,0,1590826176.9231222
PIC_Lock,0,1590826177.721424
PIC_Lock,0,1590826178.220994
PIC_Lock,0,1590826178.421686
PIC_Lock,0,1590826179.118339
PIC_Lock,0,1590826180.920131
PIC_Lock,0,1590826181.416337
PIC_Lock,0,1590826181.5181649
PIC_Lock,0,1590826181.81714
PIC_Lock,0,1590826183.414919
PIC_Lock,0,1590826185.311439
PIC_Lock,0,1590826185.5116944
PIC_Lock,0,1590826186.8100939
PIC_Lock,0,1590826188.608384
PIC_Lock,0,1590826189.009454
PIC_Lock,0,1590826190.3079221
PIC_Lock,0,1590826190.406243
PIC_Lock,0,1590826192.7042546
PIC_Lock,0,1590826195.599765
PIC_Lock,0,1590826196.1984682
PIC_Lock,0,1590826197.299686
PIC_Lock,0,1590826198.8970912
PIC_Lock,0,1590826199.793921
PIC_Lock,0,1590826200.4942641
PIC_Lock,0,1590826201.989745
PIC_Lock,0,1590826203.291724
PIC_Lock,0,1590826205.18812
PIC_Lock,0,1590826206.68357
PIC_Lock,0,1590826207.682961
PIC_Lock,0,1590826208.186312
PIC_Lock,0,1590826208.583761
PIC_Lock,0,1590826209.0833561
PIC_Lock,0,1590826209.981408
PIC_Lock,0,1590826210.18135
PIC_Lock,0,1590826210.38185
PIC_Lock,0,1590826211.2791374
PIC_Lock,0,1590826212.180023
PIC_Lock,0,1590826212.478864
PIC_Lock,0,1590826212.5773811
PIC_Lock,0,1590826214.575862
PIC_Lock,0,1590826214.77649
PIC_Lock,0,1590826215.075576
PIC_Lock,0,1590826215.276219
PIC_Lock,0,1590826218.671666
PIC_Lock,0,1590826218.770123
PIC_Lock,0,1590826219.0695524
PIC_Lock,0,1590826220.5680606
PIC_Lock,0,1590826221.0678134
PIC_Lock,0,1590826224.266539
PIC_Lock,0,1590826225.1647038
PIC_Lock,0,1590826225.261966
PIC_Lock,0,1590826226.261291
PIC_Lock,0,1590826226.4619806
PIC_Lock,0,1590826226.65906
PIC_Lock,0,1590826226.7609901
PIC_Lock,0,1590826226.863651
PIC_Lock,0,1590826227.4613929
PIC_Lock,0,1590826227.559772
PIC_Lock,0,1590826228.657579
PIC_Lock,0,1590826229.1571462
PIC_Lock,0,1590826229.558418
PIC_Lock,0,1590826229.857553
PIC_Lock,0,1590826231.053778
PIC_Lock,0,1590826232.9543538
PIC_Lock,0,1590826234.2522929
PIC_Lock,0,1590826235.7480268
PIC_Lock,0,1590826237.148437
PIC_Lock,0,1590826237.247495
PIC_Lock,0,1590826237.648128
PIC_Lock,0,1590826237.7464054
PIC_Lock,0,1590826239.245236
PIC_Lock,0,1590826239.446054
PIC_Lock,0,1590826240.142494
PIC_Lock,0,1590826240.744243
PIC_Lock,0,1590826241.5428634
PIC_Lock,0,1590826242.141355
PIC_Lock,0,1590826242.34168
PIC_Lock,0,1590826245.0368109
PIC_Lock,0,1590826248.133588
PIC_Lock,0,1590826249.136544
PIC_Lock,0,1590826250.0309088
PIC_Lock,0,1590826250.4313338
PIC_Lock,0,1590826250.5304806
PIC_Lock,0,1590826250.828733
PIC_Lock,0,1590826251.029108
PIC_Lock,0,1590826252.028435
PIC_Lock,0,1590826254.027125
PIC_Lock,0,1590826255.624577
PIC_Lock,0,1590826255.722958
PIC_Lock,0,1590826257.2221482
PIC_Lock,0,1590826257.62322
PIC_Lock,0,1590826258.721053
PIC_Lock,0,1590826259.0200438
PIC_Lock,0,1590826259.319154
PIC_Lock,0,1590826259.92101
PIC_Lock,0,1590826261.5184321
PIC_Lock,0,1590826261.616915
PIC_Lock,0,1590826264.714184
PIC_Lock,0,1590826265.913482
PIC_Lock,0,1590826266.0117
PIC_Lock,0,1590826266.9091651
PIC_Lock,0,1590826268.109101
PIC_Lock,0,1590826271.3038445
PIC_Lock,0,1590826272.605929
PIC_Lock,0,1590826274.8999
PIC_Lock,0,1590826275.399282
PIC_Lock,0,1590826277.697449
PIC_Lock,0,1590826279.4952571
PIC_Lock,0,1590826280.195703
PIC_Lock,0,1590826281.8913338
PIC_Lock,0,1590826282.890788
PIC_Lock,0,1590826283.2920618
PIC_Lock,0,1590826285.0863206
PIC_Lock,0,1590826285.188467
PIC_Lock,0,1590826285.7864454
PIC_Lock,0,1590826286.683837
PIC_Lock,0,1590826286.9863944
PIC_Lock,0,1590826287.7851439
PIC_Lock,0,1590826289.8823369
PIC_Lock,0,1590826289.9846444
PIC_Lock,0,1590826290.480733
PIC_Lock,0,1590826290.780319
PIC_Lock,0,1590826290.98024
PIC_Lock,0,1590826292.5774028
PIC_Lock,0,1590826292.880634
PIC_Lock,0,1590826295.075836
PIC_Lock,0,1590826295.7761538
PIC_Lock,0,1590826297.471827
PIC_Lock,0,1590826297.57065
PIC_Lock,0,1590826297.7708962
PIC_Lock,0,1590826297.9716618
PIC_Lock,0,1590826298.1721961
PIC_Lock,0,1590826298.770292
PIC_Lock,0,1590826299.9703226
PIC_Lock,0,1590826302.0674038
PIC_Lock,0,1590826303.7643158
PIC_Lock,0,1590826304.063236
PIC_Lock,0,1590826305.065907
PIC_Lock,0,1590826305.762191
PIC_Lock,0,1590826308.3587039
PIC_Lock,0,1590826308.8583748
PIC_Lock,0,1590826309.7559614
PIC_Lock,0,1590826310.4559412
PIC_Lock,0,1590826312.553348
PIC_Lock,0,1590826313.352008
PIC_Lock,0,1590826314.051809
PIC_Lock,0,1590826316.947922
PIC_Lock,0,1590826317.1485062
PIC_Lock,0,1590826318.14768
PIC_Lock,0,1590826318.4469981
PIC_Lock,0,1590826318.643807
PIC_Lock,0,1590826320.1428142
PIC_Lock,0,1590826320.445716
PIC_Lock,0,1590826320.842931
PIC_Lock,0,1590826321.342887
PIC_Lock,0,1590826322.141294
PIC_Lock,0,1590826322.6409512
PIC_Lock,0,1590826322.7396061
PIC_Lock,0,1590826323.6404278
PIC_Lock,0,1590826324.938682
PIC_Lock,0,1590826325.4383929
PIC_Lock,0,1590826326.036402
PIC_Lock,0,1590826326.933707
PIC_Lock,0,1590826327.4334419
PIC_Lock,0,1590826328.23585
PIC_Lock,0,1590826328.73556
PIC_Lock,0,1590826329.6326542
PIC_Lock,0,1590826329.731041
PIC_Lock,0,1590826330.3299048
PIC_Lock,0,1590826330.632031
PIC_Lock,0,1590826332.528718
PIC_Lock,0,1590826332.9261189
PIC_Lock,0,1590826334.425067
PIC_Lock,0,1590826335.026724
PIC_Lock,0,1590826335.125099
PIC_Lock,0,1590826335.825397
PIC_Lock,0,1590826336.222795
PIC_Lock,0,1590826337.922496
PIC_Lock,0,1590826341.617244
PIC_Lock,0,1590826343.3142774
PIC_Lock,0,1590826345.3122652
PIC_Lock,0,1590826347.409058
PIC_Lock,0,1590826348.506721
PIC_Lock,0,1590826348.8093374
PIC_Lock,0,1590826349.206809
PIC_Lock,0,1590826349.309129
PIC_Lock,0,1590826350.6073909
PIC_Lock,0,1590826351.5045
PIC_Lock,0,1590826352.004194
PIC_Lock,0,1590826353.5035279
PIC_Lock,0,1590826354.6009731
PIC_Lock,0,1590826355.1005971
PIC_Lock,0,1590826355.301238
PIC_Lock,0,1590826355.899349
PIC_Lock,0,1590826357.795975
PIC_Lock,0,1590826358.3977091
PIC_Lock,0,1590826359.094742
PIC_Lock,0,1590826359.294782
PIC_Lock,0,1590826360.994538
PIC_Lock,0,1590826361.79367
PIC_Lock,0,1590826363.4894788
PIC_Lock,0,1590826363.9889972
PIC_Lock,0,1590826364.6890368
PIC_Lock,0,1590826365.7866552
PIC_Lock,0,1590826366.286386
PIC_Lock,0,1590826366.385369
PIC_Lock,0,1590826368.482265
PIC_Lock,0,1590826370.6812642
PIC_Lock,0,1590826371.3816528
PIC_Lock,0,1590826373.278084
PIC_Lock,0,1590826373.7777214
PIC_Lock,0,1590826376.6736052
PIC_Lock,0,1590826377.271938
PIC_Lock,0,1590826377.771616
PIC_Lock,0,1590826378.672201
PIC_Lock,0,1590826380.069011
PIC_Lock,0,1590826380.367929
PIC_Lock,0,1590826381.0684009
PIC_Lock,0,1590826381.26562
PIC_Lock,0,1590826382.465492
PIC_Lock,0,1590826384.3621788
PIC_Lock,0,1590826384.9638786
PIC_Lock,0,1590826385.0628312
PIC_Lock,0,1590826385.4641962
PIC_Lock,0,1590826385.562081
PIC_Lock,0,1590826387.560312
PIC_Lock,0,1590826387.761003
PIC_Lock,0,1590826389.456785
PIC_Lock,0,1590826389.956536
PIC_Lock,0,1590826390.85394
PIC_Lock,0,1590826391.853177
PIC_Lock,0,1590826392.454794
PIC_Lock,0,1590826393.155183
PIC_Lock,0,1590826393.6515028
PIC_Lock,0,1590826393.855587
PIC_Lock,0,1590826394.4496698
PIC_Lock,0,1590826394.650284
PIC_Lock,0,1590826394.9496849
PIC_Lock,0,1590826395.35059
PIC_Lock,0,1590826396.7477481
PIC_Lock,0,1590826397.247575
PIC_Lock,0,1590826397.349437
PIC_Lock,0,1590826398.447415
PIC_Lock,0,1590826399.9464211
PIC_Lock,0,1590826400.245356
PIC_Lock,0,1590826400.6427689
PIC_Lock,0,1590826401.1421962
PIC_Lock,0,1590826401.4415
PIC_Lock,0,1590826403.239609
PIC_Lock,0,1590826403.4400358
PIC_Lock,0,1590826405.537075
PIC_Lock,0,1590826407.1346922
PIC_Lock,0,1590826407.834786
PIC_Lock,0,1590826408.633914
PIC_Lock,0,1590826408.834174
PIC_Lock,0,1590826409.035027
PIC_Lock,0,1590826409.432616
PIC_Lock,0,1590826411.529629
PIC_Lock,0,1590826412.8277302
PIC_Lock,0,1590826412.9263039
PIC_Lock,0,1590826413.12706
PIC_Lock,0,1590826414.924742
PIC_Lock,0,1590826417.6238868
PIC_Lock,0,1590826419.720932
PIC_Lock,0,1590826420.2205892
PIC_Lock,0,1590826420.515933
PIC_Lock,0,1590826422.715373
PIC_Lock,0,1590826423.6160948
PIC_Lock,0,1590826425.115254
PIC_Lock,0,1590826426.0127301
PIC_Lock,0,1590826426.3119268
PIC_Lock,0,1590826429.207062
PIC_Lock,0,1590826429.309352
PIC_Lock,0,1590826430.7061698
PIC_Lock,0,1590826432.3035069
PIC_Lock,0,1590826434.2038732
PIC_Lock,0,1590826434.601259
PIC_Lock,0,1590826435.699619
PIC_Lock,0,1590826435.8013132
PIC_Lock,0,1590826436.198764
PIC_Lock,0,1590826436.597143
PIC_Lock,0,1590826437.297408
PIC_Lock,0,1590826437.697737
PIC_Lock,0,1590826439.0947034
PIC_Lock,0,1590826440.7942138
PIC_Lock,0,1590826442.690615
PIC_Lock,0,1590826444.390249
PIC_Lock,0,1590826444.988414
PIC_Lock,0,1590826446.286724
PIC_Lock,0,1590826447.0854342
PIC_Lock,0,1590826447.683805
PIC_Lock,0,1590826450.3829439
PIC_Lock,0,1590826450.882326
PIC_Lock,0,1590826451.181332
PIC_Lock,0,1590826452.3779302
PIC_Lock,0,1590826453.577472
PIC_Lock,0,1590826455.076415
PIC_Lock,0,1590826455.375401
PIC_Lock,0,1590826455.674483
PIC_Lock,0,1590826456.673825
PIC_Lock,0,1590826456.8747454
PIC_Lock,0,1590826457.972241
PIC_Lock,0,1590826460.069341
PIC_Lock,0,1590826461.068604
PIC_Lock,0,1590826462.265105
PIC_Lock,0,1590826462.866953
PIC_Lock,0,1590826465.263176
PIC_Lock,0,1590826465.963424
PIC_Lock,0,1590826466.4632242
PIC_Lock,0,1590826466.762295
PIC_Lock,0,1590826467.159618
PIC_Lock,0,1590826468.7572439
PIC_Lock,0,1590826469.0596051
PIC_Lock,0,1590826470.7557206
PIC_Lock,0,1590826471.4558046
PIC_Lock,0,1590826474.253201
PIC_Lock,0,1590826475.150314
PIC_Lock,0,1590826476.849927
PIC_Lock,0,1590826477.04758
PIC_Lock,0,1590826477.8467588
PIC_Lock,0,1590826478.046356
PIC_Lock,0,1590826479.24644
PIC_Lock,0,1590826480.1434882
PIC_Lock,0,1590826482.043581
PIC_Lock,0,1590826483.341901
PIC_Lock,0,1590826483.842106
PIC_Lock,0,1590826483.940194
PIC_Lock,0,1590826484.738581
PIC_Lock,0,1590826485.7380962
PIC_Lock,0,1590826485.9386082
PIC_Lock,0,1590826486.2468688
PIC_Lock,0,1590826486.5367758
PIC_Lock,0,1590826487.236993
PIC_Lock,0,1590826487.7366939
PIC_Lock,0,1590826488.3348546
PIC_Lock,0,1590826488.6338599
PIC_Lock,0,1590826488.736095
PIC_Lock,0,1590826491.0343199
PIC_Lock,0,1590826491.329951
PIC_Lock,0,1590826492.13165
PIC_Lock,0,1590826494.6265721
PIC_Lock,0,1590826494.728609
PIC_Lock,0,1590826496.2238472
PIC_Lock,0,1590826496.322123
PIC_Lock,0,1590826497.0225
PIC_Lock,0,1590826497.624469
PIC_Lock,0,1590826497.9233909
PIC_Lock,0,1590826500.417901
PIC_Lock,0,1590826500.618735
PIC_Lock,0,1590826500.720591
PIC_Lock,0,1590826501.2167182
PIC_Lock,0,1590826502.7159061
PIC_Lock,0,1590826505.513222
PIC_Lock,0,1590826507.512079
PIC_Lock,0,1590826507.9092882
PIC_Lock,0,1590826508.511044
PIC_Lock,0,1590826509.109175
PIC_Lock,0,1590826510.805094
PIC_Lock,0,1590826511.5054169
PIC_Lock,0,1590826511.705908
PIC_Lock,0,1590826512.005196
PIC_Lock,0,1590826512.205535
PIC_Lock,0,1590826514.802337
PIC_Lock,0,1590826514.900991
PIC_Lock,0,1590826515.404356
PIC_Lock,0,1590826517.100044
PIC_Lock,0,1590826518.099352
PIC_Lock,0,1590826519.197359
PIC_Lock,0,1590826520.995302
PIC_Lock,0,1590826521.2944078
PIC_Lock,0,1590826522.993889
PIC_Lock,0,1590826523.194886
PIC_Lock,0,1590826523.6904929
PIC_Lock,0,1590826523.891377
PIC_Lock,0,1590826525.5870938
PIC_Lock,0,1590826526.1852748
PIC_Lock,0,1590826526.9874294
PIC_Lock,0,1590826529.7848449
PIC_Lock,0,1590826529.88317
PIC_Lock,0,1590826530.0839028
PIC_Lock,0,1590826532.082746
PIC_Lock,0,1590826532.877619
PIC_Lock,0,1590826533.37755
PIC_Lock,0,1590826534.577358
PIC_Lock,0,1590826535.9741
PIC_Lock,0,1590826538.975849
PIC_Lock,0,1590826539.774709
PIC_Lock,0,1590826539.873915
PIC_Lock,0,1590826540.073888
PIC_Lock,0,1590826540.6680708
PIC_Lock,0,1590826540.9705842
PIC_Lock,0,1590826541.0689652
PIC_Lock,0,1590826542.5680242
PIC_Lock,0,1590826543.8665462
PIC_Lock,0,1590826543.964891
PIC_Lock,0,1590826545.164842
PIC_Lock,0,1590826545.26339
PIC_Lock,0,1590826546.262887
PIC_Lock,0,1590826548.5644462
PIC_Lock,0,1590826548.7612429
PIC_Lock,0,1590826550.358424
PIC_Lock,0,1590826551.2558742
PIC_Lock,0,1590826552.6562848
PIC_Lock,0,1590826553.753922
PIC_Lock,0,1590826555.552026
PIC_Lock,0,1590826557.5507429
PIC_Lock,0,1590826557.649218
PIC_Lock,0,1590826559.047078
PIC_Lock,0,1590826559.3487382
PIC_Lock,0,1590826559.7464778
PIC_Lock,0,1590826563.64165
PIC_Lock,0,1590826565.3410552
PIC_Lock,0,1590826565.640068
PIC_Lock,0,1590826566.3367412
PIC_Lock,0,1590826567.536456
PIC_Lock,0,1590826567.737136
PIC_Lock,0,1590826571.231359
PIC_Lock,0,1590826571.632756
PIC_Lock,0,1590826571.7347062
PIC_Lock,0,1590826574.229404
PIC_Lock,0,1590826575.326831
PIC_Lock,0,1590826576.92435
PIC_Lock,0,1590826577.124984
PIC_Lock,0,1590826577.5227392
PIC_Lock,0,1590826577.7233448
PIC_Lock,0,1590826578.02234
PIC_Lock,0,1590826578.1241848
PIC_Lock,0,1590826579.222006
PIC_Lock,0,1590826580.925802
PIC_Lock,0,1590826581.6184044
PIC_Lock,0,1590826581.917632
PIC_Lock,0,1590826585.813406
PIC_Lock,0,1590826586.31602
PIC_Lock,0,1590826587.815256
PIC_Lock,0,1590826588.7161226
PIC_Lock,0,1590826590.207598
PIC_Lock,0,1590826590.707746
PIC_Lock,0,1590826592.607252
PIC_Lock,0,1590826594.802604
PIC_Lock,0,1590826595.30277
PIC_Lock,0,1590826596.3020082
PIC_Lock,0,1590826596.805514
PIC_Lock,0,1590826598.2974136
PIC_Lock,0,1590826599.1975071
PIC_Lock,0,1590826600.095485
PIC_Lock,0,1590826600.696817
PIC_Lock,0,1590826600.893755
PIC_Lock,0,1590826601.1962152
PIC_Lock,0,1590826601.7944849
PIC_Lock,0,1590826604.79284
PIC_Lock,0,1590826605.4891598
PIC_Lock,0,1590826605.689631
PIC_Lock,0,1590826605.788085
PIC_Lock,0,1590826606.787502
PIC_Lock,0,1590826607.188517
PIC_Lock,0,1590826609.285575
PIC_Lock,0,1590826610.583883
PIC_Lock,0,1590826611.2842429
PIC_Lock,0,1590826612.0832279
PIC_Lock,0,1590826612.68138
PIC_Lock,0,1590826613.4797306
PIC_Lock,0,1590826615.9786034
PIC_Lock,0,1590826618.4731796
PIC_Lock,0,1590826621.7697642
PIC_Lock,0,1590826622.8678348
PIC_Lock,0,1590826623.2688382
PIC_Lock,0,1590826623.866822
PIC_Lock,0,1590826626.4637716
PIC_Lock,0,1590826626.5630062
PIC_Lock,0,1590826626.6643438
PIC_Lock,0,1590826627.463438
PIC_Lock,0,1590826629.265089
PIC_Lock,0,1590826629.363467
PIC_Lock,0,1590826629.4619148
PIC_Lock,0,1590826630.358756
PIC_Lock,0,1590826630.7601511
PIC_Lock,0,1590826632.058506
PIC_Lock,0,1590826633.0544028
PIC_Lock,0,1590826633.955052
PIC_Lock,0,1590826634.356436
PIC_Lock,0,1590826635.45403
PIC_Lock,0,1590826636.9531062
PIC_Lock,0,1590826645.243197
PIC_Lock,0,1590826645.8410609
PIC_Lock,0,1590826646.9388618
PIC_Lock,0,1590826647.7375019
PIC_Lock,0,1590826648.9375381
PIC_Lock,0,1590826649.0358891
PIC_Lock,0,1590826650.13405
PIC_Lock,0,1590826651.4360259
PIC_Lock,0,1590826652.034137
PIC_Lock,0,1590826653.7339606
PIC_Lock,0,1590826654.430403
PIC_Lock,0,1590826654.627449
PIC_Lock,0,1590826655.127177
PIC_Lock,0,1590826655.4297779
PIC_Lock,0,1590826655.827585
PIC_Lock,0,1590826656.027522
PIC_Lock,0,1590826656.2285922
PIC_Lock,0,1590826657.2240071
PIC_Lock,0,1590826657.7237802
PIC_Lock,0,1590826658.423882
PIC_Lock,0,1590826659.025704
PIC_Lock,0,1590826659.324673
PIC_Lock,0,1590826659.4231381
PIC_Lock,0,1590826662.11846
PIC_Lock,0,1590826662.3188422
PIC_Lock,0,1590826663.019177
PIC_Lock,0,1590826663.916579
PIC_Lock,0,1590826667.213373
PIC_Lock,0,1590826668.91318
PIC_Lock,0,1590826670.510711
PIC_Lock,0,1590826670.809587
PIC_Lock,0,1590826672.006059
PIC_Lock,0,1590826672.9066439
PIC_Lock,0,1590826676.502884
PIC_Lock,0,1590826678.104586
PIC_Lock,0,1590826682.4959538
PIC_Lock,0,1590826683.794343
PIC_Lock,0,1590826684.494092
PIC_Lock,0,1590826685.1943989
PIC_Lock,0,1590826685.6940851
PIC_Lock,0,1590826686.590657
PIC_Lock,0,1590826686.787942
PIC_Lock,0,1590826687.4880114
PIC_Lock,0,1590826687.8892686
PIC_Lock,0,1590826689.9862444
PIC_Lock,0,1590826691.481689
PIC_Lock,0,1590826697.576006
PIC_Lock,0,1590826697.776709
PIC_Lock,0,1590826698.276253
PIC_Lock,0,1590826698.7759721
PIC_Lock,0,1590826698.973224
PIC_Lock,0,1590826699.075037
PIC_Lock,0,1590826699.8737102
PIC_Lock,0,1590826700.7749894
PIC_Lock,0,1590826701.2744582
PIC_Lock,0,1590826702.5690932
PIC_Lock,0,1590826703.4698179
PIC_Lock,0,1590826707.065907
PIC_Lock,0,1590826708.562123
PIC_Lock,0,1590826709.262536
PIC_Lock,0,1590826709.66287
PIC_Lock,0,1590826710.2621188
PIC_Lock,0,1590826712.058987
PIC_Lock,0,1590826715.7533162
PIC_Lock,0,1590826715.954057
PIC_Lock,0,1590826716.5524
PIC_Lock,0,1590826717.5519822
PIC_Lock,0,1590826717.752482
PIC_Lock,0,1590826718.354229
PIC_Lock,0,1590826719.050507
PIC_Lock,0,1590826720.848651
PIC_Lock,0,1590826721.147686
PIC_Lock,0,1590826722.0457976
PIC_Lock,0,1590826723.4456792
PIC_Lock,0,1590826724.244407
PIC_Lock,0,1590826724.4451258
PIC_Lock,0,1590826724.8420851
PIC_Lock,0,1590826728.8358529
PIC_Lock,0,1590826729.5359402
PIC_Lock,0,1590826730.633997
PIC_Lock,0,1590826730.936638
PIC_Lock,0,1590826731.133662
PIC_Lock,0,1590826731.23564
PIC_Lock,0,1590826734.2339034
PIC_Lock,0,1590826734.4345012
PIC_Lock,0,1590826734.930283
PIC_Lock,0,1590826736.229064
PIC_Lock,0,1590826737.625577
PIC_Lock,0,1590826738.526498
PIC_Lock,0,1590826739.226775
PIC_Lock,0,1590826739.923085
PIC_Lock,0,1590826740.623435
PIC_Lock,0,1590826740.824128
PIC_Lock,0,1590826740.922585
PIC_Lock,0,1590826742.221299
PIC_Lock,0,1590826743.023741
PIC_Lock,0,1590826743.3185556
PIC_Lock,0,1590826743.7199194
PIC_Lock,0,1590826744.31793
PIC_Lock,0,1590826744.8176892
PIC_Lock,0,1590826745.218924
PIC_Lock,0,1590826746.116102
PIC_Lock,0,1590826746.415288
PIC_Lock,0,1590826746.914975
PIC_Lock,0,1590826747.2137444
PIC_Lock,0,1590826749.015729
PIC_Lock,0,1590826750.514841
PIC_Lock,0,1590826750.8140318
PIC_Lock,0,1590826751.211537
PIC_Lock,0,1590826751.3097546
PIC_Lock,0,1590826753.107588
PIC_Lock,0,1590826753.8079698
PIC_Lock,0,1590826754.606652
PIC_Lock,0,1590826754.9057126
PIC_Lock,0,1590826757.6011019
PIC_Lock,0,1590826757.903906
PIC_Lock,0,1590826759.5995796
PIC_Lock,0,1590826759.698217
PIC_Lock,0,1590826759.800172
PIC_Lock,0,1590826761.897414
PIC_Lock,0,1590826761.9968052
PIC_Lock,0,1590826765.096498
PIC_Lock,0,1590826766.1940954
PIC_Lock,0,1590826767.291958
PIC_Lock,0,1590826767.688921
PIC_Lock,0,1590826771.784821
PIC_Lock,0,1590826772.9811199
PIC_Lock,0,1590826773.984184
PIC_Lock,0,1590826774.885221
PIC_Lock,0,1590826774.9835222
PIC_Lock,0,1590826776.380334
PIC_Lock,0,1590826776.4787881
PIC_Lock,0,1590826777.17914
PIC_Lock,0,1590826777.376266
PIC_Lock,0,1590826777.478323
PIC_Lock,0,1590826777.977802
PIC_Lock,0,1590826780.8735194
PIC_Lock,0,1590826783.3725429
PIC_Lock,0,1590826783.6708949
PIC_Lock,0,1590826783.969944
PIC_Lock,0,1590826784.273097
PIC_Lock,0,1590826788.46353
PIC_Lock,0,1590826789.4628642
PIC_Lock,0,1590826789.863904
PIC_Lock,0,1590826789.962358
PIC_Lock,0,1590826790.4627259
PIC_Lock,0,1590826790.764933
PIC_Lock,0,1590826791.760562
PIC_Lock,0,1590826793.157238
PIC_Lock,0,1590826794.955413
PIC_Lock,0,1590826795.356388
PIC_Lock,0,1590826795.95454
PIC_Lock,0,1590826796.6549098
PIC_Lock,0,1590826797.953208
PIC_Lock,0,1590826800.648279
PIC_Lock,0,1590826802.5458374
PIC_Lock,0,1590826802.647072
PIC_Lock,0,1590826802.847736
PIC_Lock,0,1590826803.8439882
PIC_Lock,0,1590826804.34351
PIC_Lock,0,1590826804.7444348
PIC_Lock,0,1590826805.1458561
PIC_Lock,0,1590826805.3426292
PIC_Lock,0,1590826805.743818
PIC_Lock,0,1590826806.0426211
PIC_Lock,0,1590826806.444182
PIC_Lock,0,1590826808.639214
PIC_Lock,0,1590826809.139041
PIC_Lock,0,1590826809.4381068
PIC_Lock,0,1590826809.536778
PIC_Lock,0,1590826810.1384199
PIC_Lock,0,1590826811.535143
PIC_Lock,0,1590826812.6332269
PIC_Lock,0,1590826813.431819
PIC_Lock,0,1590826814.533302
PIC_Lock,0,1590826815.532983
PIC_Lock,0,1590826817.527723
PIC_Lock,0,1590826818.826113
PIC_Lock,0,1590826820.8245509
PIC_Lock,0,1590826821.422562
PIC_Lock,0,1590826822.1229222
PIC_Lock,0,1590826822.622567
PIC_Lock,0,1590826824.223985
PIC_Lock,0,1590826824.916824
PIC_Lock,0,1590826825.018692
PIC_Lock,0,1590826826.2187068
PIC_Lock,0,1590826827.11608
PIC_Lock,0,1590826827.3164759
PIC_Lock,0,1590826832.014412
PIC_Lock,0,1590826832.514143
PIC_Lock,0,1590826832.608595
PIC_Lock,0,1590826833.607868
PIC_Lock,0,1590826835.106715
PIC_Lock,0,1590826835.405786
PIC_Lock,0,1590826838.002839
PIC_Lock,0,1590826838.301896
PIC_Lock,0,1590826839.1044312
PIC_Lock,0,1590826844.396259
PIC_Lock,0,1590826846.3951194
PIC_Lock,0,1590826846.7924092
PIC_Lock,0,1590826847.091583
PIC_Lock,0,1590826847.595284
PIC_Lock,0,1590826848.492161
PIC_Lock,0,1590826849.290653
PIC_Lock,0,1590826850.187916
PIC_Lock,0,1590826850.388424
PIC_Lock,0,1590826851.187219
PIC_Lock,0,1590826851.7855859
PIC_Lock,0,1590826852.186461
PIC_Lock,0,1590826852.3871222
PIC_Lock,0,1590826852.584042
PIC_Lock,0,1590826852.985179
PIC_Lock,0,1590826854.783272
PIC_Lock,0,1590826855.48353
PIC_Lock,0,1590826855.880928
PIC_Lock,0,1590826856.081793
PIC_Lock,0,1590826859.1783402
PIC_Lock,0,1590826861.374537
PIC_Lock,0,1590826862.471817
PIC_Lock,0,1590826863.175766
PIC_Lock,0,1590826863.273973
PIC_Lock,0,1590826863.97438
PIC_Lock,0,1590826864.0730288
PIC_Lock,0,1590826864.572618
PIC_Lock,0,1590826864.8718114
PIC_Lock,0,1590826866.06771
PIC_Lock,0,1590826868.365233
PIC_Lock,0,1590826868.565902
PIC_Lock,0,1590826868.7664099
PIC_Lock,0,1590826869.4633338
PIC_Lock,0,1590826870.065085
PIC_Lock,0,1590826871.162709
PIC_Lock,0,1590826871.462237
PIC_Lock,0,1590826872.8623939
PIC_Lock,0,1590826873.9603028
PIC_Lock,0,1590826876.954772
PIC_Lock,0,1590826877.052983
PIC_Lock,0,1590826877.45395
PIC_Lock,0,1590826880.0509632
PIC_Lock,0,1590826881.0541716
PIC_Lock,0,1590826884.048171
PIC_Lock,0,1590826884.545067
PIC_Lock,0,1590826885.1459868
PIC_Lock,0,1590826886.145278
PIC_Lock,0,1590826886.243979
PIC_Lock,0,1590826886.641244
PIC_Lock,0,1590826888.5417118
PIC_Lock,0,1590826890.339536
PIC_Lock,0,1590826890.536576
PIC_Lock,0,1590826891.3351412
PIC_Lock,0,1590826892.735616
PIC_Lock,0,1590826895.332792
PIC_Lock,0,1590826895.532982
PIC_Lock,0,1590826897.9291751
PIC_Lock,0,1590826898.7281
PIC_Lock,0,1590826903.417548
PIC_Lock,0,1590826903.5205274
PIC_Lock,0,1590826903.618178
PIC_Lock,0,1590826903.721159
PIC_Lock,0,1590826903.818992
PIC_Lock,0,1590826904.019541
PIC_Lock,0,1590826904.216171
