PID_0Dh,0,1595998563.5120962
PID_0Dh,0,1595998563.610759
PID_0Dh,0,1595998563.7128599
PID_0Dh,0,1595998565.011085
PID_0Dh,0,1595998566.0107179
PID_0Dh,0,1595998566.309855
PID_0Dh,0,1595998566.510667
PID_0Dh,0,1595998567.509752
PID_0Dh,0,1595998568.5665972
PID_0Dh,0,1595998568.812201
PID_0Dh,0,1595998570.1108446
PID_0Dh,0,1595998570.413437
PID_0Dh,0,1595998571.1102011
PID_0Dh,0,1595998572.9119966
PID_0Dh,0,1595998573.5103116
PID_0Dh,0,1595998573.710773
PID_0Dh,2,1595998575.3119779
PID_0Dh,2,1595998575.512636
PID_0Dh,3,1595998576.610704
PID_0Dh,2,1595998578.510912
PID_0Dh,2,1595998578.613152
PID_0Dh,2,1595998579.5108118
PID_0Dh,3,1595998582.4103289
PID_0Dh,1,1595998584.609941
PID_0Dh,0,1595998585.510617
PID_0Dh,0,1595998586.30993
PID_0Dh,4,1595998589.209567
PID_0Dh,3,1595998590.110521
PID_0Dh,5,1595998592.211221
PID_0Dh,5,1595998592.30995
PID_0Dh,6,1595998592.4118788
PID_0Dh,18,1595998598.3102849
PID_0Dh,21,1595998600.710447
PID_0Dh,22,1595998601.5091949
PID_0Dh,24,1595998602.512218
PID_0Dh,24,1595998602.7093132
PID_0Dh,25,1595998603.1105652
PID_0Dh,26,1595998603.409931
PID_0Dh,28,1595998604.310782
PID_0Dh,31,1595998606.210837
PID_0Dh,27,1595998609.909417
PID_0Dh,27,1595998610.208755
PID_0Dh,27,1595998610.511244
PID_0Dh,26,1595998611.912194
PID_0Dh,27,1595998612.510411
PID_0Dh,36,1595998616.2090359
PID_0Dh,36,1595998616.909569
PID_0Dh,36,1595998617.011384
PID_0Dh,34,1595998618.7111528
PID_0Dh,32,1595998621.70997
PID_0Dh,32,1595998622.0122418
PID_0Dh,33,1595998623.110091
PID_0Dh,34,1595998623.212449
PID_0Dh,38,1595998624.711474
PID_0Dh,39,1595998625.309943
PID_0Dh,39,1595998625.510277
PID_0Dh,42,1595998626.911047
PID_0Dh,42,1595998627.009684
PID_0Dh,44,1595998628.111051
PID_0Dh,42,1595998632.0104
PID_0Dh,37,1595998633.21038
PID_0Dh,37,1595998633.812351
PID_0Dh,37,1595998634.9103732
PID_0Dh,39,1595998639.608427
PID_0Dh,35,1595998640.411032
PID_0Dh,33,1595998640.910506
PID_0Dh,26,1595998642.209219
PID_0Dh,20,1595998643.109979
PID_0Dh,7,1595998645.2110472
PID_0Dh,21,1595998648.009525
PID_0Dh,29,1595998649.3109329
PID_0Dh,30,1595998649.5115929
PID_0Dh,34,1595998650.0113618
PID_0Dh,43,1595998651.711025
PID_0Dh,44,1595998651.8099241
PID_0Dh,45,1595998652.108775
PID_0Dh,51,1595998653.509193
PID_0Dh,53,1595998654.111158
PID_0Dh,57,1595998655.7086751
PID_0Dh,58,1595998655.909354
PID_0Dh,62,1595998658.309838
PID_0Dh,62,1595998658.5103571
PID_0Dh,62,1595998658.608902
PID_0Dh,62,1595998658.7108886
PID_0Dh,63,1595998659.411208
PID_0Dh,63,1595998661.2096946
PID_0Dh,63,1595998661.409982
PID_0Dh,64,1595998661.909744
PID_0Dh,64,1595998662.708716
PID_0Dh,64,1595998664.309833
PID_0Dh,63,1595998665.5099974
PID_0Dh,62,1595998665.809356
PID_0Dh,62,1595998666.608066
PID_0Dh,61,1595998667.2100546
PID_0Dh,60,1595998668.3114738
PID_0Dh,57,1595998671.911508
PID_0Dh,57,1595998672.0099812
PID_0Dh,57,1595998673.2102811
PID_0Dh,56,1595998674.3118038
PID_0Dh,56,1595998674.410035
PID_0Dh,56,1595998674.709573
PID_0Dh,54,1595998677.109739
PID_0Dh,52,1595998678.010518
PID_0Dh,48,1595998679.2103539
PID_0Dh,46,1595998679.608377
PID_0Dh,42,1595998681.209449
PID_0Dh,41,1595998681.7096682
PID_0Dh,37,1595998683.211893
PID_0Dh,34,1595998684.0107028
PID_0Dh,33,1595998684.3096306
PID_0Dh,32,1595998684.5103738
PID_0Dh,29,1595998685.0100534
PID_0Dh,26,1595998685.710384
PID_0Dh,21,1595998686.709913
PID_0Dh,7,1595998689.1100092
PID_0Dh,2,1595998690.510712
PID_0Dh,0,1595998691.809542
PID_0Dh,0,1595998693.10778
PID_0Dh,0,1595998693.611118
PID_0Dh,0,1595998694.2093694
PID_0Dh,0,1595998694.610647
PID_0Dh,0,1595998695.31091
PID_0Dh,0,1595998696.40916
PID_0Dh,0,1595998698.309264
PID_0Dh,0,1595998698.509769
PID_0Dh,0,1595998699.210211
PID_0Dh,0,1595998701.4097311
PID_0Dh,0,1595998706.108215
PID_0Dh,0,1595998706.7095551
PID_0Dh,0,1595998709.011373
PID_0Dh,0,1595998709.810107
PID_0Dh,0,1595998713.1112812
PID_0Dh,0,1595998713.209909
PID_0Dh,0,1595998714.1106029
PID_0Dh,0,1595998714.209173
PID_0Dh,0,1595998714.9095118
PID_0Dh,0,1595998715.007828
PID_0Dh,0,1595998718.309
PID_0Dh,0,1595998718.71031
PID_0Dh,0,1595998719.6077359
PID_0Dh,0,1595998719.91041
PID_0Dh,0,1595998722.408924
PID_0Dh,0,1595998724.408084
PID_0Dh,0,1595998726.308426
PID_0Dh,0,1595998729.4089909
PID_0Dh,0,1595998729.5109694
PID_0Dh,0,1595998730.309642
PID_0Dh,0,1595998731.009952
PID_0Dh,0,1595998731.710423
PID_0Dh,0,1595998732.808467
PID_0Dh,0,1595998733.5084748
PID_0Dh,0,1595998734.80739
PID_0Dh,0,1595998738.4111204
PID_0Dh,0,1595998738.9108589
PID_0Dh,0,1595998739.107836
PID_0Dh,0,1595998739.5088902
PID_0Dh,0,1595998745.108254
PID_0Dh,0,1595998745.509242
PID_0Dh,0,1595998745.607907
PID_0Dh,0,1595998746.8080974
PID_0Dh,0,1595998748.110081
PID_0Dh,0,1595998749.4089954
PID_0Dh,0,1595998749.809746
PID_0Dh,0,1595998750.608622
PID_0Dh,0,1595998750.80926
PID_0Dh,0,1595998751.108416
PID_0Dh,0,1595998752.8083491
PID_0Dh,0,1595998753.610566
PID_0Dh,0,1595998754.5082626
PID_0Dh,0,1595998757.5098472
PID_0Dh,0,1595998760.110661
PID_0Dh,0,1595998761.708153
PID_0Dh,0,1595998763.108887
PID_0Dh,0,1595998763.207885
PID_0Dh,0,1595998763.5104349
PID_0Dh,0,1595998763.8093572
PID_0Dh,0,1595998764.907402
PID_0Dh,0,1595998767.307628
PID_0Dh,0,1595998767.507791
PID_0Dh,0,1595998769.208013
PID_0Dh,0,1595998769.608934
PID_0Dh,0,1595998769.7075012
PID_0Dh,0,1595998770.0066292
PID_0Dh,3,1595998771.407476
PID_0Dh,10,1595998772.209719
PID_0Dh,13,1595998772.7094452
PID_0Dh,18,1595998773.4097972
PID_0Dh,38,1595998777.309058
PID_0Dh,42,1595998778.607798
PID_0Dh,49,1595998780.909375
PID_0Dh,54,1595998782.707777
PID_0Dh,59,1595998786.3077726
PID_0Dh,60,1595998787.00814
PID_0Dh,63,1595998789.007157
PID_0Dh,63,1595998789.408227
PID_0Dh,64,1595998790.108459
PID_0Dh,65,1595998791.7099452
PID_0Dh,65,1595998791.910481
PID_0Dh,66,1595998792.709194
PID_0Dh,66,1595998792.808059
PID_0Dh,63,1595998795.908169
PID_0Dh,63,1595998797.108129
PID_0Dh,63,1595998798.108204
PID_0Dh,63,1595998799.807745
PID_0Dh,63,1595998802.2081194
PID_0Dh,62,1595998803.10847
PID_0Dh,62,1595998803.207348
PID_0Dh,61,1595998804.2066052
PID_0Dh,61,1595998804.6080706
PID_0Dh,61,1595998805.107605
PID_0Dh,59,1595998806.60704
PID_0Dh,58,1595998807.708192
PID_0Dh,58,1595998807.8069592
PID_0Dh,58,1595998808.609133
PID_0Dh,58,1595998809.006932
PID_0Dh,57,1595998810.7066722
PID_0Dh,57,1595998812.209418
PID_0Dh,57,1595998812.508356
PID_0Dh,57,1595998813.106826
PID_0Dh,57,1595998813.508188
PID_0Dh,57,1595998813.909108
PID_0Dh,58,1595998815.1093106
PID_0Dh,58,1595998816.407677
PID_0Dh,61,1595998820.5076456
PID_0Dh,61,1595998820.908875
PID_0Dh,57,1595998823.90736
PID_0Dh,57,1595998824.2099578
PID_0Dh,56,1595998824.808277
PID_0Dh,56,1595998825.2059
PID_0Dh,54,1595998826.5079126
PID_0Dh,54,1595998827.007638
PID_0Dh,55,1595998827.306867
PID_0Dh,56,1595998831.607528
PID_0Dh,56,1595998832.008516
PID_0Dh,58,1595998835.1090732
PID_0Dh,58,1595998835.20731
PID_0Dh,56,1595998837.40715
PID_0Dh,56,1595998837.808169
PID_0Dh,56,1595998837.906964
PID_0Dh,55,1595998838.307872
PID_0Dh,55,1595998838.80761
PID_0Dh,52,1595998840.307343
PID_0Dh,50,1595998841.207648
PID_0Dh,43,1595998842.907477
PID_0Dh,39,1595998843.907012
PID_0Dh,32,1595998845.508308
PID_0Dh,1,1595998850.706461
PID_0Dh,1,1595998851.107465
PID_0Dh,0,1595998852.406181
PID_0Dh,0,1595998853.5074546
PID_0Dh,0,1595998853.6065018
PID_0Dh,0,1595998858.5083444
PID_0Dh,0,1595998860.306892
PID_0Dh,0,1595998860.4054961
PID_0Dh,9,1595998862.6082866
PID_0Dh,19,1595998864.308022
PID_0Dh,27,1595998865.708792
PID_0Dh,29,1595998866.409174
PID_0Dh,30,1595998867.007348
PID_0Dh,31,1595998867.3064716
PID_0Dh,32,1595998867.9082694
PID_0Dh,33,1595998868.007252
PID_0Dh,34,1595998868.707108
PID_0Dh,35,1595998869.108427
PID_0Dh,37,1595998869.8087194
PID_0Dh,41,1595998871.607318
PID_0Dh,43,1595998872.5078444
PID_0Dh,44,1595998873.507265
PID_0Dh,45,1595998873.8066392
PID_0Dh,45,1595998874.4083562
PID_0Dh,45,1595998875.108727
PID_0Dh,45,1595998876.3050966
PID_0Dh,47,1595998877.5088232
PID_0Dh,47,1595998877.607275
PID_0Dh,48,1595998878.8072364
PID_0Dh,49,1595998879.806926
PID_0Dh,49,1595998880.106302
PID_0Dh,48,1595998881.707092
PID_0Dh,48,1595998881.8093581
PID_0Dh,48,1595998882.006582
PID_0Dh,49,1595998883.006073
PID_0Dh,49,1595998883.107894
PID_0Dh,49,1595998883.6076102
PID_0Dh,49,1595998884.107235
PID_0Dh,49,1595998884.4067
PID_0Dh,49,1595998885.1069329
PID_0Dh,49,1595998885.909238
PID_0Dh,50,1595998888.2070868
PID_0Dh,49,1595998888.4077814
PID_0Dh,50,1595998888.907576
PID_0Dh,50,1595998889.0062509
PID_0Dh,50,1595998889.5061
PID_0Dh,50,1595998890.0053868
PID_0Dh,50,1595998890.4068198
PID_0Dh,49,1595998890.906614
PID_0Dh,48,1595998891.905987
PID_0Dh,47,1595998892.7083268
PID_0Dh,39,1595998896.308525
PID_0Dh,39,1595998896.4068859
PID_0Dh,37,1595998896.8081944
PID_0Dh,32,1595998897.807592
PID_0Dh,30,1595998898.1071749
PID_0Dh,29,1595998898.406085
PID_0Dh,20,1595998900.007191
PID_0Dh,19,1595998900.207865
PID_0Dh,18,1595998900.408422
PID_0Dh,15,1595998900.90816
PID_0Dh,6,1595998902.6079369
PID_0Dh,5,1595998902.808685
PID_0Dh,0,1595998904.406395
PID_0Dh,0,1595998906.707826
PID_0Dh,0,1595998909.505894
PID_0Dh,1,1595998910.406605
PID_0Dh,5,1595998911.807092
PID_0Dh,6,1595998912.007745
PID_0Dh,17,1595998914.10893
PID_0Dh,25,1595998915.907048
PID_0Dh,27,1595998916.3083448
PID_0Dh,31,1595998917.30777
PID_0Dh,32,1595998917.70543
PID_0Dh,39,1595998922.006115
PID_0Dh,39,1595998922.2065141
PID_0Dh,40,1595998923.8078806
PID_0Dh,41,1595998924.405906
PID_0Dh,44,1595998925.8066938
PID_0Dh,46,1595998926.707639
PID_0Dh,47,1595998927.608638
PID_0Dh,49,1595998929.2067509
PID_0Dh,51,1595998931.3072429
PID_0Dh,52,1595998932.105875
PID_0Dh,53,1595998933.105997
PID_0Dh,54,1595998933.506688
PID_0Dh,54,1595998934.3056211
PID_0Dh,54,1595998935.7062528
PID_0Dh,55,1595998936.005523
PID_0Dh,55,1595998936.5053034
PID_0Dh,54,1595998936.8078706
PID_0Dh,54,1595998937.107031
PID_0Dh,54,1595998937.406464
PID_0Dh,54,1595998937.8072698
PID_0Dh,54,1595998938.405348
PID_0Dh,55,1595998940.8054981
PID_0Dh,54,1595998944.10666
PID_0Dh,54,1595998944.205492
PID_0Dh,53,1595998945.3067696
PID_0Dh,53,1595998945.80643
PID_0Dh,53,1595998946.00717
PID_0Dh,53,1595998946.707569
PID_0Dh,54,1595998948.4071946
PID_0Dh,54,1595998948.5059981
PID_0Dh,55,1595998949.304637
PID_0Dh,55,1595998949.505645
PID_0Dh,55,1595998949.807967
PID_0Dh,56,1595998951.1063821
PID_0Dh,57,1595998951.806835
PID_0Dh,58,1595998952.208131
PID_0Dh,58,1595998952.605576
PID_0Dh,59,1595998953.20754
PID_0Dh,58,1595998954.305622
PID_0Dh,52,1595998957.307411
PID_0Dh,52,1595998957.406124
PID_0Dh,48,1595998960.706947
PID_0Dh,39,1595998965.306499
PID_0Dh,24,1595998968.206435
PID_0Dh,22,1595998968.5057864
PID_0Dh,16,1595998969.9061172
PID_0Dh,14,1595998971.708249
PID_0Dh,13,1595998972.20795
PID_0Dh,9,1595998973.207482
PID_0Dh,6,1595998973.707108
PID_0Dh,3,1595998974.50575
PID_0Dh,0,1595998976.005116
PID_0Dh,0,1595998976.6068609
PID_0Dh,0,1595998976.705584
PID_0Dh,0,1595998978.007589
PID_0Dh,0,1595998981.305045
PID_0Dh,0,1595998981.407138
PID_0Dh,0,1595998983.405914
PID_0Dh,0,1595998983.5049028
PID_0Dh,0,1595998984.5040262
PID_0Dh,1,1595998987.206806
PID_0Dh,1,1595998987.305116
PID_0Dh,4,1595998988.107899
PID_0Dh,49,1595998998.204555
PID_0Dh,53,1595999000.2068882
PID_0Dh,53,1595999000.3052142
PID_0Dh,53,1595999000.4075902
PID_0Dh,55,1595999001.406903
PID_0Dh,55,1595999002.3047152
PID_0Dh,56,1595999002.8077474
PID_0Dh,56,1595999003.807141
PID_0Dh,56,1595999004.40534
PID_0Dh,56,1595999004.905246
PID_0Dh,56,1595999005.0071402
PID_0Dh,58,1595999007.104867
PID_0Dh,59,1595999008.607351
PID_0Dh,59,1595999008.8043618
PID_0Dh,59,1595999010.303401
PID_0Dh,59,1595999010.9052649
PID_0Dh,59,1595999012.006834
PID_0Dh,60,1595999014.0057929
PID_0Dh,60,1595999014.5053694
PID_0Dh,61,1595999018.506944
PID_0Dh,61,1595999018.704053
PID_0Dh,61,1595999020.206741
PID_0Dh,61,1595999023.8069088
PID_0Dh,61,1595999024.306684
PID_0Dh,62,1595999025.0069401
PID_0Dh,62,1595999025.204032
PID_0Dh,62,1595999027.0058029
PID_0Dh,62,1595999030.303355
PID_0Dh,62,1595999030.504097
PID_0Dh,61,1595999031.605417
PID_0Dh,61,1595999031.9043698
PID_0Dh,57,1595999034.705881
PID_0Dh,55,1595999035.304291
PID_0Dh,44,1595999038.2042089
PID_0Dh,39,1595999040.005831
PID_0Dh,29,1595999044.30643
PID_0Dh,30,1595999045.2038538
PID_0Dh,39,1595999048.205703
PID_0Dh,46,1595999053.10431
PID_0Dh,49,1595999057.50367
PID_0Dh,50,1595999057.802565
PID_0Dh,50,1595999057.9049199
PID_0Dh,50,1595999058.0068989
PID_0Dh,55,1595999062.9055412
PID_0Dh,56,1595999064.204403
PID_0Dh,56,1595999064.506969
PID_0Dh,55,1595999067.906522
PID_0Dh,53,1595999069.106525
PID_0Dh,51,1595999070.806303
PID_0Dh,48,1595999071.805696
PID_0Dh,25,1595999078.0067046
PID_0Dh,0,1595999084.605044
PID_0Dh,0,1595999084.703454
PID_0Dh,0,1595999085.7032351
PID_0Dh,0,1595999086.604877
PID_0Dh,0,1595999090.704104
PID_0Dh,0,1595999091.3058789
PID_0Dh,0,1595999091.80562
PID_0Dh,0,1595999096.7043312
PID_0Dh,0,1595999096.904929
PID_0Dh,0,1595999097.404477
PID_0Dh,0,1595999097.9042392
PID_0Dh,0,1595999098.006537
PID_0Dh,0,1595999098.60463
PID_0Dh,0,1595999099.604109
PID_0Dh,0,1595999100.6036758
PID_0Dh,0,1595999101.5044901
PID_0Dh,0,1595999102.004189
PID_0Dh,0,1595999102.7045221
PID_0Dh,0,1595999103.204243
PID_0Dh,0,1595999103.306459
PID_0Dh,0,1595999104.502934
PID_0Dh,0,1595999105.5059829
PID_0Dh,0,1595999107.005109
PID_0Dh,0,1595999110.503314
PID_0Dh,0,1595999112.203424
PID_0Dh,0,1595999113.505065
PID_0Dh,0,1595999114.205504
PID_0Dh,0,1595999115.9053369
PID_0Dh,0,1595999117.503129
PID_0Dh,0,1595999117.703804
PID_0Dh,0,1595999119.4035149
PID_0Dh,0,1595999121.0046134
PID_0Dh,0,1595999121.20529
PID_0Dh,0,1595999123.4047842
PID_0Dh,0,1595999123.703865
PID_0Dh,0,1595999125.104429
PID_0Dh,0,1595999128.504077
PID_0Dh,0,1595999128.704716
PID_0Dh,0,1595999130.003668
PID_0Dh,0,1595999131.7033641
PID_0Dh,0,1595999131.805266
PID_0Dh,0,1595999133.304356
PID_0Dh,0,1595999133.505043
PID_0Dh,0,1595999133.603689
PID_0Dh,0,1595999133.90266
PID_0Dh,0,1595999135.303653
PID_0Dh,0,1595999135.4053912
PID_0Dh,0,1595999137.3057866
PID_0Dh,5,1595999141.0044136
PID_0Dh,15,1595999141.905451
PID_0Dh,19,1595999142.4052072
PID_0Dh,20,1595999142.5034401
PID_0Dh,38,1595999145.2026381
PID_0Dh,43,1595999147.8035688
PID_0Dh,42,1595999149.102166
PID_0Dh,41,1595999149.4049358
PID_0Dh,25,1595999152.4034274
PID_0Dh,23,1595999152.702393
PID_0Dh,15,1595999153.9027114
PID_0Dh,14,1595999154.0044231
PID_0Dh,8,1595999155.102561
PID_0Dh,4,1595999156.302619
PID_0Dh,0,1595999158.403418
PID_0Dh,9,1595999162.605564
PID_0Dh,17,1595999163.703418
PID_0Dh,23,1595999165.3048189
PID_0Dh,42,1595999169.0033429
PID_0Dh,45,1595999169.7037349
PID_0Dh,48,1595999170.20341
PID_0Dh,51,1595999170.80177
PID_0Dh,59,1595999172.6035352
PID_0Dh,59,1595999172.7023141
PID_0Dh,62,1595999173.603502
PID_0Dh,65,1595999174.6026828
PID_0Dh,65,1595999174.8033018
PID_0Dh,67,1595999175.602319
PID_0Dh,69,1595999176.003125
PID_0Dh,75,1595999178.203201
PID_0Dh,76,1595999179.103603
PID_0Dh,77,1595999179.3043141
PID_0Dh,77,1595999179.902644
PID_0Dh,78,1595999180.9021251
PID_0Dh,78,1595999181.102838
PID_0Dh,78,1595999181.5037448
PID_0Dh,79,1595999182.7038321
PID_0Dh,79,1595999183.703263
PID_0Dh,80,1595999183.903853
PID_0Dh,80,1595999184.10453
PID_0Dh,79,1595999184.3051894
PID_0Dh,79,1595999184.903366
PID_0Dh,79,1595999185.804401
PID_0Dh,78,1595999186.3040369
PID_0Dh,78,1595999188.003844
PID_0Dh,78,1595999188.102592
PID_0Dh,78,1595999188.9048698
PID_0Dh,78,1595999189.003221
PID_0Dh,79,1595999189.3025012
PID_0Dh,78,1595999189.904253
PID_0Dh,77,1595999190.801769
PID_0Dh,77,1595999191.403316
PID_0Dh,78,1595999192.8040679
PID_0Dh,78,1595999194.004147
PID_0Dh,79,1595999194.102858
PID_0Dh,80,1595999195.003624
PID_0Dh,79,1595999195.3025851
PID_0Dh,79,1595999195.503196
PID_0Dh,80,1595999195.703925
PID_0Dh,78,1595999198.0020714
PID_0Dh,78,1595999199.3041446
PID_0Dh,77,1595999203.203374
PID_0Dh,76,1595999204.403392
PID_0Dh,76,1595999205.5051332
PID_0Dh,76,1595999206.7015321
PID_0Dh,75,1595999208.0036614
PID_0Dh,76,1595999209.605027
PID_0Dh,76,1595999210.4037774
PID_0Dh,76,1595999210.5025651
PID_0Dh,77,1595999210.903457
PID_0Dh,78,1595999211.902889
PID_0Dh,79,1595999212.402932
PID_0Dh,82,1595999214.2010279
PID_0Dh,82,1595999214.503623
PID_0Dh,83,1595999215.404703
PID_0Dh,83,1595999216.2034302
PID_0Dh,83,1595999216.3023329
PID_0Dh,80,1595999218.202591
PID_0Dh,78,1595999219.7015991
PID_0Dh,77,1595999220.80305
PID_0Dh,81,1595999223.600831
PID_0Dh,82,1595999224.501882
PID_0Dh,82,1595999225.001888
PID_0Dh,81,1595999226.701389
PID_0Dh,81,1595999227.401748
PID_0Dh,80,1595999228.2041
PID_0Dh,80,1595999229.1015294
PID_0Dh,79,1595999230.801244
PID_0Dh,81,1595999231.8042922
PID_0Dh,82,1595999232.5045938
PID_0Dh,82,1595999232.602995
PID_0Dh,83,1595999233.402116
PID_0Dh,83,1595999233.704742
PID_0Dh,85,1595999234.602164
PID_0Dh,85,1595999234.9011278
PID_0Dh,86,1595999236.1012216
PID_0Dh,87,1595999236.8015769
PID_0Dh,87,1595999236.9036438
PID_0Dh,87,1595999237.50213
PID_0Dh,87,1595999237.702316
PID_0Dh,87,1595999240.1024716
PID_0Dh,87,1595999241.204163
PID_0Dh,87,1595999241.3025842
PID_0Dh,88,1595999241.60201
PID_0Dh,88,1595999243.0023289
PID_0Dh,88,1595999243.80161
PID_0Dh,88,1595999243.9032972
PID_0Dh,88,1595999244.100194
PID_0Dh,88,1595999244.8043962
PID_0Dh,88,1595999245.402442
PID_0Dh,88,1595999246.102943
PID_0Dh,89,1595999249.0026
PID_0Dh,90,1595999249.703218
PID_0Dh,90,1595999249.9036546
PID_0Dh,90,1595999251.202157
PID_0Dh,90,1595999251.4027689
PID_0Dh,90,1595999254.2042592
PID_0Dh,89,1595999255.0029922
PID_0Dh,89,1595999256.203076
PID_0Dh,90,1595999257.8008811
PID_0Dh,90,1595999258.501154
PID_0Dh,90,1595999258.603172
PID_0Dh,90,1595999259.701212
PID_0Dh,89,1595999260.3029869
PID_0Dh,89,1595999261.102005
PID_0Dh,89,1595999261.4010072
PID_0Dh,88,1595999263.403528
PID_0Dh,89,1595999264.002187
PID_0Dh,88,1595999264.2021902
PID_0Dh,88,1595999266.102667
PID_0Dh,87,1595999267.5034082
PID_0Dh,87,1595999269.3019118
PID_0Dh,87,1595999269.702904
PID_0Dh,87,1595999271.1035779
PID_0Dh,88,1595999272.001238
PID_0Dh,88,1595999272.402027
PID_0Dh,89,1595999274.20411
PID_0Dh,89,1595999275.002826
PID_0Dh,91,1595999276.4036126
PID_0Dh,91,1595999277.202324
PID_0Dh,91,1595999279.201189
PID_0Dh,91,1595999279.401759
PID_0Dh,91,1595999279.701172
PID_0Dh,91,1595999282.502358
PID_0Dh,92,1595999284.902503
PID_0Dh,93,1595999288.0029492
PID_0Dh,94,1595999288.6014886
PID_0Dh,94,1595999288.801589
PID_0Dh,93,1595999289.002344
PID_0Dh,93,1595999290.501743
PID_0Dh,93,1595999291.0015204
PID_0Dh,93,1595999292.500434
PID_0Dh,92,1595999293.4012241
PID_0Dh,93,1595999294.101655
PID_0Dh,93,1595999294.3023412
PID_0Dh,93,1595999294.5030642
PID_0Dh,93,1595999294.802079
PID_0Dh,93,1595999295.5024161
PID_0Dh,94,1595999296.501752
PID_0Dh,94,1595999297.6034071
PID_0Dh,95,1595999297.701819
PID_0Dh,95,1595999298.6028779
PID_0Dh,94,1595999303.301121
PID_0Dh,94,1595999303.600173
PID_0Dh,94,1595999304.103497
PID_0Dh,94,1595999305.6026206
PID_0Dh,94,1595999305.8032231
PID_0Dh,94,1595999306.8027134
PID_0Dh,94,1595999311.701338
PID_0Dh,94,1595999312.401657
PID_0Dh,93,1595999312.9999502
PID_0Dh,93,1595999315.0024981
PID_0Dh,94,1595999315.4002838
PID_0Dh,95,1595999319.102454
PID_0Dh,95,1595999322.301273
PID_0Dh,96,1595999322.4000251
PID_0Dh,96,1595999323.100513
PID_0Dh,95,1595999323.3009448
PID_0Dh,96,1595999323.5999832
PID_0Dh,96,1595999324.300441
PID_0Dh,96,1595999326.1021562
PID_0Dh,96,1595999326.4012759
PID_0Dh,96,1595999327.3021939
PID_0Dh,95,1595999331.0012321
PID_0Dh,95,1595999332.00081
PID_0Dh,94,1595999332.700793
PID_0Dh,93,1595999335.6007562
PID_0Dh,93,1595999336.501494
PID_0Dh,94,1595999337.402452
PID_0Dh,94,1595999338.803206
PID_0Dh,94,1595999339.7006679
PID_0Dh,95,1595999342.100831
PID_0Dh,96,1595999345.802943
PID_0Dh,95,1595999347.8018172
PID_0Dh,94,1595999349.403182
PID_0Dh,93,1595999350.0012536
PID_0Dh,94,1595999350.0999231
PID_0Dh,92,1595999354.19996
PID_0Dh,92,1595999354.502466
PID_0Dh,92,1595999357.3002582
PID_0Dh,92,1595999358.299862
PID_0Dh,92,1595999358.6023731
PID_0Dh,92,1595999358.7993972
PID_0Dh,92,1595999359.802405
PID_0Dh,92,1595999360.302099
PID_0Dh,93,1595999361.100825
PID_0Dh,93,1595999362.800587
PID_0Dh,94,1595999363.599872
PID_0Dh,95,1595999364.0008311
PID_0Dh,95,1595999364.300179
PID_0Dh,96,1595999368.202841
PID_0Dh,96,1595999368.5019538
PID_0Dh,96,1595999368.6005561
PID_0Dh,96,1595999369.3006802
PID_0Dh,96,1595999370.201704
PID_0Dh,95,1595999370.300493
PID_0Dh,95,1595999371.0005894
PID_0Dh,94,1595999371.5003
PID_0Dh,93,1595999373.200337
PID_0Dh,93,1595999373.700074
PID_0Dh,90,1595999378.102514
PID_0Dh,90,1595999378.401495
PID_0Dh,90,1595999378.500266
PID_0Dh,90,1595999378.700583
PID_0Dh,90,1595999378.799258
PID_0Dh,90,1595999380.4003198
PID_0Dh,89,1595999381.801091
PID_0Dh,89,1595999382.198816
PID_0Dh,89,1595999383.4025779
PID_0Dh,89,1595999385.499924
PID_0Dh,89,1595999386.6013849
PID_0Dh,89,1595999387.502298
PID_0Dh,91,1595999390.000868
PID_0Dh,91,1595999390.0996082
PID_0Dh,91,1595999390.300127
PID_0Dh,93,1595999395.0018704
PID_0Dh,93,1595999395.202441
PID_0Dh,93,1595999395.501523
PID_0Dh,93,1595999396.201889
PID_0Dh,93,1595999398.901024
PID_0Dh,93,1595999399.9991071
PID_0Dh,92,1595999401.399853
PID_0Dh,93,1595999402.3993099
PID_0Dh,92,1595999405.098407
PID_0Dh,92,1595999405.4011269
PID_0Dh,93,1595999408.3994722
PID_0Dh,93,1595999409.800044
PID_0Dh,93,1595999410.701016
PID_0Dh,93,1595999410.799645
PID_0Dh,93,1595999411.299498
PID_0Dh,93,1595999411.4998348
PID_0Dh,93,1595999411.90105
PID_0Dh,93,1595999412.1017852
PID_0Dh,93,1595999413.600914
PID_0Dh,94,1595999418.601807
PID_0Dh,95,1595999419.101553
PID_0Dh,95,1595999421.100331
PID_0Dh,95,1595999421.199158
PID_0Dh,95,1595999421.698857
PID_0Dh,95,1595999421.899363
PID_0Dh,95,1595999422.0997071
PID_0Dh,95,1595999422.398997
PID_0Dh,95,1595999422.800119
PID_0Dh,94,1595999426.60097
PID_0Dh,94,1595999426.900008
PID_0Dh,94,1595999427.3997
PID_0Dh,92,1595999429.701431
PID_0Dh,91,1595999431.900935
PID_0Dh,92,1595999431.999705
PID_0Dh,91,1595999434.600106
PID_0Dh,92,1595999435.599454
PID_0Dh,92,1595999437.098634
PID_0Dh,92,1595999437.700588
PID_0Dh,91,1595999438.0983741
PID_0Dh,93,1595999440.998242
PID_0Dh,93,1595999441.39973
PID_0Dh,93,1595999442.3991098
PID_0Dh,93,1595999442.69788
PID_0Dh,92,1595999444.0989132
PID_0Dh,92,1595999444.4013221
PID_0Dh,92,1595999444.700377
PID_0Dh,92,1595999444.900935
PID_0Dh,92,1595999444.9994528
PID_0Dh,92,1595999445.601413
PID_0Dh,92,1595999446.8015392
PID_0Dh,92,1595999449.701422
PID_0Dh,93,1595999453.498559
PID_0Dh,93,1595999455.3003578
PID_0Dh,92,1595999457.9011672
PID_0Dh,92,1595999460.1005461
PID_0Dh,92,1595999460.6985981
PID_0Dh,92,1595999461.1984189
PID_0Dh,91,1595999462.500736
PID_0Dh,91,1595999462.79975
PID_0Dh,90,1595999463.2011
PID_0Dh,90,1595999463.5987391
PID_0Dh,90,1595999465.400558
PID_0Dh,91,1595999465.499042
PID_0Dh,91,1595999466.199327
PID_0Dh,90,1595999467.1003578
PID_0Dh,91,1595999470.200795
PID_0Dh,91,1595999471.6999369
PID_0Dh,91,1595999471.798601
PID_0Dh,91,1595999472.1996648
PID_0Dh,91,1595999473.399767
PID_0Dh,91,1595999473.600395
PID_0Dh,92,1595999473.899401
PID_0Dh,92,1595999474.100084
PID_0Dh,92,1595999474.8004534
PID_0Dh,92,1595999475.0010931
PID_0Dh,93,1595999475.8986
PID_0Dh,92,1595999478.5977442
PID_0Dh,92,1595999478.998667
PID_0Dh,92,1595999479.1009786
PID_0Dh,92,1595999479.199351
PID_0Dh,92,1595999479.699101
PID_0Dh,92,1595999480.6985366
PID_0Dh,92,1595999482.0008278
PID_0Dh,92,1595999482.299932
PID_0Dh,93,1595999482.598995
PID_0Dh,95,1595999484.798722
PID_0Dh,95,1595999486.1007519
PID_0Dh,95,1595999486.600523
PID_0Dh,94,1595999487.8988528
PID_0Dh,93,1595999489.5986972
PID_0Dh,92,1595999491.5980852
PID_0Dh,92,1595999491.6997726
PID_0Dh,90,1595999492.899803
PID_0Dh,90,1595999493.198879
PID_0Dh,89,1595999493.698578
PID_0Dh,87,1595999495.3990898
PID_0Dh,86,1595999495.8982859
PID_0Dh,84,1595999497.4993849
PID_0Dh,80,1595999501.398707
PID_0Dh,78,1595999503.000121
PID_0Dh,78,1595999503.0984411
PID_0Dh,76,1595999506.9976199
PID_0Dh,75,1595999507.800399
PID_0Dh,75,1595999508.599138
PID_0Dh,74,1595999510.098527
PID_0Dh,74,1595999510.499509
PID_0Dh,76,1595999511.798302
PID_0Dh,76,1595999512.6006012
PID_0Dh,76,1595999514.497507
PID_0Dh,76,1595999517.200207
PID_0Dh,76,1595999517.7983446
PID_0Dh,77,1595999520.100022
PID_0Dh,77,1595999521.497121
PID_0Dh,79,1595999524.200002
PID_0Dh,79,1595999524.396925
PID_0Dh,79,1595999525.998118
PID_0Dh,77,1595999527.8985882
PID_0Dh,77,1595999528.398196
PID_0Dh,77,1595999528.996813
PID_0Dh,77,1595999529.499957
PID_0Dh,77,1595999530.999088
PID_0Dh,77,1595999531.998435
PID_0Dh,78,1595999533.198569
PID_0Dh,79,1595999538.498461
PID_0Dh,78,1595999538.699182
PID_0Dh,76,1595999542.196988
PID_0Dh,76,1595999542.598399
PID_0Dh,76,1595999542.799006
PID_0Dh,76,1595999543.499379
PID_0Dh,76,1595999543.69649
PID_0Dh,76,1595999544.396847
PID_0Dh,75,1595999547.599329
PID_0Dh,75,1595999548.299648
PID_0Dh,75,1595999548.5003562
PID_0Dh,75,1595999548.697349
PID_0Dh,75,1595999549.897658
PID_0Dh,74,1595999550.499146
PID_0Dh,74,1595999550.6962402
PID_0Dh,75,1595999551.896699
PID_0Dh,75,1595999552.0969868
PID_0Dh,75,1595999552.3959439
PID_0Dh,74,1595999553.296989
PID_0Dh,74,1595999553.497306
PID_0Dh,74,1595999553.697988
PID_0Dh,74,1595999555.0987618
PID_0Dh,74,1595999555.299377
PID_0Dh,74,1595999556.298955
PID_0Dh,74,1595999556.8972821
PID_0Dh,74,1595999558.297641
PID_0Dh,74,1595999558.8961
PID_0Dh,74,1595999559.7967188
PID_0Dh,75,1595999562.598187
PID_0Dh,76,1595999564.298029
PID_0Dh,76,1595999564.896505
PID_0Dh,77,1595999565.899341
PID_0Dh,77,1595999566.997489
PID_0Dh,76,1595999567.697591
PID_0Dh,76,1595999568.897579
PID_0Dh,73,1595999571.4984481
PID_0Dh,73,1595999571.8961248
PID_0Dh,73,1595999572.198865
PID_0Dh,72,1595999572.596431
PID_0Dh,72,1595999575.8974109
PID_0Dh,71,1595999577.298079
PID_0Dh,71,1595999578.199084
PID_0Dh,70,1595999578.7972288
PID_0Dh,70,1595999579.39913
PID_0Dh,70,1595999579.7967956
PID_0Dh,69,1595999580.898282
PID_0Dh,69,1595999580.9969661
PID_0Dh,68,1595999581.098898
PID_0Dh,68,1595999582.0983539
PID_0Dh,68,1595999582.2990382
PID_0Dh,69,1595999583.896492
PID_0Dh,69,1595999584.596937
PID_0Dh,70,1595999585.096916
PID_0Dh,72,1595999587.7961721
PID_0Dh,72,1595999588.197078
PID_0Dh,72,1595999589.4958858
PID_0Dh,72,1595999589.696553
PID_0Dh,72,1595999591.498191
PID_0Dh,73,1595999592.497643
PID_0Dh,73,1595999595.196704
PID_0Dh,73,1595999595.496165
PID_0Dh,75,1595999598.0967
PID_0Dh,76,1595999599.698078
PID_0Dh,78,1595999601.197185
PID_0Dh,78,1595999602.597889
PID_0Dh,78,1595999603.0975769
PID_0Dh,78,1595999603.397105
PID_0Dh,78,1595999603.8967216
PID_0Dh,77,1595999604.3962462
PID_0Dh,78,1595999604.597116
PID_0Dh,77,1595999604.7973971
PID_0Dh,77,1595999604.9979992
PID_0Dh,77,1595999606.595816
PID_0Dh,77,1595999607.095405
PID_0Dh,76,1595999607.697178
PID_0Dh,76,1595999608.196851
PID_0Dh,76,1595999608.795317
PID_0Dh,76,1595999609.2947788
PID_0Dh,77,1595999611.195425
PID_0Dh,77,1595999611.2973702
PID_0Dh,76,1595999611.895766
PID_0Dh,76,1595999612.497489
PID_0Dh,76,1595999612.796575
PID_0Dh,73,1595999616.298317
PID_0Dh,73,1595999616.495414
PID_0Dh,73,1595999617.998061
PID_0Dh,72,1595999619.9969802
PID_0Dh,72,1595999620.6971939
PID_0Dh,70,1595999622.798357
PID_0Dh,70,1595999623.298095
PID_0Dh,70,1595999623.4950962
PID_0Dh,66,1595999625.89534
PID_0Dh,63,1595999627.3979409
PID_0Dh,62,1595999627.996021
PID_0Dh,61,1595999628.196609
PID_0Dh,60,1595999628.7952142
PID_0Dh,60,1595999628.8970401
PID_0Dh,59,1595999629.39676
PID_0Dh,59,1595999629.798156
PID_0Dh,57,1595999630.797568
PID_0Dh,55,1595999632.1981704
PID_0Dh,54,1595999633.6973221
PID_0Dh,52,1595999634.795528
PID_0Dh,53,1595999638.296948
PID_0Dh,52,1595999638.497611
PID_0Dh,52,1595999639.1979618
PID_0Dh,52,1595999641.0984972
PID_0Dh,52,1595999641.8971012
PID_0Dh,53,1595999643.596927
PID_0Dh,53,1595999644.59634
PID_0Dh,54,1595999646.8980699
PID_0Dh,54,1595999647.3977642
PID_0Dh,55,1595999647.59844
PID_0Dh,57,1595999650.297584
PID_0Dh,58,1595999650.3959599
PID_0Dh,58,1595999651.895472
PID_0Dh,57,1595999653.595294
PID_0Dh,55,1595999654.897186
PID_0Dh,52,1595999656.396354
PID_0Dh,48,1595999657.3957891
PID_0Dh,46,1595999657.9977741
PID_0Dh,37,1595999661.295302
PID_0Dh,37,1595999663.1954288
PID_0Dh,38,1595999663.396082
PID_0Dh,43,1595999664.694977
PID_0Dh,50,1595999666.296008
PID_0Dh,51,1595999666.496641
PID_0Dh,53,1595999667.095083
PID_0Dh,55,1595999668.696086
PID_0Dh,55,1595999669.097433
PID_0Dh,55,1595999669.695543
PID_0Dh,56,1595999670.297473
PID_0Dh,56,1595999671.3955722
PID_0Dh,56,1595999671.4974961
PID_0Dh,56,1595999673.595092
PID_0Dh,57,1595999676.19573
PID_0Dh,54,1595999680.9957669
PID_0Dh,54,1595999681.4954991
PID_0Dh,53,1595999681.5978072
PID_0Dh,53,1595999682.294435
PID_0Dh,53,1595999683.7972698
PID_0Dh,52,1595999684.096301
PID_0Dh,52,1595999685.296365
PID_0Dh,52,1595999685.4970088
PID_0Dh,52,1595999686.0950642
PID_0Dh,52,1595999686.594753
PID_0Dh,52,1595999691.5957592
PID_0Dh,53,1595999692.5955641
PID_0Dh,53,1595999692.6937866
PID_0Dh,54,1595999693.6967618
PID_0Dh,57,1595999697.694783
PID_0Dh,56,1595999699.394558
PID_0Dh,56,1595999700.397511
PID_0Dh,57,1595999701.896624
PID_0Dh,57,1595999704.194849
PID_0Dh,57,1595999705.296234
PID_0Dh,58,1595999707.2949429
PID_0Dh,58,1595999708.5973408
PID_0Dh,59,1595999708.995208
PID_0Dh,59,1595999709.1953142
PID_0Dh,54,1595999713.995713
PID_0Dh,53,1595999715.2942839
PID_0Dh,52,1595999715.7940962
PID_0Dh,51,1595999716.596427
PID_0Dh,51,1595999716.994165
PID_0Dh,51,1595999717.296832
PID_0Dh,50,1595999717.894988
PID_0Dh,50,1595999718.394573
PID_0Dh,51,1595999720.99543
PID_0Dh,52,1595999723.4942954
PID_0Dh,41,1595999730.096319
PID_0Dh,30,1595999731.6939929
PID_0Dh,29,1595999731.894681
PID_0Dh,21,1595999733.3938034
PID_0Dh,21,1595999733.495876
PID_0Dh,19,1595999733.995508
PID_0Dh,16,1595999734.495226
PID_0Dh,4,1595999736.7969546
PID_0Dh,0,1595999738.194193
PID_0Dh,0,1595999741.695589
PID_0Dh,0,1595999741.896236
PID_0Dh,0,1595999744.394784
PID_0Dh,0,1595999744.8944044
PID_0Dh,0,1595999745.8937972
PID_0Dh,0,1595999746.2010038
PID_0Dh,0,1595999748.4946759
PID_0Dh,0,1595999748.994425
PID_0Dh,0,1595999749.39572
PID_0Dh,0,1595999754.294334
PID_0Dh,0,1595999755.1953962
PID_0Dh,0,1595999755.494453
PID_0Dh,0,1595999756.895144
PID_0Dh,0,1595999757.2927868
PID_0Dh,0,1595999757.595479
PID_0Dh,0,1595999758.5948534
PID_0Dh,0,1595999758.693315
PID_0Dh,0,1595999759.495977
PID_0Dh,0,1595999759.893672
PID_0Dh,0,1595999760.8930259
PID_0Dh,0,1595999763.194561
PID_0Dh,0,1595999764.595222
PID_0Dh,0,1595999765.1937964
PID_0Dh,0,1595999766.09442
PID_0Dh,0,1595999766.594027
PID_0Dh,0,1595999766.794761
PID_0Dh,0,1595999767.196061
PID_0Dh,9,1595999769.09294
PID_0Dh,16,1595999770.095957
PID_0Dh,23,1595999771.594944
PID_0Dh,24,1595999771.8940868
PID_0Dh,27,1595999772.39372
PID_0Dh,31,1595999773.196388
PID_0Dh,42,1595999775.694981
PID_0Dh,42,1595999775.793246
PID_0Dh,45,1595999776.7930722
PID_0Dh,51,1595999780.1961555
PID_0Dh,52,1595999780.495193
PID_0Dh,52,1595999780.794219
PID_0Dh,53,1595999781.6952682
PID_0Dh,54,1595999782.395608
PID_0Dh,55,1595999783.0959628
PID_0Dh,55,1595999783.6941118
PID_0Dh,55,1595999783.9933188
PID_0Dh,56,1595999786.1929126
PID_0Dh,56,1595999788.494358
PID_0Dh,55,1595999790.194031
PID_0Dh,54,1595999792.7949312
PID_0Dh,54,1595999792.99198
PID_0Dh,54,1595999793.2945752
PID_0Dh,52,1595999796.59216
PID_0Dh,53,1595999798.2955868
PID_0Dh,53,1595999798.893628
PID_0Dh,53,1595999800.5932689
PID_0Dh,53,1595999800.695624
PID_0Dh,54,1595999801.895823
PID_0Dh,57,1595999806.294594
PID_0Dh,57,1595999806.393347
PID_0Dh,58,1595999809.0926874
PID_0Dh,57,1595999809.292934
PID_0Dh,58,1595999811.094904
PID_0Dh,58,1595999812.294934
PID_0Dh,60,1595999813.393007
PID_0Dh,60,1595999815.391858
PID_0Dh,60,1595999815.592494
PID_0Dh,59,1595999816.2929769
PID_0Dh,59,1595999816.592033
PID_0Dh,58,1595999818.393725
PID_0Dh,57,1595999819.0941498
PID_0Dh,52,1595999820.294156
PID_0Dh,46,1595999821.293538
PID_0Dh,42,1595999821.891953
PID_0Dh,34,1595999823.394681
PID_0Dh,31,1595999823.894465
PID_0Dh,29,1595999824.095014
PID_0Dh,28,1595999824.2921472
PID_0Dh,8,1595999827.695204
PID_0Dh,4,1595999828.690838
PID_0Dh,0,1595999832.291199
PID_0Dh,0,1595999835.592434
PID_0Dh,0,1595999836.2927842
PID_0Dh,0,1595999838.29165
PID_0Dh,0,1595999839.691874
PID_0Dh,0,1595999842.493464
PID_0Dh,0,1595999843.492883
PID_0Dh,0,1595999843.8941169
PID_0Dh,0,1595999847.191776
PID_0Dh,0,1595999847.9941616
PID_0Dh,0,1595999849.292599
PID_0Dh,0,1595999849.792531
PID_0Dh,0,1595999850.791563
PID_0Dh,0,1595999851.5942118
PID_0Dh,0,1595999853.392666
PID_0Dh,0,1595999853.793761
PID_0Dh,3,1595999854.191603
PID_0Dh,12,1595999855.993247
PID_0Dh,14,1595999856.4929562
PID_0Dh,18,1595999857.594618
PID_0Dh,19,1595999857.791748
PID_0Dh,25,1595999859.093781
PID_0Dh,26,1595999859.29435
PID_0Dh,29,1595999859.994734
PID_0Dh,30,1595999860.191831
PID_0Dh,37,1595999861.694517
PID_0Dh,52,1595999868.2929778
PID_0Dh,52,1595999869.2923448
PID_0Dh,53,1595999871.590681
PID_0Dh,54,1595999872.7941651
PID_0Dh,54,1595999872.991186
PID_0Dh,54,1595999873.191932
PID_0Dh,56,1595999875.5919962
PID_0Dh,57,1595999880.092918
PID_0Dh,58,1595999883.591058
PID_0Dh,58,1595999884.291455
PID_0Dh,57,1595999888.091989
PID_0Dh,57,1595999890.193244
PID_0Dh,56,1595999892.691638
PID_0Dh,56,1595999892.892288
PID_0Dh,56,1595999893.093009
PID_0Dh,56,1595999893.191753
PID_0Dh,56,1595999893.5926929
PID_0Dh,55,1595999893.793466
PID_0Dh,55,1595999895.091757
PID_0Dh,55,1595999895.2924461
PID_0Dh,56,1595999898.3929698
PID_0Dh,55,1595999903.991955
PID_0Dh,55,1595999904.19258
PID_0Dh,55,1595999905.0936348
PID_0Dh,55,1595999905.491454
PID_0Dh,55,1595999906.0930474
PID_0Dh,55,1595999906.793524
PID_0Dh,53,1595999908.2925699
PID_0Dh,53,1595999908.5916052
PID_0Dh,53,1595999909.1935608
PID_0Dh,52,1595999909.992307
PID_0Dh,52,1595999910.291658
PID_0Dh,52,1595999911.4917572
PID_0Dh,51,1595999911.991564
PID_0Dh,51,1595999913.5925329
PID_0Dh,51,1595999914.292894
PID_0Dh,51,1595999914.792585
PID_0Dh,51,1595999915.3910599
PID_0Dh,51,1595999916.59096
PID_0Dh,52,1595999919.2901351
PID_0Dh,52,1595999919.592909
PID_0Dh,53,1595999921.989173
PID_0Dh,52,1595999922.9923642
PID_0Dh,52,1595999923.4920142
PID_0Dh,52,1595999923.99185
PID_0Dh,52,1595999924.192471
PID_0Dh,52,1595999925.593214
PID_0Dh,52,1595999928.5913382
PID_0Dh,46,1595999930.192888
PID_0Dh,23,1595999933.990263
PID_0Dh,22,1595999934.0920382
PID_0Dh,18,1595999934.690361
PID_0Dh,15,1595999935.091425
PID_0Dh,13,1595999935.291992
PID_0Dh,7,1595999936.090844
PID_0Dh,4,1595999936.590807
PID_0Dh,0,1595999938.991151
PID_0Dh,0,1595999939.592702
PID_0Dh,0,1595999940.293041
PID_0Dh,0,1595999941.493094
PID_0Dh,0,1595999941.5914931
PID_0Dh,0,1595999942.890098
PID_0Dh,0,1595999943.492002
PID_0Dh,0,1595999944.192281
PID_0Dh,0,1595999944.790667
PID_0Dh,0,1595999944.9909868
PID_0Dh,0,1595999945.290425
PID_0Dh,0,1595999947.292856
PID_0Dh,0,1595999948.0915089
PID_0Dh,0,1595999948.7919204
PID_0Dh,0,1595999950.89296
PID_0Dh,16,1595999954.792272
PID_0Dh,19,1595999955.4925652
PID_0Dh,32,1595999957.7909038
PID_0Dh,33,1595999958.089849
PID_0Dh,34,1595999958.290682
PID_0Dh,35,1595999958.5896802
PID_0Dh,56,1595999965.7898679
PID_0Dh,58,1595999967.489583
PID_0Dh,58,1595999967.6903179
PID_0Dh,58,1595999968.9923859
PID_0Dh,59,1595999970.692103
PID_0Dh,58,1595999970.889236
PID_0Dh,58,1595999973.690279
PID_0Dh,58,1595999973.7889311
PID_0Dh,58,1595999974.591315
PID_0Dh,58,1595999974.7921422
PID_0Dh,58,1595999977.2905982
PID_0Dh,58,1595999977.392819
PID_0Dh,58,1595999978.789958
PID_0Dh,59,1595999981.890155
PID_0Dh,60,1595999982.7911732
PID_0Dh,60,1595999985.789767
PID_0Dh,60,1595999986.891178
PID_0Dh,60,1595999988.0910661
PID_0Dh,60,1595999989.090543
PID_0Dh,58,1595999991.0897136
PID_0Dh,58,1595999991.691351
PID_0Dh,58,1595999992.1910222
PID_0Dh,58,1595999992.7894619
PID_0Dh,57,1595999993.690194
PID_0Dh,57,1595999995.3901398
PID_0Dh,57,1595999996.590399
PID_0Dh,57,1595999997.290271
PID_0Dh,57,1595999997.888832
PID_0Dh,57,1595999998.191352
PID_0Dh,56,1595999999.190816
PID_0Dh,56,1595999999.289515
PID_0Dh,56,1596000002.0905519
PID_0Dh,55,1596000003.6920002
PID_0Dh,55,1596000003.79043
PID_0Dh,55,1596000006.8908858
PID_0Dh,55,1596000007.292232
PID_0Dh,56,1596000008.1896598
PID_0Dh,56,1596000009.1890671
PID_0Dh,55,1596000009.991481
PID_0Dh,55,1596000010.3890162
PID_0Dh,55,1596000010.6916802
PID_0Dh,55,1596000011.6912231
PID_0Dh,56,1596000012.891297
PID_0Dh,56,1596000013.6900194
PID_0Dh,57,1596000014.7916338
PID_0Dh,59,1596000016.692076
PID_0Dh,59,1596000017.089474
PID_0Dh,60,1596000018.690942
PID_0Dh,63,1596000021.590709
PID_0Dh,63,1596000021.889787
PID_0Dh,63,1596000022.090455
PID_0Dh,57,1596000027.6893241
PID_0Dh,57,1596000028.0908089
PID_0Dh,57,1596000028.291415
PID_0Dh,56,1596000030.0895202
PID_0Dh,56,1596000031.388195
PID_0Dh,56,1596000033.7885802
PID_0Dh,56,1596000033.89043
PID_0Dh,55,1596000034.6895099
PID_0Dh,55,1596000034.8898208
PID_0Dh,55,1596000035.389525
PID_0Dh,58,1596000040.5910869
PID_0Dh,57,1596000041.590482
PID_0Dh,56,1596000042.290849
PID_0Dh,56,1596000042.5898821
PID_0Dh,56,1596000042.8889222
PID_0Dh,58,1596000045.989442
PID_0Dh,58,1596000046.19006
PID_0Dh,58,1596000048.5902114
PID_0Dh,58,1596000048.8892102
PID_0Dh,58,1596000049.18863
PID_0Dh,58,1596000049.589638
PID_0Dh,57,1596000050.4907124
PID_0Dh,57,1596000050.589514
PID_0Dh,56,1596000052.489501
PID_0Dh,56,1596000054.287952
PID_0Dh,56,1596000056.790064
PID_0Dh,56,1596000059.088207
PID_0Dh,56,1596000059.2886848
PID_0Dh,57,1596000059.689951
PID_0Dh,57,1596000060.189628
PID_0Dh,57,1596000060.390232
PID_0Dh,56,1596000061.389708
PID_0Dh,56,1596000061.68874
PID_0Dh,54,1596000063.789801
PID_0Dh,52,1596000064.9899032
PID_0Dh,47,1596000067.3900876
PID_0Dh,44,1596000068.2875109
PID_0Dh,43,1596000068.389343
PID_0Dh,40,1596000069.1884859
PID_0Dh,35,1596000070.289818
PID_0Dh,27,1596000071.788916
PID_0Dh,10,1596000074.688797
PID_0Dh,2,1596000076.389081
PID_0Dh,0,1596000077.98998
PID_0Dh,0,1596000079.190054
PID_0Dh,0,1596000081.8891811
PID_0Dh,0,1596000081.987844
PID_0Dh,0,1596000083.3886461
PID_0Dh,0,1596000084.2893288
PID_0Dh,0,1596000084.5882828
PID_0Dh,0,1596000085.088788
PID_0Dh,0,1596000085.7884948
PID_0Dh,0,1596000085.989151
PID_0Dh,0,1596000087.1891148
PID_0Dh,1,1596000087.988231
PID_0Dh,10,1596000090.187747
PID_0Dh,15,1596000091.6903212
PID_0Dh,19,1596000093.189437
PID_0Dh,20,1596000093.59076
PID_0Dh,20,1596000093.988173
PID_0Dh,20,1596000094.3895402
PID_0Dh,21,1596000095.388952
PID_0Dh,21,1596000095.688339
PID_0Dh,22,1596000095.790299
PID_0Dh,22,1596000096.3883786
PID_0Dh,25,1596000097.2893386
PID_0Dh,27,1596000098.8872519
PID_0Dh,22,1596000101.487836
PID_0Dh,22,1596000101.786957
PID_0Dh,21,1596000102.188291
PID_0Dh,21,1596000102.3885849
PID_0Dh,27,1596000104.788807
PID_0Dh,29,1596000105.2886019
PID_0Dh,30,1596000107.389608
PID_0Dh,28,1596000108.589667
PID_0Dh,28,1596000109.0893302
PID_0Dh,26,1596000111.6902
PID_0Dh,27,1596000112.189892
PID_0Dh,31,1596000113.287956
PID_0Dh,31,1596000113.3898966
PID_0Dh,32,1596000113.5870109
PID_0Dh,30,1596000116.0891
PID_0Dh,27,1596000116.8881862
PID_0Dh,29,1596000123.2895439
PID_0Dh,29,1596000123.490195
PID_0Dh,34,1596000126.488385
PID_0Dh,34,1596000126.58714
PID_0Dh,35,1596000129.187571
PID_0Dh,35,1596000130.687069
PID_0Dh,35,1596000131.088015
PID_0Dh,35,1596000131.186734
PID_0Dh,35,1596000131.489394
PID_0Dh,35,1596000131.788358
PID_0Dh,34,1596000132.6893902
PID_0Dh,28,1596000134.9875011
PID_0Dh,20,1596000137.4896538
PID_0Dh,23,1596000139.6891189
PID_0Dh,33,1596000141.987356
PID_0Dh,34,1596000142.388326
PID_0Dh,36,1596000143.289325
